Employee_ID,Employee_Name,Current_Position,Grade,Department,Performance_Rating,KF_Category,KF_Dimension,Scale_Type,Score
LTM1011,Anahita Borde,Vice President - Finance,E1,Finance & Accounting,4.9,Strategic Thinking,Strategic Vision,ordinal_4,3.0
LTM1011,Anahita Borde,Vice President - Finance,E1,Finance & Accounting,4.9,Strategic Thinking,Business Acumen,ordinal_4,3.0
LTM1011,Anahita Borde,Vice President - Finance,E1,Finance & Accounting,4.9,Strategic Thinking,Market and External Awareness,ordinal_4,3.0
LTM1011,Anahita Borde,Vice President - Finance,E1,Finance & Accounting,4.9,Operational Excellence,Drive for Results,ordinal_4,4.0
LTM1011,Anahita Borde,Vice President - Finance,E1,Finance & Accounting,4.9,Operational Excellence,Process Optimization,ordinal_4,3.0
LTM1011,Anahita Borde,Vice President - Finance,E1,Finance & Accounting,4.9,Operational Excellence,Quality Focus,ordinal_4,3.0
LTM1011,Anahita Borde,Vice President - Finance,E1,Finance & Accounting,4.9,Decision Effectiveness,Analytical Thinking,ordinal_4,4.0
LTM1011,Anahita Borde,Vice President - Finance,E1,Finance & Accounting,4.9,Decision Effectiveness,Sound Judgment,ordinal_4,4.0
LTM1011,Anahita Borde,Vice President - Finance,E1,Finance & Accounting,4.9,Decision Effectiveness,Decisiveness Under Uncertainty,ordinal_4,4.0
LTM1011,Anahita Borde,Vice President - Finance,E1,Finance & Accounting,4.9,People Leadership,Develops Talent,ordinal_4,3.0
LTM1011,Anahita Borde,Vice President - Finance,E1,Finance & Accounting,4.9,People Leadership,Builds Effective Teams,ordinal_4,4.0
LTM1011,Anahita Borde,Vice President - Finance,E1,Finance & Accounting,4.9,People Leadership,Coaching Others,ordinal_4,3.0
LTM1011,Anahita Borde,Vice President - Finance,E1,Finance & Accounting,4.9,Leading Change,Change Sponsorship,ordinal_4,3.0
LTM1011,Anahita Borde,Vice President - Finance,E1,Finance & Accounting,4.9,Leading Change,Adaptability,ordinal_4,4.0
LTM1011,Anahita Borde,Vice President - Finance,E1,Finance & Accounting,4.9,Leading Change,Resilience,ordinal_4,3.0
LTM1011,Anahita Borde,Vice President - Finance,E1,Finance & Accounting,4.9,Stakeholder Engagement,Builds Trust,ordinal_4,3.0
LTM1011,Anahita Borde,Vice President - Finance,E1,Finance & Accounting,4.9,Stakeholder Engagement,Customer Focus,ordinal_4,3.0
LTM1011,Anahita Borde,Vice President - Finance,E1,Finance & Accounting,4.9,Stakeholder Engagement,Influences Others,ordinal_4,3.0
LTM1011,Anahita Borde,Vice President - Finance,E1,Finance & Accounting,4.9,Positivity,Optimism,scale_100,70.0
LTM1011,Anahita Borde,Vice President - Finance,E1,Finance & Accounting,4.9,Positivity,Situational Self-Awareness,scale_100,61.0
LTM1011,Anahita Borde,Vice President - Finance,E1,Finance & Accounting,4.9,Positivity,Composure,scale_100,60.0
LTM1011,Anahita Borde,Vice President - Finance,E1,Finance & Accounting,4.9,Striving,Credibility,scale_100,55.0
LTM1011,Anahita Borde,Vice President - Finance,E1,Finance & Accounting,4.9,Striving,Confidence,scale_100,74.0
LTM1011,Anahita Borde,Vice President - Finance,E1,Finance & Accounting,4.9,Striving,Need for Achievement,scale_100,60.0
LTM1011,Anahita Borde,Vice President - Finance,E1,Finance & Accounting,4.9,Striving,Persistence,scale_100,57.0
LTM1011,Anahita Borde,Vice President - Finance,E1,Finance & Accounting,4.9,Agreeableness,Affiliation,scale_100,58.0
LTM1011,Anahita Borde,Vice President - Finance,E1,Finance & Accounting,4.9,Agreeableness,Humility,scale_100,67.0
LTM1011,Anahita Borde,Vice President - Finance,E1,Finance & Accounting,4.9,Agreeableness,Trust,scale_100,65.0
LTM1011,Anahita Borde,Vice President - Finance,E1,Finance & Accounting,4.9,Agreeableness,Openness to Differences,scale_100,66.0
LTM1011,Anahita Borde,Vice President - Finance,E1,Finance & Accounting,4.9,Agility,Focus,scale_100,66.0
LTM1011,Anahita Borde,Vice President - Finance,E1,Finance & Accounting,4.9,Agility,Curiosity,scale_100,83.0
LTM1011,Anahita Borde,Vice President - Finance,E1,Finance & Accounting,4.9,Agility,Adaptability,scale_100,58.0
LTM1011,Anahita Borde,Vice President - Finance,E1,Finance & Accounting,4.9,Agility,Risk Taking,scale_100,56.0
LTM1011,Anahita Borde,Vice President - Finance,E1,Finance & Accounting,4.9,Agility,Tolerance of Ambiguity,scale_100,53.0
LTM1011,Anahita Borde,Vice President - Finance,E1,Finance & Accounting,4.9,Presence,Empathy,scale_100,68.0
LTM1011,Anahita Borde,Vice President - Finance,E1,Finance & Accounting,4.9,Presence,Assertiveness,scale_100,73.0
LTM1011,Anahita Borde,Vice President - Finance,E1,Finance & Accounting,4.9,Presence,Sociability,scale_100,60.0
LTM1011,Anahita Borde,Vice President - Finance,E1,Finance & Accounting,4.9,Presence,Influence,scale_100,53.0
LTM1011,Anahita Borde,Vice President - Finance,E1,Finance & Accounting,4.9,Learning Agility,Mental Agility,scale_10,6.5
LTM1011,Anahita Borde,Vice President - Finance,E1,Finance & Accounting,4.9,Learning Agility,People Agility,scale_10,7.6
LTM1011,Anahita Borde,Vice President - Finance,E1,Finance & Accounting,4.9,Learning Agility,Change Agility,scale_10,7.7
LTM1011,Anahita Borde,Vice President - Finance,E1,Finance & Accounting,4.9,Learning Agility,Results Agility,scale_10,7.6
LTM1011,Anahita Borde,Vice President - Finance,E1,Finance & Accounting,4.9,Learning Agility,Situational Self-Awareness,scale_10,6.6
LTM1011,Anahita Borde,Vice President - Finance,E1,Finance & Accounting,4.9,Drivers,Balance,drivers_60,42.0
LTM1011,Anahita Borde,Vice President - Finance,E1,Finance & Accounting,4.9,Drivers,Collaboration,drivers_60,41.0
LTM1011,Anahita Borde,Vice President - Finance,E1,Finance & Accounting,4.9,Drivers,Power,drivers_60,42.0
LTM1011,Anahita Borde,Vice President - Finance,E1,Finance & Accounting,4.9,Drivers,Challenge,drivers_60,46.0
LTM1011,Anahita Borde,Vice President - Finance,E1,Finance & Accounting,4.9,Drivers,Structure,drivers_60,42.0
LTM1011,Anahita Borde,Vice President - Finance,E1,Finance & Accounting,4.9,Drivers,Independence,drivers_60,45.0
LTM1011,Anahita Borde,Vice President - Finance,E1,Finance & Accounting,4.9,Risk Factor,Avoidant,risk_10,2.2
LTM1011,Anahita Borde,Vice President - Finance,E1,Finance & Accounting,4.9,Risk Factor,Closed,risk_10,2.4
LTM1011,Anahita Borde,Vice President - Finance,E1,Finance & Accounting,4.9,Risk Factor,Defensive,risk_10,2.7
LTM1011,Anahita Borde,Vice President - Finance,E1,Finance & Accounting,4.9,Risk Factor,Egotistic,risk_10,1.0
LTM1011,Anahita Borde,Vice President - Finance,E1,Finance & Accounting,4.9,Risk Factor,Micro Managing,risk_10,1.8
LTM1011,Anahita Borde,Vice President - Finance,E1,Finance & Accounting,4.9,Risk Factor,Opportunistic,risk_10,1.7
LTM1011,Anahita Borde,Vice President - Finance,E1,Finance & Accounting,4.9,Risk Factor,Restrained,risk_10,1.5
LTM1011,Anahita Borde,Vice President - Finance,E1,Finance & Accounting,4.9,Risk Factor,Social Pleaser,risk_10,1.9
LTM1011,Anahita Borde,Vice President - Finance,E1,Finance & Accounting,4.9,Risk Factor,Solitary,risk_10,3.4
LTM1011,Anahita Borde,Vice President - Finance,E1,Finance & Accounting,4.9,Risk Factor,Suspicious,risk_10,1.3
LTM1011,Anahita Borde,Vice President - Finance,E1,Finance & Accounting,4.9,Risk Factor,Volatile,risk_10,3.0
LTM1001,Mehul Dixit,Senior Director - Sales,E2,Sales & Business Development,4.7,Strategic Thinking,Strategic Vision,ordinal_4,2.0
LTM1001,Mehul Dixit,Senior Director - Sales,E2,Sales & Business Development,4.7,Strategic Thinking,Business Acumen,ordinal_4,3.0
LTM1001,Mehul Dixit,Senior Director - Sales,E2,Sales & Business Development,4.7,Strategic Thinking,Market and External Awareness,ordinal_4,3.0
LTM1001,Mehul Dixit,Senior Director - Sales,E2,Sales & Business Development,4.7,Operational Excellence,Drive for Results,ordinal_4,3.0
LTM1001,Mehul Dixit,Senior Director - Sales,E2,Sales & Business Development,4.7,Operational Excellence,Process Optimization,ordinal_4,3.0
LTM1001,Mehul Dixit,Senior Director - Sales,E2,Sales & Business Development,4.7,Operational Excellence,Quality Focus,ordinal_4,3.0
LTM1001,Mehul Dixit,Senior Director - Sales,E2,Sales & Business Development,4.7,Decision Effectiveness,Analytical Thinking,ordinal_4,3.0
LTM1001,Mehul Dixit,Senior Director - Sales,E2,Sales & Business Development,4.7,Decision Effectiveness,Sound Judgment,ordinal_4,3.0
LTM1001,Mehul Dixit,Senior Director - Sales,E2,Sales & Business Development,4.7,Decision Effectiveness,Decisiveness Under Uncertainty,ordinal_4,3.0
LTM1001,Mehul Dixit,Senior Director - Sales,E2,Sales & Business Development,4.7,People Leadership,Develops Talent,ordinal_4,3.0
LTM1001,Mehul Dixit,Senior Director - Sales,E2,Sales & Business Development,4.7,People Leadership,Builds Effective Teams,ordinal_4,3.0
LTM1001,Mehul Dixit,Senior Director - Sales,E2,Sales & Business Development,4.7,People Leadership,Coaching Others,ordinal_4,3.0
LTM1001,Mehul Dixit,Senior Director - Sales,E2,Sales & Business Development,4.7,Leading Change,Change Sponsorship,ordinal_4,3.0
LTM1001,Mehul Dixit,Senior Director - Sales,E2,Sales & Business Development,4.7,Leading Change,Adaptability,ordinal_4,3.0
LTM1001,Mehul Dixit,Senior Director - Sales,E2,Sales & Business Development,4.7,Leading Change,Resilience,ordinal_4,3.0
LTM1001,Mehul Dixit,Senior Director - Sales,E2,Sales & Business Development,4.7,Stakeholder Engagement,Builds Trust,ordinal_4,4.0
LTM1001,Mehul Dixit,Senior Director - Sales,E2,Sales & Business Development,4.7,Stakeholder Engagement,Customer Focus,ordinal_4,3.0
LTM1001,Mehul Dixit,Senior Director - Sales,E2,Sales & Business Development,4.7,Stakeholder Engagement,Influences Others,ordinal_4,4.0
LTM1001,Mehul Dixit,Senior Director - Sales,E2,Sales & Business Development,4.7,Positivity,Optimism,scale_100,64.0
LTM1001,Mehul Dixit,Senior Director - Sales,E2,Sales & Business Development,4.7,Positivity,Situational Self-Awareness,scale_100,55.0
LTM1001,Mehul Dixit,Senior Director - Sales,E2,Sales & Business Development,4.7,Positivity,Composure,scale_100,62.0
LTM1001,Mehul Dixit,Senior Director - Sales,E2,Sales & Business Development,4.7,Striving,Credibility,scale_100,57.0
LTM1001,Mehul Dixit,Senior Director - Sales,E2,Sales & Business Development,4.7,Striving,Confidence,scale_100,60.0
LTM1001,Mehul Dixit,Senior Director - Sales,E2,Sales & Business Development,4.7,Striving,Need for Achievement,scale_100,60.0
LTM1001,Mehul Dixit,Senior Director - Sales,E2,Sales & Business Development,4.7,Striving,Persistence,scale_100,52.0
LTM1001,Mehul Dixit,Senior Director - Sales,E2,Sales & Business Development,4.7,Agreeableness,Affiliation,scale_100,63.0
LTM1001,Mehul Dixit,Senior Director - Sales,E2,Sales & Business Development,4.7,Agreeableness,Humility,scale_100,53.0
LTM1001,Mehul Dixit,Senior Director - Sales,E2,Sales & Business Development,4.7,Agreeableness,Trust,scale_100,58.0
LTM1001,Mehul Dixit,Senior Director - Sales,E2,Sales & Business Development,4.7,Agreeableness,Openness to Differences,scale_100,63.0
LTM1001,Mehul Dixit,Senior Director - Sales,E2,Sales & Business Development,4.7,Agility,Focus,scale_100,62.0
LTM1001,Mehul Dixit,Senior Director - Sales,E2,Sales & Business Development,4.7,Agility,Curiosity,scale_100,64.0
LTM1001,Mehul Dixit,Senior Director - Sales,E2,Sales & Business Development,4.7,Agility,Adaptability,scale_100,57.0
LTM1001,Mehul Dixit,Senior Director - Sales,E2,Sales & Business Development,4.7,Agility,Risk Taking,scale_100,54.0
LTM1001,Mehul Dixit,Senior Director - Sales,E2,Sales & Business Development,4.7,Agility,Tolerance of Ambiguity,scale_100,57.0
LTM1001,Mehul Dixit,Senior Director - Sales,E2,Sales & Business Development,4.7,Presence,Empathy,scale_100,47.0
LTM1001,Mehul Dixit,Senior Director - Sales,E2,Sales & Business Development,4.7,Presence,Assertiveness,scale_100,49.0
LTM1001,Mehul Dixit,Senior Director - Sales,E2,Sales & Business Development,4.7,Presence,Sociability,scale_100,51.0
LTM1001,Mehul Dixit,Senior Director - Sales,E2,Sales & Business Development,4.7,Presence,Influence,scale_100,54.0
LTM1001,Mehul Dixit,Senior Director - Sales,E2,Sales & Business Development,4.7,Learning Agility,Mental Agility,scale_10,6.9
LTM1001,Mehul Dixit,Senior Director - Sales,E2,Sales & Business Development,4.7,Learning Agility,People Agility,scale_10,5.9
LTM1001,Mehul Dixit,Senior Director - Sales,E2,Sales & Business Development,4.7,Learning Agility,Change Agility,scale_10,6.3
LTM1001,Mehul Dixit,Senior Director - Sales,E2,Sales & Business Development,4.7,Learning Agility,Results Agility,scale_10,7.7
LTM1001,Mehul Dixit,Senior Director - Sales,E2,Sales & Business Development,4.7,Learning Agility,Situational Self-Awareness,scale_10,6.3
LTM1001,Mehul Dixit,Senior Director - Sales,E2,Sales & Business Development,4.7,Drivers,Balance,drivers_60,47.0
LTM1001,Mehul Dixit,Senior Director - Sales,E2,Sales & Business Development,4.7,Drivers,Collaboration,drivers_60,35.0
LTM1001,Mehul Dixit,Senior Director - Sales,E2,Sales & Business Development,4.7,Drivers,Power,drivers_60,40.0
LTM1001,Mehul Dixit,Senior Director - Sales,E2,Sales & Business Development,4.7,Drivers,Challenge,drivers_60,35.0
LTM1001,Mehul Dixit,Senior Director - Sales,E2,Sales & Business Development,4.7,Drivers,Structure,drivers_60,39.0
LTM1001,Mehul Dixit,Senior Director - Sales,E2,Sales & Business Development,4.7,Drivers,Independence,drivers_60,47.0
LTM1001,Mehul Dixit,Senior Director - Sales,E2,Sales & Business Development,4.7,Risk Factor,Avoidant,risk_10,1.3
LTM1001,Mehul Dixit,Senior Director - Sales,E2,Sales & Business Development,4.7,Risk Factor,Closed,risk_10,3.2
LTM1001,Mehul Dixit,Senior Director - Sales,E2,Sales & Business Development,4.7,Risk Factor,Defensive,risk_10,3.0
LTM1001,Mehul Dixit,Senior Director - Sales,E2,Sales & Business Development,4.7,Risk Factor,Egotistic,risk_10,2.3
LTM1001,Mehul Dixit,Senior Director - Sales,E2,Sales & Business Development,4.7,Risk Factor,Micro Managing,risk_10,1.5
LTM1001,Mehul Dixit,Senior Director - Sales,E2,Sales & Business Development,4.7,Risk Factor,Opportunistic,risk_10,2.9
LTM1001,Mehul Dixit,Senior Director - Sales,E2,Sales & Business Development,4.7,Risk Factor,Restrained,risk_10,2.3
LTM1001,Mehul Dixit,Senior Director - Sales,E2,Sales & Business Development,4.7,Risk Factor,Social Pleaser,risk_10,3.0
LTM1001,Mehul Dixit,Senior Director - Sales,E2,Sales & Business Development,4.7,Risk Factor,Solitary,risk_10,2.8
LTM1001,Mehul Dixit,Senior Director - Sales,E2,Sales & Business Development,4.7,Risk Factor,Suspicious,risk_10,4.3
LTM1001,Mehul Dixit,Senior Director - Sales,E2,Sales & Business Development,4.7,Risk Factor,Volatile,risk_10,2.6
LTM1004,Armaan Garg,Vice President - Product Management,E1,Technology & Engineering,4.4,Strategic Thinking,Strategic Vision,ordinal_4,2.0
LTM1004,Armaan Garg,Vice President - Product Management,E1,Technology & Engineering,4.4,Strategic Thinking,Business Acumen,ordinal_4,2.0
LTM1004,Armaan Garg,Vice President - Product Management,E1,Technology & Engineering,4.4,Strategic Thinking,Market and External Awareness,ordinal_4,2.0
LTM1004,Armaan Garg,Vice President - Product Management,E1,Technology & Engineering,4.4,Operational Excellence,Drive for Results,ordinal_4,3.0
LTM1004,Armaan Garg,Vice President - Product Management,E1,Technology & Engineering,4.4,Operational Excellence,Process Optimization,ordinal_4,3.0
LTM1004,Armaan Garg,Vice President - Product Management,E1,Technology & Engineering,4.4,Operational Excellence,Quality Focus,ordinal_4,3.0
LTM1004,Armaan Garg,Vice President - Product Management,E1,Technology & Engineering,4.4,Decision Effectiveness,Analytical Thinking,ordinal_4,2.0
LTM1004,Armaan Garg,Vice President - Product Management,E1,Technology & Engineering,4.4,Decision Effectiveness,Sound Judgment,ordinal_4,2.0
LTM1004,Armaan Garg,Vice President - Product Management,E1,Technology & Engineering,4.4,Decision Effectiveness,Decisiveness Under Uncertainty,ordinal_4,2.0
LTM1004,Armaan Garg,Vice President - Product Management,E1,Technology & Engineering,4.4,People Leadership,Develops Talent,ordinal_4,2.0
LTM1004,Armaan Garg,Vice President - Product Management,E1,Technology & Engineering,4.4,People Leadership,Builds Effective Teams,ordinal_4,2.0
LTM1004,Armaan Garg,Vice President - Product Management,E1,Technology & Engineering,4.4,People Leadership,Coaching Others,ordinal_4,2.0
LTM1004,Armaan Garg,Vice President - Product Management,E1,Technology & Engineering,4.4,Leading Change,Change Sponsorship,ordinal_4,2.0
LTM1004,Armaan Garg,Vice President - Product Management,E1,Technology & Engineering,4.4,Leading Change,Adaptability,ordinal_4,2.0
LTM1004,Armaan Garg,Vice President - Product Management,E1,Technology & Engineering,4.4,Leading Change,Resilience,ordinal_4,2.0
LTM1004,Armaan Garg,Vice President - Product Management,E1,Technology & Engineering,4.4,Stakeholder Engagement,Builds Trust,ordinal_4,2.0
LTM1004,Armaan Garg,Vice President - Product Management,E1,Technology & Engineering,4.4,Stakeholder Engagement,Customer Focus,ordinal_4,2.0
LTM1004,Armaan Garg,Vice President - Product Management,E1,Technology & Engineering,4.4,Stakeholder Engagement,Influences Others,ordinal_4,2.0
LTM1004,Armaan Garg,Vice President - Product Management,E1,Technology & Engineering,4.4,Positivity,Optimism,scale_100,68.0
LTM1004,Armaan Garg,Vice President - Product Management,E1,Technology & Engineering,4.4,Positivity,Situational Self-Awareness,scale_100,77.0
LTM1004,Armaan Garg,Vice President - Product Management,E1,Technology & Engineering,4.4,Positivity,Composure,scale_100,52.0
LTM1004,Armaan Garg,Vice President - Product Management,E1,Technology & Engineering,4.4,Striving,Credibility,scale_100,38.0
LTM1004,Armaan Garg,Vice President - Product Management,E1,Technology & Engineering,4.4,Striving,Confidence,scale_100,27.0
LTM1004,Armaan Garg,Vice President - Product Management,E1,Technology & Engineering,4.4,Striving,Need for Achievement,scale_100,51.0
LTM1004,Armaan Garg,Vice President - Product Management,E1,Technology & Engineering,4.4,Striving,Persistence,scale_100,40.0
LTM1004,Armaan Garg,Vice President - Product Management,E1,Technology & Engineering,4.4,Agreeableness,Affiliation,scale_100,44.0
LTM1004,Armaan Garg,Vice President - Product Management,E1,Technology & Engineering,4.4,Agreeableness,Humility,scale_100,42.0
LTM1004,Armaan Garg,Vice President - Product Management,E1,Technology & Engineering,4.4,Agreeableness,Trust,scale_100,46.0
LTM1004,Armaan Garg,Vice President - Product Management,E1,Technology & Engineering,4.4,Agreeableness,Openness to Differences,scale_100,58.0
LTM1004,Armaan Garg,Vice President - Product Management,E1,Technology & Engineering,4.4,Agility,Focus,scale_100,55.0
LTM1004,Armaan Garg,Vice President - Product Management,E1,Technology & Engineering,4.4,Agility,Curiosity,scale_100,52.0
LTM1004,Armaan Garg,Vice President - Product Management,E1,Technology & Engineering,4.4,Agility,Adaptability,scale_100,43.0
LTM1004,Armaan Garg,Vice President - Product Management,E1,Technology & Engineering,4.4,Agility,Risk Taking,scale_100,37.0
LTM1004,Armaan Garg,Vice President - Product Management,E1,Technology & Engineering,4.4,Agility,Tolerance of Ambiguity,scale_100,49.0
LTM1004,Armaan Garg,Vice President - Product Management,E1,Technology & Engineering,4.4,Presence,Empathy,scale_100,47.0
LTM1004,Armaan Garg,Vice President - Product Management,E1,Technology & Engineering,4.4,Presence,Assertiveness,scale_100,66.0
LTM1004,Armaan Garg,Vice President - Product Management,E1,Technology & Engineering,4.4,Presence,Sociability,scale_100,49.0
LTM1004,Armaan Garg,Vice President - Product Management,E1,Technology & Engineering,4.4,Presence,Influence,scale_100,58.0
LTM1004,Armaan Garg,Vice President - Product Management,E1,Technology & Engineering,4.4,Learning Agility,Mental Agility,scale_10,5.5
LTM1004,Armaan Garg,Vice President - Product Management,E1,Technology & Engineering,4.4,Learning Agility,People Agility,scale_10,4.9
LTM1004,Armaan Garg,Vice President - Product Management,E1,Technology & Engineering,4.4,Learning Agility,Change Agility,scale_10,5.1
LTM1004,Armaan Garg,Vice President - Product Management,E1,Technology & Engineering,4.4,Learning Agility,Results Agility,scale_10,5.3
LTM1004,Armaan Garg,Vice President - Product Management,E1,Technology & Engineering,4.4,Learning Agility,Situational Self-Awareness,scale_10,7.6
LTM1004,Armaan Garg,Vice President - Product Management,E1,Technology & Engineering,4.4,Drivers,Balance,drivers_60,22.0
LTM1004,Armaan Garg,Vice President - Product Management,E1,Technology & Engineering,4.4,Drivers,Collaboration,drivers_60,34.0
LTM1004,Armaan Garg,Vice President - Product Management,E1,Technology & Engineering,4.4,Drivers,Power,drivers_60,21.0
LTM1004,Armaan Garg,Vice President - Product Management,E1,Technology & Engineering,4.4,Drivers,Challenge,drivers_60,34.0
LTM1004,Armaan Garg,Vice President - Product Management,E1,Technology & Engineering,4.4,Drivers,Structure,drivers_60,30.0
LTM1004,Armaan Garg,Vice President - Product Management,E1,Technology & Engineering,4.4,Drivers,Independence,drivers_60,27.0
LTM1004,Armaan Garg,Vice President - Product Management,E1,Technology & Engineering,4.4,Risk Factor,Avoidant,risk_10,4.3
LTM1004,Armaan Garg,Vice President - Product Management,E1,Technology & Engineering,4.4,Risk Factor,Closed,risk_10,3.7
LTM1004,Armaan Garg,Vice President - Product Management,E1,Technology & Engineering,4.4,Risk Factor,Defensive,risk_10,4.7
LTM1004,Armaan Garg,Vice President - Product Management,E1,Technology & Engineering,4.4,Risk Factor,Egotistic,risk_10,3.9
LTM1004,Armaan Garg,Vice President - Product Management,E1,Technology & Engineering,4.4,Risk Factor,Micro Managing,risk_10,3.2
LTM1004,Armaan Garg,Vice President - Product Management,E1,Technology & Engineering,4.4,Risk Factor,Opportunistic,risk_10,3.1
LTM1004,Armaan Garg,Vice President - Product Management,E1,Technology & Engineering,4.4,Risk Factor,Restrained,risk_10,4.4
LTM1004,Armaan Garg,Vice President - Product Management,E1,Technology & Engineering,4.4,Risk Factor,Social Pleaser,risk_10,5.7
LTM1004,Armaan Garg,Vice President - Product Management,E1,Technology & Engineering,4.4,Risk Factor,Solitary,risk_10,4.4
LTM1004,Armaan Garg,Vice President - Product Management,E1,Technology & Engineering,4.4,Risk Factor,Suspicious,risk_10,4.2
LTM1004,Armaan Garg,Vice President - Product Management,E1,Technology & Engineering,4.4,Risk Factor,Volatile,risk_10,4.5
LTM1003,Shlok Seth,Director - Enterprise Applications,E2,Technology & Engineering,4.6,Strategic Thinking,Strategic Vision,ordinal_4,3.0
LTM1003,Shlok Seth,Director - Enterprise Applications,E2,Technology & Engineering,4.6,Strategic Thinking,Business Acumen,ordinal_4,3.0
LTM1003,Shlok Seth,Director - Enterprise Applications,E2,Technology & Engineering,4.6,Strategic Thinking,Market and External Awareness,ordinal_4,3.0
LTM1003,Shlok Seth,Director - Enterprise Applications,E2,Technology & Engineering,4.6,Operational Excellence,Drive for Results,ordinal_4,4.0
LTM1003,Shlok Seth,Director - Enterprise Applications,E2,Technology & Engineering,4.6,Operational Excellence,Process Optimization,ordinal_4,3.0
LTM1003,Shlok Seth,Director - Enterprise Applications,E2,Technology & Engineering,4.6,Operational Excellence,Quality Focus,ordinal_4,4.0
LTM1003,Shlok Seth,Director - Enterprise Applications,E2,Technology & Engineering,4.6,Decision Effectiveness,Analytical Thinking,ordinal_4,3.0
LTM1003,Shlok Seth,Director - Enterprise Applications,E2,Technology & Engineering,4.6,Decision Effectiveness,Sound Judgment,ordinal_4,2.0
LTM1003,Shlok Seth,Director - Enterprise Applications,E2,Technology & Engineering,4.6,Decision Effectiveness,Decisiveness Under Uncertainty,ordinal_4,2.0
LTM1003,Shlok Seth,Director - Enterprise Applications,E2,Technology & Engineering,4.6,People Leadership,Develops Talent,ordinal_4,3.0
LTM1003,Shlok Seth,Director - Enterprise Applications,E2,Technology & Engineering,4.6,People Leadership,Builds Effective Teams,ordinal_4,3.0
LTM1003,Shlok Seth,Director - Enterprise Applications,E2,Technology & Engineering,4.6,People Leadership,Coaching Others,ordinal_4,3.0
LTM1003,Shlok Seth,Director - Enterprise Applications,E2,Technology & Engineering,4.6,Leading Change,Change Sponsorship,ordinal_4,3.0
LTM1003,Shlok Seth,Director - Enterprise Applications,E2,Technology & Engineering,4.6,Leading Change,Adaptability,ordinal_4,3.0
LTM1003,Shlok Seth,Director - Enterprise Applications,E2,Technology & Engineering,4.6,Leading Change,Resilience,ordinal_4,2.0
LTM1003,Shlok Seth,Director - Enterprise Applications,E2,Technology & Engineering,4.6,Stakeholder Engagement,Builds Trust,ordinal_4,2.0
LTM1003,Shlok Seth,Director - Enterprise Applications,E2,Technology & Engineering,4.6,Stakeholder Engagement,Customer Focus,ordinal_4,3.0
LTM1003,Shlok Seth,Director - Enterprise Applications,E2,Technology & Engineering,4.6,Stakeholder Engagement,Influences Others,ordinal_4,3.0
LTM1003,Shlok Seth,Director - Enterprise Applications,E2,Technology & Engineering,4.6,Positivity,Optimism,scale_100,55.0
LTM1003,Shlok Seth,Director - Enterprise Applications,E2,Technology & Engineering,4.6,Positivity,Situational Self-Awareness,scale_100,53.0
LTM1003,Shlok Seth,Director - Enterprise Applications,E2,Technology & Engineering,4.6,Positivity,Composure,scale_100,58.0
LTM1003,Shlok Seth,Director - Enterprise Applications,E2,Technology & Engineering,4.6,Striving,Credibility,scale_100,69.0
LTM1003,Shlok Seth,Director - Enterprise Applications,E2,Technology & Engineering,4.6,Striving,Confidence,scale_100,56.0
LTM1003,Shlok Seth,Director - Enterprise Applications,E2,Technology & Engineering,4.6,Striving,Need for Achievement,scale_100,61.0
LTM1003,Shlok Seth,Director - Enterprise Applications,E2,Technology & Engineering,4.6,Striving,Persistence,scale_100,34.0
LTM1003,Shlok Seth,Director - Enterprise Applications,E2,Technology & Engineering,4.6,Agreeableness,Affiliation,scale_100,55.0
LTM1003,Shlok Seth,Director - Enterprise Applications,E2,Technology & Engineering,4.6,Agreeableness,Humility,scale_100,47.0
LTM1003,Shlok Seth,Director - Enterprise Applications,E2,Technology & Engineering,4.6,Agreeableness,Trust,scale_100,43.0
LTM1003,Shlok Seth,Director - Enterprise Applications,E2,Technology & Engineering,4.6,Agreeableness,Openness to Differences,scale_100,46.0
LTM1003,Shlok Seth,Director - Enterprise Applications,E2,Technology & Engineering,4.6,Agility,Focus,scale_100,58.0
LTM1003,Shlok Seth,Director - Enterprise Applications,E2,Technology & Engineering,4.6,Agility,Curiosity,scale_100,70.0
LTM1003,Shlok Seth,Director - Enterprise Applications,E2,Technology & Engineering,4.6,Agility,Adaptability,scale_100,48.0
LTM1003,Shlok Seth,Director - Enterprise Applications,E2,Technology & Engineering,4.6,Agility,Risk Taking,scale_100,61.0
LTM1003,Shlok Seth,Director - Enterprise Applications,E2,Technology & Engineering,4.6,Agility,Tolerance of Ambiguity,scale_100,56.0
LTM1003,Shlok Seth,Director - Enterprise Applications,E2,Technology & Engineering,4.6,Presence,Empathy,scale_100,52.0
LTM1003,Shlok Seth,Director - Enterprise Applications,E2,Technology & Engineering,4.6,Presence,Assertiveness,scale_100,65.0
LTM1003,Shlok Seth,Director - Enterprise Applications,E2,Technology & Engineering,4.6,Presence,Sociability,scale_100,60.0
LTM1003,Shlok Seth,Director - Enterprise Applications,E2,Technology & Engineering,4.6,Presence,Influence,scale_100,68.0
LTM1003,Shlok Seth,Director - Enterprise Applications,E2,Technology & Engineering,4.6,Learning Agility,Mental Agility,scale_10,6.7
LTM1003,Shlok Seth,Director - Enterprise Applications,E2,Technology & Engineering,4.6,Learning Agility,People Agility,scale_10,6.3
LTM1003,Shlok Seth,Director - Enterprise Applications,E2,Technology & Engineering,4.6,Learning Agility,Change Agility,scale_10,6.7
LTM1003,Shlok Seth,Director - Enterprise Applications,E2,Technology & Engineering,4.6,Learning Agility,Results Agility,scale_10,7.0
LTM1003,Shlok Seth,Director - Enterprise Applications,E2,Technology & Engineering,4.6,Learning Agility,Situational Self-Awareness,scale_10,7.0
LTM1003,Shlok Seth,Director - Enterprise Applications,E2,Technology & Engineering,4.6,Drivers,Balance,drivers_60,26.0
LTM1003,Shlok Seth,Director - Enterprise Applications,E2,Technology & Engineering,4.6,Drivers,Collaboration,drivers_60,35.0
LTM1003,Shlok Seth,Director - Enterprise Applications,E2,Technology & Engineering,4.6,Drivers,Power,drivers_60,36.0
LTM1003,Shlok Seth,Director - Enterprise Applications,E2,Technology & Engineering,4.6,Drivers,Challenge,drivers_60,52.0
LTM1003,Shlok Seth,Director - Enterprise Applications,E2,Technology & Engineering,4.6,Drivers,Structure,drivers_60,47.0
LTM1003,Shlok Seth,Director - Enterprise Applications,E2,Technology & Engineering,4.6,Drivers,Independence,drivers_60,28.0
LTM1003,Shlok Seth,Director - Enterprise Applications,E2,Technology & Engineering,4.6,Risk Factor,Avoidant,risk_10,3.0
LTM1003,Shlok Seth,Director - Enterprise Applications,E2,Technology & Engineering,4.6,Risk Factor,Closed,risk_10,1.9
LTM1003,Shlok Seth,Director - Enterprise Applications,E2,Technology & Engineering,4.6,Risk Factor,Defensive,risk_10,2.7
LTM1003,Shlok Seth,Director - Enterprise Applications,E2,Technology & Engineering,4.6,Risk Factor,Egotistic,risk_10,3.5
LTM1003,Shlok Seth,Director - Enterprise Applications,E2,Technology & Engineering,4.6,Risk Factor,Micro Managing,risk_10,4.3
LTM1003,Shlok Seth,Director - Enterprise Applications,E2,Technology & Engineering,4.6,Risk Factor,Opportunistic,risk_10,2.6
LTM1003,Shlok Seth,Director - Enterprise Applications,E2,Technology & Engineering,4.6,Risk Factor,Restrained,risk_10,2.7
LTM1003,Shlok Seth,Director - Enterprise Applications,E2,Technology & Engineering,4.6,Risk Factor,Social Pleaser,risk_10,1.3
LTM1003,Shlok Seth,Director - Enterprise Applications,E2,Technology & Engineering,4.6,Risk Factor,Solitary,risk_10,3.1
LTM1003,Shlok Seth,Director - Enterprise Applications,E2,Technology & Engineering,4.6,Risk Factor,Suspicious,risk_10,2.3
LTM1003,Shlok Seth,Director - Enterprise Applications,E2,Technology & Engineering,4.6,Risk Factor,Volatile,risk_10,2.8
LTM1042,Faiyaz Chaudhry,Vice President - Operations,E1,Operations,5.0,Strategic Thinking,Strategic Vision,ordinal_4,3.0
LTM1042,Faiyaz Chaudhry,Vice President - Operations,E1,Operations,5.0,Strategic Thinking,Business Acumen,ordinal_4,3.0
LTM1042,Faiyaz Chaudhry,Vice President - Operations,E1,Operations,5.0,Strategic Thinking,Market and External Awareness,ordinal_4,3.0
LTM1042,Faiyaz Chaudhry,Vice President - Operations,E1,Operations,5.0,Operational Excellence,Drive for Results,ordinal_4,4.0
LTM1042,Faiyaz Chaudhry,Vice President - Operations,E1,Operations,5.0,Operational Excellence,Process Optimization,ordinal_4,4.0
LTM1042,Faiyaz Chaudhry,Vice President - Operations,E1,Operations,5.0,Operational Excellence,Quality Focus,ordinal_4,4.0
LTM1042,Faiyaz Chaudhry,Vice President - Operations,E1,Operations,5.0,Decision Effectiveness,Analytical Thinking,ordinal_4,4.0
LTM1042,Faiyaz Chaudhry,Vice President - Operations,E1,Operations,5.0,Decision Effectiveness,Sound Judgment,ordinal_4,4.0
LTM1042,Faiyaz Chaudhry,Vice President - Operations,E1,Operations,5.0,Decision Effectiveness,Decisiveness Under Uncertainty,ordinal_4,4.0
LTM1042,Faiyaz Chaudhry,Vice President - Operations,E1,Operations,5.0,People Leadership,Develops Talent,ordinal_4,3.0
LTM1042,Faiyaz Chaudhry,Vice President - Operations,E1,Operations,5.0,People Leadership,Builds Effective Teams,ordinal_4,3.0
LTM1042,Faiyaz Chaudhry,Vice President - Operations,E1,Operations,5.0,People Leadership,Coaching Others,ordinal_4,4.0
LTM1042,Faiyaz Chaudhry,Vice President - Operations,E1,Operations,5.0,Leading Change,Change Sponsorship,ordinal_4,4.0
LTM1042,Faiyaz Chaudhry,Vice President - Operations,E1,Operations,5.0,Leading Change,Adaptability,ordinal_4,3.0
LTM1042,Faiyaz Chaudhry,Vice President - Operations,E1,Operations,5.0,Leading Change,Resilience,ordinal_4,3.0
LTM1042,Faiyaz Chaudhry,Vice President - Operations,E1,Operations,5.0,Stakeholder Engagement,Builds Trust,ordinal_4,4.0
LTM1042,Faiyaz Chaudhry,Vice President - Operations,E1,Operations,5.0,Stakeholder Engagement,Customer Focus,ordinal_4,4.0
LTM1042,Faiyaz Chaudhry,Vice President - Operations,E1,Operations,5.0,Stakeholder Engagement,Influences Others,ordinal_4,3.0
LTM1042,Faiyaz Chaudhry,Vice President - Operations,E1,Operations,5.0,Positivity,Optimism,scale_100,63.0
LTM1042,Faiyaz Chaudhry,Vice President - Operations,E1,Operations,5.0,Positivity,Situational Self-Awareness,scale_100,51.0
LTM1042,Faiyaz Chaudhry,Vice President - Operations,E1,Operations,5.0,Positivity,Composure,scale_100,62.0
LTM1042,Faiyaz Chaudhry,Vice President - Operations,E1,Operations,5.0,Striving,Credibility,scale_100,62.0
LTM1042,Faiyaz Chaudhry,Vice President - Operations,E1,Operations,5.0,Striving,Confidence,scale_100,67.0
LTM1042,Faiyaz Chaudhry,Vice President - Operations,E1,Operations,5.0,Striving,Need for Achievement,scale_100,59.0
LTM1042,Faiyaz Chaudhry,Vice President - Operations,E1,Operations,5.0,Striving,Persistence,scale_100,69.0
LTM1042,Faiyaz Chaudhry,Vice President - Operations,E1,Operations,5.0,Agreeableness,Affiliation,scale_100,74.0
LTM1042,Faiyaz Chaudhry,Vice President - Operations,E1,Operations,5.0,Agreeableness,Humility,scale_100,66.0
LTM1042,Faiyaz Chaudhry,Vice President - Operations,E1,Operations,5.0,Agreeableness,Trust,scale_100,68.0
LTM1042,Faiyaz Chaudhry,Vice President - Operations,E1,Operations,5.0,Agreeableness,Openness to Differences,scale_100,65.0
LTM1042,Faiyaz Chaudhry,Vice President - Operations,E1,Operations,5.0,Agility,Focus,scale_100,64.0
LTM1042,Faiyaz Chaudhry,Vice President - Operations,E1,Operations,5.0,Agility,Curiosity,scale_100,57.0
LTM1042,Faiyaz Chaudhry,Vice President - Operations,E1,Operations,5.0,Agility,Adaptability,scale_100,67.0
LTM1042,Faiyaz Chaudhry,Vice President - Operations,E1,Operations,5.0,Agility,Risk Taking,scale_100,63.0
LTM1042,Faiyaz Chaudhry,Vice President - Operations,E1,Operations,5.0,Agility,Tolerance of Ambiguity,scale_100,85.0
LTM1042,Faiyaz Chaudhry,Vice President - Operations,E1,Operations,5.0,Presence,Empathy,scale_100,80.0
LTM1042,Faiyaz Chaudhry,Vice President - Operations,E1,Operations,5.0,Presence,Assertiveness,scale_100,68.0
LTM1042,Faiyaz Chaudhry,Vice President - Operations,E1,Operations,5.0,Presence,Sociability,scale_100,57.0
LTM1042,Faiyaz Chaudhry,Vice President - Operations,E1,Operations,5.0,Presence,Influence,scale_100,53.0
LTM1042,Faiyaz Chaudhry,Vice President - Operations,E1,Operations,5.0,Learning Agility,Mental Agility,scale_10,8.5
LTM1042,Faiyaz Chaudhry,Vice President - Operations,E1,Operations,5.0,Learning Agility,People Agility,scale_10,7.7
LTM1042,Faiyaz Chaudhry,Vice President - Operations,E1,Operations,5.0,Learning Agility,Change Agility,scale_10,7.9
LTM1042,Faiyaz Chaudhry,Vice President - Operations,E1,Operations,5.0,Learning Agility,Results Agility,scale_10,6.1
LTM1042,Faiyaz Chaudhry,Vice President - Operations,E1,Operations,5.0,Learning Agility,Situational Self-Awareness,scale_10,8.2
LTM1042,Faiyaz Chaudhry,Vice President - Operations,E1,Operations,5.0,Drivers,Balance,drivers_60,51.0
LTM1042,Faiyaz Chaudhry,Vice President - Operations,E1,Operations,5.0,Drivers,Collaboration,drivers_60,40.0
LTM1042,Faiyaz Chaudhry,Vice President - Operations,E1,Operations,5.0,Drivers,Power,drivers_60,44.0
LTM1042,Faiyaz Chaudhry,Vice President - Operations,E1,Operations,5.0,Drivers,Challenge,drivers_60,50.0
LTM1042,Faiyaz Chaudhry,Vice President - Operations,E1,Operations,5.0,Drivers,Structure,drivers_60,48.0
LTM1042,Faiyaz Chaudhry,Vice President - Operations,E1,Operations,5.0,Drivers,Independence,drivers_60,46.0
LTM1042,Faiyaz Chaudhry,Vice President - Operations,E1,Operations,5.0,Risk Factor,Avoidant,risk_10,1.6
LTM1042,Faiyaz Chaudhry,Vice President - Operations,E1,Operations,5.0,Risk Factor,Closed,risk_10,1.4
LTM1042,Faiyaz Chaudhry,Vice President - Operations,E1,Operations,5.0,Risk Factor,Defensive,risk_10,1.8
LTM1042,Faiyaz Chaudhry,Vice President - Operations,E1,Operations,5.0,Risk Factor,Egotistic,risk_10,3.0
LTM1042,Faiyaz Chaudhry,Vice President - Operations,E1,Operations,5.0,Risk Factor,Micro Managing,risk_10,1.0
LTM1042,Faiyaz Chaudhry,Vice President - Operations,E1,Operations,5.0,Risk Factor,Opportunistic,risk_10,1.5
LTM1042,Faiyaz Chaudhry,Vice President - Operations,E1,Operations,5.0,Risk Factor,Restrained,risk_10,1.8
LTM1042,Faiyaz Chaudhry,Vice President - Operations,E1,Operations,5.0,Risk Factor,Social Pleaser,risk_10,1.9
LTM1042,Faiyaz Chaudhry,Vice President - Operations,E1,Operations,5.0,Risk Factor,Solitary,risk_10,1.3
LTM1042,Faiyaz Chaudhry,Vice President - Operations,E1,Operations,5.0,Risk Factor,Suspicious,risk_10,1.0
LTM1042,Faiyaz Chaudhry,Vice President - Operations,E1,Operations,5.0,Risk Factor,Volatile,risk_10,2.0
LTM1054,Hrishita Bora,Vice President - Consulting,E1,Consulting,4.2,Strategic Thinking,Strategic Vision,ordinal_4,3.0
LTM1054,Hrishita Bora,Vice President - Consulting,E1,Consulting,4.2,Strategic Thinking,Business Acumen,ordinal_4,2.0
LTM1054,Hrishita Bora,Vice President - Consulting,E1,Consulting,4.2,Strategic Thinking,Market and External Awareness,ordinal_4,2.0
LTM1054,Hrishita Bora,Vice President - Consulting,E1,Consulting,4.2,Operational Excellence,Drive for Results,ordinal_4,1.0
LTM1054,Hrishita Bora,Vice President - Consulting,E1,Consulting,4.2,Operational Excellence,Process Optimization,ordinal_4,1.0
LTM1054,Hrishita Bora,Vice President - Consulting,E1,Consulting,4.2,Operational Excellence,Quality Focus,ordinal_4,1.0
LTM1054,Hrishita Bora,Vice President - Consulting,E1,Consulting,4.2,Decision Effectiveness,Analytical Thinking,ordinal_4,1.0
LTM1054,Hrishita Bora,Vice President - Consulting,E1,Consulting,4.2,Decision Effectiveness,Sound Judgment,ordinal_4,2.0
LTM1054,Hrishita Bora,Vice President - Consulting,E1,Consulting,4.2,Decision Effectiveness,Decisiveness Under Uncertainty,ordinal_4,2.0
LTM1054,Hrishita Bora,Vice President - Consulting,E1,Consulting,4.2,People Leadership,Develops Talent,ordinal_4,3.0
LTM1054,Hrishita Bora,Vice President - Consulting,E1,Consulting,4.2,People Leadership,Builds Effective Teams,ordinal_4,2.0
LTM1054,Hrishita Bora,Vice President - Consulting,E1,Consulting,4.2,People Leadership,Coaching Others,ordinal_4,2.0
LTM1054,Hrishita Bora,Vice President - Consulting,E1,Consulting,4.2,Leading Change,Change Sponsorship,ordinal_4,2.0
LTM1054,Hrishita Bora,Vice President - Consulting,E1,Consulting,4.2,Leading Change,Adaptability,ordinal_4,2.0
LTM1054,Hrishita Bora,Vice President - Consulting,E1,Consulting,4.2,Leading Change,Resilience,ordinal_4,2.0
LTM1054,Hrishita Bora,Vice President - Consulting,E1,Consulting,4.2,Stakeholder Engagement,Builds Trust,ordinal_4,2.0
LTM1054,Hrishita Bora,Vice President - Consulting,E1,Consulting,4.2,Stakeholder Engagement,Customer Focus,ordinal_4,2.0
LTM1054,Hrishita Bora,Vice President - Consulting,E1,Consulting,4.2,Stakeholder Engagement,Influences Others,ordinal_4,2.0
LTM1054,Hrishita Bora,Vice President - Consulting,E1,Consulting,4.2,Positivity,Optimism,scale_100,52.0
LTM1054,Hrishita Bora,Vice President - Consulting,E1,Consulting,4.2,Positivity,Situational Self-Awareness,scale_100,31.0
LTM1054,Hrishita Bora,Vice President - Consulting,E1,Consulting,4.2,Positivity,Composure,scale_100,50.0
LTM1054,Hrishita Bora,Vice President - Consulting,E1,Consulting,4.2,Striving,Credibility,scale_100,40.0
LTM1054,Hrishita Bora,Vice President - Consulting,E1,Consulting,4.2,Striving,Confidence,scale_100,54.0
LTM1054,Hrishita Bora,Vice President - Consulting,E1,Consulting,4.2,Striving,Need for Achievement,scale_100,50.0
LTM1054,Hrishita Bora,Vice President - Consulting,E1,Consulting,4.2,Striving,Persistence,scale_100,61.0
LTM1054,Hrishita Bora,Vice President - Consulting,E1,Consulting,4.2,Agreeableness,Affiliation,scale_100,50.0
LTM1054,Hrishita Bora,Vice President - Consulting,E1,Consulting,4.2,Agreeableness,Humility,scale_100,27.0
LTM1054,Hrishita Bora,Vice President - Consulting,E1,Consulting,4.2,Agreeableness,Trust,scale_100,42.0
LTM1054,Hrishita Bora,Vice President - Consulting,E1,Consulting,4.2,Agreeableness,Openness to Differences,scale_100,31.0
LTM1054,Hrishita Bora,Vice President - Consulting,E1,Consulting,4.2,Agility,Focus,scale_100,37.0
LTM1054,Hrishita Bora,Vice President - Consulting,E1,Consulting,4.2,Agility,Curiosity,scale_100,57.0
LTM1054,Hrishita Bora,Vice President - Consulting,E1,Consulting,4.2,Agility,Adaptability,scale_100,49.0
LTM1054,Hrishita Bora,Vice President - Consulting,E1,Consulting,4.2,Agility,Risk Taking,scale_100,35.0
LTM1054,Hrishita Bora,Vice President - Consulting,E1,Consulting,4.2,Agility,Tolerance of Ambiguity,scale_100,32.0
LTM1054,Hrishita Bora,Vice President - Consulting,E1,Consulting,4.2,Presence,Empathy,scale_100,43.0
LTM1054,Hrishita Bora,Vice President - Consulting,E1,Consulting,4.2,Presence,Assertiveness,scale_100,30.0
LTM1054,Hrishita Bora,Vice President - Consulting,E1,Consulting,4.2,Presence,Sociability,scale_100,36.0
LTM1054,Hrishita Bora,Vice President - Consulting,E1,Consulting,4.2,Presence,Influence,scale_100,45.0
LTM1054,Hrishita Bora,Vice President - Consulting,E1,Consulting,4.2,Learning Agility,Mental Agility,scale_10,5.4
LTM1054,Hrishita Bora,Vice President - Consulting,E1,Consulting,4.2,Learning Agility,People Agility,scale_10,5.0
LTM1054,Hrishita Bora,Vice President - Consulting,E1,Consulting,4.2,Learning Agility,Change Agility,scale_10,2.7
LTM1054,Hrishita Bora,Vice President - Consulting,E1,Consulting,4.2,Learning Agility,Results Agility,scale_10,4.7
LTM1054,Hrishita Bora,Vice President - Consulting,E1,Consulting,4.2,Learning Agility,Situational Self-Awareness,scale_10,4.6
LTM1054,Hrishita Bora,Vice President - Consulting,E1,Consulting,4.2,Drivers,Balance,drivers_60,26.0
LTM1054,Hrishita Bora,Vice President - Consulting,E1,Consulting,4.2,Drivers,Collaboration,drivers_60,34.0
LTM1054,Hrishita Bora,Vice President - Consulting,E1,Consulting,4.2,Drivers,Power,drivers_60,8.0
LTM1054,Hrishita Bora,Vice President - Consulting,E1,Consulting,4.2,Drivers,Challenge,drivers_60,19.0
LTM1054,Hrishita Bora,Vice President - Consulting,E1,Consulting,4.2,Drivers,Structure,drivers_60,27.0
LTM1054,Hrishita Bora,Vice President - Consulting,E1,Consulting,4.2,Drivers,Independence,drivers_60,12.0
LTM1054,Hrishita Bora,Vice President - Consulting,E1,Consulting,4.2,Risk Factor,Avoidant,risk_10,6.5
LTM1054,Hrishita Bora,Vice President - Consulting,E1,Consulting,4.2,Risk Factor,Closed,risk_10,5.5
LTM1054,Hrishita Bora,Vice President - Consulting,E1,Consulting,4.2,Risk Factor,Defensive,risk_10,5.9
LTM1054,Hrishita Bora,Vice President - Consulting,E1,Consulting,4.2,Risk Factor,Egotistic,risk_10,4.7
LTM1054,Hrishita Bora,Vice President - Consulting,E1,Consulting,4.2,Risk Factor,Micro Managing,risk_10,5.9
LTM1054,Hrishita Bora,Vice President - Consulting,E1,Consulting,4.2,Risk Factor,Opportunistic,risk_10,6.1
LTM1054,Hrishita Bora,Vice President - Consulting,E1,Consulting,4.2,Risk Factor,Restrained,risk_10,5.4
LTM1054,Hrishita Bora,Vice President - Consulting,E1,Consulting,4.2,Risk Factor,Social Pleaser,risk_10,5.4
LTM1054,Hrishita Bora,Vice President - Consulting,E1,Consulting,4.2,Risk Factor,Solitary,risk_10,5.4
LTM1054,Hrishita Bora,Vice President - Consulting,E1,Consulting,4.2,Risk Factor,Suspicious,risk_10,4.4
LTM1054,Hrishita Bora,Vice President - Consulting,E1,Consulting,4.2,Risk Factor,Volatile,risk_10,5.0
LTM1006,Vritika Agate,Chief Strategy Officer,E2,Strategy & Corporate Development,4.6,Strategic Thinking,Strategic Vision,ordinal_4,3.0
LTM1006,Vritika Agate,Chief Strategy Officer,E2,Strategy & Corporate Development,4.6,Strategic Thinking,Business Acumen,ordinal_4,3.0
LTM1006,Vritika Agate,Chief Strategy Officer,E2,Strategy & Corporate Development,4.6,Strategic Thinking,Market and External Awareness,ordinal_4,4.0
LTM1006,Vritika Agate,Chief Strategy Officer,E2,Strategy & Corporate Development,4.6,Operational Excellence,Drive for Results,ordinal_4,2.0
LTM1006,Vritika Agate,Chief Strategy Officer,E2,Strategy & Corporate Development,4.6,Operational Excellence,Process Optimization,ordinal_4,3.0
LTM1006,Vritika Agate,Chief Strategy Officer,E2,Strategy & Corporate Development,4.6,Operational Excellence,Quality Focus,ordinal_4,3.0
LTM1006,Vritika Agate,Chief Strategy Officer,E2,Strategy & Corporate Development,4.6,Decision Effectiveness,Analytical Thinking,ordinal_4,3.0
LTM1006,Vritika Agate,Chief Strategy Officer,E2,Strategy & Corporate Development,4.6,Decision Effectiveness,Sound Judgment,ordinal_4,3.0
LTM1006,Vritika Agate,Chief Strategy Officer,E2,Strategy & Corporate Development,4.6,Decision Effectiveness,Decisiveness Under Uncertainty,ordinal_4,3.0
LTM1006,Vritika Agate,Chief Strategy Officer,E2,Strategy & Corporate Development,4.6,People Leadership,Develops Talent,ordinal_4,3.0
LTM1006,Vritika Agate,Chief Strategy Officer,E2,Strategy & Corporate Development,4.6,People Leadership,Builds Effective Teams,ordinal_4,3.0
LTM1006,Vritika Agate,Chief Strategy Officer,E2,Strategy & Corporate Development,4.6,People Leadership,Coaching Others,ordinal_4,3.0
LTM1006,Vritika Agate,Chief Strategy Officer,E2,Strategy & Corporate Development,4.6,Leading Change,Change Sponsorship,ordinal_4,3.0
LTM1006,Vritika Agate,Chief Strategy Officer,E2,Strategy & Corporate Development,4.6,Leading Change,Adaptability,ordinal_4,3.0
LTM1006,Vritika Agate,Chief Strategy Officer,E2,Strategy & Corporate Development,4.6,Leading Change,Resilience,ordinal_4,3.0
LTM1006,Vritika Agate,Chief Strategy Officer,E2,Strategy & Corporate Development,4.6,Stakeholder Engagement,Builds Trust,ordinal_4,4.0
LTM1006,Vritika Agate,Chief Strategy Officer,E2,Strategy & Corporate Development,4.6,Stakeholder Engagement,Customer Focus,ordinal_4,3.0
LTM1006,Vritika Agate,Chief Strategy Officer,E2,Strategy & Corporate Development,4.6,Stakeholder Engagement,Influences Others,ordinal_4,3.0
LTM1006,Vritika Agate,Chief Strategy Officer,E2,Strategy & Corporate Development,4.6,Positivity,Optimism,scale_100,71.0
LTM1006,Vritika Agate,Chief Strategy Officer,E2,Strategy & Corporate Development,4.6,Positivity,Situational Self-Awareness,scale_100,50.0
LTM1006,Vritika Agate,Chief Strategy Officer,E2,Strategy & Corporate Development,4.6,Positivity,Composure,scale_100,56.0
LTM1006,Vritika Agate,Chief Strategy Officer,E2,Strategy & Corporate Development,4.6,Striving,Credibility,scale_100,68.0
LTM1006,Vritika Agate,Chief Strategy Officer,E2,Strategy & Corporate Development,4.6,Striving,Confidence,scale_100,39.0
LTM1006,Vritika Agate,Chief Strategy Officer,E2,Strategy & Corporate Development,4.6,Striving,Need for Achievement,scale_100,42.0
LTM1006,Vritika Agate,Chief Strategy Officer,E2,Strategy & Corporate Development,4.6,Striving,Persistence,scale_100,39.0
LTM1006,Vritika Agate,Chief Strategy Officer,E2,Strategy & Corporate Development,4.6,Agreeableness,Affiliation,scale_100,47.0
LTM1006,Vritika Agate,Chief Strategy Officer,E2,Strategy & Corporate Development,4.6,Agreeableness,Humility,scale_100,59.0
LTM1006,Vritika Agate,Chief Strategy Officer,E2,Strategy & Corporate Development,4.6,Agreeableness,Trust,scale_100,60.0
LTM1006,Vritika Agate,Chief Strategy Officer,E2,Strategy & Corporate Development,4.6,Agreeableness,Openness to Differences,scale_100,58.0
LTM1006,Vritika Agate,Chief Strategy Officer,E2,Strategy & Corporate Development,4.6,Agility,Focus,scale_100,41.0
LTM1006,Vritika Agate,Chief Strategy Officer,E2,Strategy & Corporate Development,4.6,Agility,Curiosity,scale_100,32.0
LTM1006,Vritika Agate,Chief Strategy Officer,E2,Strategy & Corporate Development,4.6,Agility,Adaptability,scale_100,56.0
LTM1006,Vritika Agate,Chief Strategy Officer,E2,Strategy & Corporate Development,4.6,Agility,Risk Taking,scale_100,50.0
LTM1006,Vritika Agate,Chief Strategy Officer,E2,Strategy & Corporate Development,4.6,Agility,Tolerance of Ambiguity,scale_100,60.0
LTM1006,Vritika Agate,Chief Strategy Officer,E2,Strategy & Corporate Development,4.6,Presence,Empathy,scale_100,62.0
LTM1006,Vritika Agate,Chief Strategy Officer,E2,Strategy & Corporate Development,4.6,Presence,Assertiveness,scale_100,56.0
LTM1006,Vritika Agate,Chief Strategy Officer,E2,Strategy & Corporate Development,4.6,Presence,Sociability,scale_100,63.0
LTM1006,Vritika Agate,Chief Strategy Officer,E2,Strategy & Corporate Development,4.6,Presence,Influence,scale_100,57.0
LTM1006,Vritika Agate,Chief Strategy Officer,E2,Strategy & Corporate Development,4.6,Learning Agility,Mental Agility,scale_10,6.7
LTM1006,Vritika Agate,Chief Strategy Officer,E2,Strategy & Corporate Development,4.6,Learning Agility,People Agility,scale_10,5.7
LTM1006,Vritika Agate,Chief Strategy Officer,E2,Strategy & Corporate Development,4.6,Learning Agility,Change Agility,scale_10,6.1
LTM1006,Vritika Agate,Chief Strategy Officer,E2,Strategy & Corporate Development,4.6,Learning Agility,Results Agility,scale_10,6.4
LTM1006,Vritika Agate,Chief Strategy Officer,E2,Strategy & Corporate Development,4.6,Learning Agility,Situational Self-Awareness,scale_10,6.9
LTM1006,Vritika Agate,Chief Strategy Officer,E2,Strategy & Corporate Development,4.6,Drivers,Balance,drivers_60,31.0
LTM1006,Vritika Agate,Chief Strategy Officer,E2,Strategy & Corporate Development,4.6,Drivers,Collaboration,drivers_60,38.0
LTM1006,Vritika Agate,Chief Strategy Officer,E2,Strategy & Corporate Development,4.6,Drivers,Power,drivers_60,32.0
LTM1006,Vritika Agate,Chief Strategy Officer,E2,Strategy & Corporate Development,4.6,Drivers,Challenge,drivers_60,33.0
LTM1006,Vritika Agate,Chief Strategy Officer,E2,Strategy & Corporate Development,4.6,Drivers,Structure,drivers_60,40.0
LTM1006,Vritika Agate,Chief Strategy Officer,E2,Strategy & Corporate Development,4.6,Drivers,Independence,drivers_60,20.0
LTM1006,Vritika Agate,Chief Strategy Officer,E2,Strategy & Corporate Development,4.6,Risk Factor,Avoidant,risk_10,2.1
LTM1006,Vritika Agate,Chief Strategy Officer,E2,Strategy & Corporate Development,4.6,Risk Factor,Closed,risk_10,1.9
LTM1006,Vritika Agate,Chief Strategy Officer,E2,Strategy & Corporate Development,4.6,Risk Factor,Defensive,risk_10,1.1
LTM1006,Vritika Agate,Chief Strategy Officer,E2,Strategy & Corporate Development,4.6,Risk Factor,Egotistic,risk_10,2.6
LTM1006,Vritika Agate,Chief Strategy Officer,E2,Strategy & Corporate Development,4.6,Risk Factor,Micro Managing,risk_10,3.9
LTM1006,Vritika Agate,Chief Strategy Officer,E2,Strategy & Corporate Development,4.6,Risk Factor,Opportunistic,risk_10,3.0
LTM1006,Vritika Agate,Chief Strategy Officer,E2,Strategy & Corporate Development,4.6,Risk Factor,Restrained,risk_10,3.4
LTM1006,Vritika Agate,Chief Strategy Officer,E2,Strategy & Corporate Development,4.6,Risk Factor,Social Pleaser,risk_10,4.2
LTM1006,Vritika Agate,Chief Strategy Officer,E2,Strategy & Corporate Development,4.6,Risk Factor,Solitary,risk_10,4.4
LTM1006,Vritika Agate,Chief Strategy Officer,E2,Strategy & Corporate Development,4.6,Risk Factor,Suspicious,risk_10,3.2
LTM1006,Vritika Agate,Chief Strategy Officer,E2,Strategy & Corporate Development,4.6,Risk Factor,Volatile,risk_10,4.5
LTM1093,Dishani Saran,Senior Director - Sales,E2,Sales & Business Development,5.0,Strategic Thinking,Strategic Vision,ordinal_4,4.0
LTM1093,Dishani Saran,Senior Director - Sales,E2,Sales & Business Development,5.0,Strategic Thinking,Business Acumen,ordinal_4,3.0
LTM1093,Dishani Saran,Senior Director - Sales,E2,Sales & Business Development,5.0,Strategic Thinking,Market and External Awareness,ordinal_4,4.0
LTM1093,Dishani Saran,Senior Director - Sales,E2,Sales & Business Development,5.0,Operational Excellence,Drive for Results,ordinal_4,3.0
LTM1093,Dishani Saran,Senior Director - Sales,E2,Sales & Business Development,5.0,Operational Excellence,Process Optimization,ordinal_4,3.0
LTM1093,Dishani Saran,Senior Director - Sales,E2,Sales & Business Development,5.0,Operational Excellence,Quality Focus,ordinal_4,4.0
LTM1093,Dishani Saran,Senior Director - Sales,E2,Sales & Business Development,5.0,Decision Effectiveness,Analytical Thinking,ordinal_4,4.0
LTM1093,Dishani Saran,Senior Director - Sales,E2,Sales & Business Development,5.0,Decision Effectiveness,Sound Judgment,ordinal_4,4.0
LTM1093,Dishani Saran,Senior Director - Sales,E2,Sales & Business Development,5.0,Decision Effectiveness,Decisiveness Under Uncertainty,ordinal_4,3.0
LTM1093,Dishani Saran,Senior Director - Sales,E2,Sales & Business Development,5.0,People Leadership,Develops Talent,ordinal_4,4.0
LTM1093,Dishani Saran,Senior Director - Sales,E2,Sales & Business Development,5.0,People Leadership,Builds Effective Teams,ordinal_4,3.0
LTM1093,Dishani Saran,Senior Director - Sales,E2,Sales & Business Development,5.0,People Leadership,Coaching Others,ordinal_4,4.0
LTM1093,Dishani Saran,Senior Director - Sales,E2,Sales & Business Development,5.0,Leading Change,Change Sponsorship,ordinal_4,4.0
LTM1093,Dishani Saran,Senior Director - Sales,E2,Sales & Business Development,5.0,Leading Change,Adaptability,ordinal_4,3.0
LTM1093,Dishani Saran,Senior Director - Sales,E2,Sales & Business Development,5.0,Leading Change,Resilience,ordinal_4,4.0
LTM1093,Dishani Saran,Senior Director - Sales,E2,Sales & Business Development,5.0,Stakeholder Engagement,Builds Trust,ordinal_4,4.0
LTM1093,Dishani Saran,Senior Director - Sales,E2,Sales & Business Development,5.0,Stakeholder Engagement,Customer Focus,ordinal_4,4.0
LTM1093,Dishani Saran,Senior Director - Sales,E2,Sales & Business Development,5.0,Stakeholder Engagement,Influences Others,ordinal_4,4.0
LTM1093,Dishani Saran,Senior Director - Sales,E2,Sales & Business Development,5.0,Positivity,Optimism,scale_100,59.0
LTM1093,Dishani Saran,Senior Director - Sales,E2,Sales & Business Development,5.0,Positivity,Situational Self-Awareness,scale_100,70.0
LTM1093,Dishani Saran,Senior Director - Sales,E2,Sales & Business Development,5.0,Positivity,Composure,scale_100,64.0
LTM1093,Dishani Saran,Senior Director - Sales,E2,Sales & Business Development,5.0,Striving,Credibility,scale_100,75.0
LTM1093,Dishani Saran,Senior Director - Sales,E2,Sales & Business Development,5.0,Striving,Confidence,scale_100,76.0
LTM1093,Dishani Saran,Senior Director - Sales,E2,Sales & Business Development,5.0,Striving,Need for Achievement,scale_100,85.0
LTM1093,Dishani Saran,Senior Director - Sales,E2,Sales & Business Development,5.0,Striving,Persistence,scale_100,69.0
LTM1093,Dishani Saran,Senior Director - Sales,E2,Sales & Business Development,5.0,Agreeableness,Affiliation,scale_100,51.0
LTM1093,Dishani Saran,Senior Director - Sales,E2,Sales & Business Development,5.0,Agreeableness,Humility,scale_100,77.0
LTM1093,Dishani Saran,Senior Director - Sales,E2,Sales & Business Development,5.0,Agreeableness,Trust,scale_100,63.0
LTM1093,Dishani Saran,Senior Director - Sales,E2,Sales & Business Development,5.0,Agreeableness,Openness to Differences,scale_100,77.0
LTM1093,Dishani Saran,Senior Director - Sales,E2,Sales & Business Development,5.0,Agility,Focus,scale_100,70.0
LTM1093,Dishani Saran,Senior Director - Sales,E2,Sales & Business Development,5.0,Agility,Curiosity,scale_100,65.0
LTM1093,Dishani Saran,Senior Director - Sales,E2,Sales & Business Development,5.0,Agility,Adaptability,scale_100,69.0
LTM1093,Dishani Saran,Senior Director - Sales,E2,Sales & Business Development,5.0,Agility,Risk Taking,scale_100,86.0
LTM1093,Dishani Saran,Senior Director - Sales,E2,Sales & Business Development,5.0,Agility,Tolerance of Ambiguity,scale_100,87.0
LTM1093,Dishani Saran,Senior Director - Sales,E2,Sales & Business Development,5.0,Presence,Empathy,scale_100,73.0
LTM1093,Dishani Saran,Senior Director - Sales,E2,Sales & Business Development,5.0,Presence,Assertiveness,scale_100,74.0
LTM1093,Dishani Saran,Senior Director - Sales,E2,Sales & Business Development,5.0,Presence,Sociability,scale_100,83.0
LTM1093,Dishani Saran,Senior Director - Sales,E2,Sales & Business Development,5.0,Presence,Influence,scale_100,64.0
LTM1093,Dishani Saran,Senior Director - Sales,E2,Sales & Business Development,5.0,Learning Agility,Mental Agility,scale_10,8.0
LTM1093,Dishani Saran,Senior Director - Sales,E2,Sales & Business Development,5.0,Learning Agility,People Agility,scale_10,7.7
LTM1093,Dishani Saran,Senior Director - Sales,E2,Sales & Business Development,5.0,Learning Agility,Change Agility,scale_10,8.0
LTM1093,Dishani Saran,Senior Director - Sales,E2,Sales & Business Development,5.0,Learning Agility,Results Agility,scale_10,7.1
LTM1093,Dishani Saran,Senior Director - Sales,E2,Sales & Business Development,5.0,Learning Agility,Situational Self-Awareness,scale_10,6.5
LTM1093,Dishani Saran,Senior Director - Sales,E2,Sales & Business Development,5.0,Drivers,Balance,drivers_60,34.0
LTM1093,Dishani Saran,Senior Director - Sales,E2,Sales & Business Development,5.0,Drivers,Collaboration,drivers_60,41.0
LTM1093,Dishani Saran,Senior Director - Sales,E2,Sales & Business Development,5.0,Drivers,Power,drivers_60,46.0
LTM1093,Dishani Saran,Senior Director - Sales,E2,Sales & Business Development,5.0,Drivers,Challenge,drivers_60,47.0
LTM1093,Dishani Saran,Senior Director - Sales,E2,Sales & Business Development,5.0,Drivers,Structure,drivers_60,60.0
LTM1093,Dishani Saran,Senior Director - Sales,E2,Sales & Business Development,5.0,Drivers,Independence,drivers_60,57.0
LTM1093,Dishani Saran,Senior Director - Sales,E2,Sales & Business Development,5.0,Risk Factor,Avoidant,risk_10,1.0
LTM1093,Dishani Saran,Senior Director - Sales,E2,Sales & Business Development,5.0,Risk Factor,Closed,risk_10,1.8
LTM1093,Dishani Saran,Senior Director - Sales,E2,Sales & Business Development,5.0,Risk Factor,Defensive,risk_10,1.1
LTM1093,Dishani Saran,Senior Director - Sales,E2,Sales & Business Development,5.0,Risk Factor,Egotistic,risk_10,1.2
LTM1093,Dishani Saran,Senior Director - Sales,E2,Sales & Business Development,5.0,Risk Factor,Micro Managing,risk_10,1.7
LTM1093,Dishani Saran,Senior Director - Sales,E2,Sales & Business Development,5.0,Risk Factor,Opportunistic,risk_10,2.1
LTM1093,Dishani Saran,Senior Director - Sales,E2,Sales & Business Development,5.0,Risk Factor,Restrained,risk_10,1.2
LTM1093,Dishani Saran,Senior Director - Sales,E2,Sales & Business Development,5.0,Risk Factor,Social Pleaser,risk_10,2.5
LTM1093,Dishani Saran,Senior Director - Sales,E2,Sales & Business Development,5.0,Risk Factor,Solitary,risk_10,1.0
LTM1093,Dishani Saran,Senior Director - Sales,E2,Sales & Business Development,5.0,Risk Factor,Suspicious,risk_10,1.5
LTM1093,Dishani Saran,Senior Director - Sales,E2,Sales & Business Development,5.0,Risk Factor,Volatile,risk_10,3.8
LTM1060,Riya Kaur,Vice President - Consulting,E1,Consulting,4.5,Strategic Thinking,Strategic Vision,ordinal_4,3.0
LTM1060,Riya Kaur,Vice President - Consulting,E1,Consulting,4.5,Strategic Thinking,Business Acumen,ordinal_4,3.0
LTM1060,Riya Kaur,Vice President - Consulting,E1,Consulting,4.5,Strategic Thinking,Market and External Awareness,ordinal_4,3.0
LTM1060,Riya Kaur,Vice President - Consulting,E1,Consulting,4.5,Operational Excellence,Drive for Results,ordinal_4,2.0
LTM1060,Riya Kaur,Vice President - Consulting,E1,Consulting,4.5,Operational Excellence,Process Optimization,ordinal_4,2.0
LTM1060,Riya Kaur,Vice President - Consulting,E1,Consulting,4.5,Operational Excellence,Quality Focus,ordinal_4,2.0
LTM1060,Riya Kaur,Vice President - Consulting,E1,Consulting,4.5,Decision Effectiveness,Analytical Thinking,ordinal_4,2.0
LTM1060,Riya Kaur,Vice President - Consulting,E1,Consulting,4.5,Decision Effectiveness,Sound Judgment,ordinal_4,2.0
LTM1060,Riya Kaur,Vice President - Consulting,E1,Consulting,4.5,Decision Effectiveness,Decisiveness Under Uncertainty,ordinal_4,2.0
LTM1060,Riya Kaur,Vice President - Consulting,E1,Consulting,4.5,People Leadership,Develops Talent,ordinal_4,3.0
LTM1060,Riya Kaur,Vice President - Consulting,E1,Consulting,4.5,People Leadership,Builds Effective Teams,ordinal_4,3.0
LTM1060,Riya Kaur,Vice President - Consulting,E1,Consulting,4.5,People Leadership,Coaching Others,ordinal_4,3.0
LTM1060,Riya Kaur,Vice President - Consulting,E1,Consulting,4.5,Leading Change,Change Sponsorship,ordinal_4,2.0
LTM1060,Riya Kaur,Vice President - Consulting,E1,Consulting,4.5,Leading Change,Adaptability,ordinal_4,2.0
LTM1060,Riya Kaur,Vice President - Consulting,E1,Consulting,4.5,Leading Change,Resilience,ordinal_4,2.0
LTM1060,Riya Kaur,Vice President - Consulting,E1,Consulting,4.5,Stakeholder Engagement,Builds Trust,ordinal_4,3.0
LTM1060,Riya Kaur,Vice President - Consulting,E1,Consulting,4.5,Stakeholder Engagement,Customer Focus,ordinal_4,2.0
LTM1060,Riya Kaur,Vice President - Consulting,E1,Consulting,4.5,Stakeholder Engagement,Influences Others,ordinal_4,3.0
LTM1060,Riya Kaur,Vice President - Consulting,E1,Consulting,4.5,Positivity,Optimism,scale_100,31.0
LTM1060,Riya Kaur,Vice President - Consulting,E1,Consulting,4.5,Positivity,Situational Self-Awareness,scale_100,36.0
LTM1060,Riya Kaur,Vice President - Consulting,E1,Consulting,4.5,Positivity,Composure,scale_100,64.0
LTM1060,Riya Kaur,Vice President - Consulting,E1,Consulting,4.5,Striving,Credibility,scale_100,60.0
LTM1060,Riya Kaur,Vice President - Consulting,E1,Consulting,4.5,Striving,Confidence,scale_100,43.0
LTM1060,Riya Kaur,Vice President - Consulting,E1,Consulting,4.5,Striving,Need for Achievement,scale_100,36.0
LTM1060,Riya Kaur,Vice President - Consulting,E1,Consulting,4.5,Striving,Persistence,scale_100,21.0
LTM1060,Riya Kaur,Vice President - Consulting,E1,Consulting,4.5,Agreeableness,Affiliation,scale_100,45.0
LTM1060,Riya Kaur,Vice President - Consulting,E1,Consulting,4.5,Agreeableness,Humility,scale_100,75.0
LTM1060,Riya Kaur,Vice President - Consulting,E1,Consulting,4.5,Agreeableness,Trust,scale_100,55.0
LTM1060,Riya Kaur,Vice President - Consulting,E1,Consulting,4.5,Agreeableness,Openness to Differences,scale_100,45.0
LTM1060,Riya Kaur,Vice President - Consulting,E1,Consulting,4.5,Agility,Focus,scale_100,55.0
LTM1060,Riya Kaur,Vice President - Consulting,E1,Consulting,4.5,Agility,Curiosity,scale_100,35.0
LTM1060,Riya Kaur,Vice President - Consulting,E1,Consulting,4.5,Agility,Adaptability,scale_100,48.0
LTM1060,Riya Kaur,Vice President - Consulting,E1,Consulting,4.5,Agility,Risk Taking,scale_100,52.0
LTM1060,Riya Kaur,Vice President - Consulting,E1,Consulting,4.5,Agility,Tolerance of Ambiguity,scale_100,50.0
LTM1060,Riya Kaur,Vice President - Consulting,E1,Consulting,4.5,Presence,Empathy,scale_100,58.0
LTM1060,Riya Kaur,Vice President - Consulting,E1,Consulting,4.5,Presence,Assertiveness,scale_100,54.0
LTM1060,Riya Kaur,Vice President - Consulting,E1,Consulting,4.5,Presence,Sociability,scale_100,57.0
LTM1060,Riya Kaur,Vice President - Consulting,E1,Consulting,4.5,Presence,Influence,scale_100,44.0
LTM1060,Riya Kaur,Vice President - Consulting,E1,Consulting,4.5,Learning Agility,Mental Agility,scale_10,6.3
LTM1060,Riya Kaur,Vice President - Consulting,E1,Consulting,4.5,Learning Agility,People Agility,scale_10,6.9
LTM1060,Riya Kaur,Vice President - Consulting,E1,Consulting,4.5,Learning Agility,Change Agility,scale_10,4.8
LTM1060,Riya Kaur,Vice President - Consulting,E1,Consulting,4.5,Learning Agility,Results Agility,scale_10,4.9
LTM1060,Riya Kaur,Vice President - Consulting,E1,Consulting,4.5,Learning Agility,Situational Self-Awareness,scale_10,6.7
LTM1060,Riya Kaur,Vice President - Consulting,E1,Consulting,4.5,Drivers,Balance,drivers_60,29.0
LTM1060,Riya Kaur,Vice President - Consulting,E1,Consulting,4.5,Drivers,Collaboration,drivers_60,40.0
LTM1060,Riya Kaur,Vice President - Consulting,E1,Consulting,4.5,Drivers,Power,drivers_60,27.0
LTM1060,Riya Kaur,Vice President - Consulting,E1,Consulting,4.5,Drivers,Challenge,drivers_60,40.0
LTM1060,Riya Kaur,Vice President - Consulting,E1,Consulting,4.5,Drivers,Structure,drivers_60,31.0
LTM1060,Riya Kaur,Vice President - Consulting,E1,Consulting,4.5,Drivers,Independence,drivers_60,32.0
LTM1060,Riya Kaur,Vice President - Consulting,E1,Consulting,4.5,Risk Factor,Avoidant,risk_10,5.3
LTM1060,Riya Kaur,Vice President - Consulting,E1,Consulting,4.5,Risk Factor,Closed,risk_10,3.5
LTM1060,Riya Kaur,Vice President - Consulting,E1,Consulting,4.5,Risk Factor,Defensive,risk_10,3.0
LTM1060,Riya Kaur,Vice President - Consulting,E1,Consulting,4.5,Risk Factor,Egotistic,risk_10,3.5
LTM1060,Riya Kaur,Vice President - Consulting,E1,Consulting,4.5,Risk Factor,Micro Managing,risk_10,4.3
LTM1060,Riya Kaur,Vice President - Consulting,E1,Consulting,4.5,Risk Factor,Opportunistic,risk_10,2.4
LTM1060,Riya Kaur,Vice President - Consulting,E1,Consulting,4.5,Risk Factor,Restrained,risk_10,4.4
LTM1060,Riya Kaur,Vice President - Consulting,E1,Consulting,4.5,Risk Factor,Social Pleaser,risk_10,3.4
LTM1060,Riya Kaur,Vice President - Consulting,E1,Consulting,4.5,Risk Factor,Solitary,risk_10,4.9
LTM1060,Riya Kaur,Vice President - Consulting,E1,Consulting,4.5,Risk Factor,Suspicious,risk_10,1.7
LTM1060,Riya Kaur,Vice President - Consulting,E1,Consulting,4.5,Risk Factor,Volatile,risk_10,3.1
LTM1044,Tanya Balay,Director - Digital Transformation,E2,Technology & Engineering,4.7,Strategic Thinking,Strategic Vision,ordinal_4,2.0
LTM1044,Tanya Balay,Director - Digital Transformation,E2,Technology & Engineering,4.7,Strategic Thinking,Business Acumen,ordinal_4,3.0
LTM1044,Tanya Balay,Director - Digital Transformation,E2,Technology & Engineering,4.7,Strategic Thinking,Market and External Awareness,ordinal_4,3.0
LTM1044,Tanya Balay,Director - Digital Transformation,E2,Technology & Engineering,4.7,Operational Excellence,Drive for Results,ordinal_4,3.0
LTM1044,Tanya Balay,Director - Digital Transformation,E2,Technology & Engineering,4.7,Operational Excellence,Process Optimization,ordinal_4,3.0
LTM1044,Tanya Balay,Director - Digital Transformation,E2,Technology & Engineering,4.7,Operational Excellence,Quality Focus,ordinal_4,3.0
LTM1044,Tanya Balay,Director - Digital Transformation,E2,Technology & Engineering,4.7,Decision Effectiveness,Analytical Thinking,ordinal_4,3.0
LTM1044,Tanya Balay,Director - Digital Transformation,E2,Technology & Engineering,4.7,Decision Effectiveness,Sound Judgment,ordinal_4,3.0
LTM1044,Tanya Balay,Director - Digital Transformation,E2,Technology & Engineering,4.7,Decision Effectiveness,Decisiveness Under Uncertainty,ordinal_4,3.0
LTM1044,Tanya Balay,Director - Digital Transformation,E2,Technology & Engineering,4.7,People Leadership,Develops Talent,ordinal_4,3.0
LTM1044,Tanya Balay,Director - Digital Transformation,E2,Technology & Engineering,4.7,People Leadership,Builds Effective Teams,ordinal_4,3.0
LTM1044,Tanya Balay,Director - Digital Transformation,E2,Technology & Engineering,4.7,People Leadership,Coaching Others,ordinal_4,3.0
LTM1044,Tanya Balay,Director - Digital Transformation,E2,Technology & Engineering,4.7,Leading Change,Change Sponsorship,ordinal_4,3.0
LTM1044,Tanya Balay,Director - Digital Transformation,E2,Technology & Engineering,4.7,Leading Change,Adaptability,ordinal_4,4.0
LTM1044,Tanya Balay,Director - Digital Transformation,E2,Technology & Engineering,4.7,Leading Change,Resilience,ordinal_4,3.0
LTM1044,Tanya Balay,Director - Digital Transformation,E2,Technology & Engineering,4.7,Stakeholder Engagement,Builds Trust,ordinal_4,3.0
LTM1044,Tanya Balay,Director - Digital Transformation,E2,Technology & Engineering,4.7,Stakeholder Engagement,Customer Focus,ordinal_4,3.0
LTM1044,Tanya Balay,Director - Digital Transformation,E2,Technology & Engineering,4.7,Stakeholder Engagement,Influences Others,ordinal_4,3.0
LTM1044,Tanya Balay,Director - Digital Transformation,E2,Technology & Engineering,4.7,Positivity,Optimism,scale_100,45.0
LTM1044,Tanya Balay,Director - Digital Transformation,E2,Technology & Engineering,4.7,Positivity,Situational Self-Awareness,scale_100,49.0
LTM1044,Tanya Balay,Director - Digital Transformation,E2,Technology & Engineering,4.7,Positivity,Composure,scale_100,57.0
LTM1044,Tanya Balay,Director - Digital Transformation,E2,Technology & Engineering,4.7,Striving,Credibility,scale_100,61.0
LTM1044,Tanya Balay,Director - Digital Transformation,E2,Technology & Engineering,4.7,Striving,Confidence,scale_100,58.0
LTM1044,Tanya Balay,Director - Digital Transformation,E2,Technology & Engineering,4.7,Striving,Need for Achievement,scale_100,50.0
LTM1044,Tanya Balay,Director - Digital Transformation,E2,Technology & Engineering,4.7,Striving,Persistence,scale_100,67.0
LTM1044,Tanya Balay,Director - Digital Transformation,E2,Technology & Engineering,4.7,Agreeableness,Affiliation,scale_100,65.0
LTM1044,Tanya Balay,Director - Digital Transformation,E2,Technology & Engineering,4.7,Agreeableness,Humility,scale_100,56.0
LTM1044,Tanya Balay,Director - Digital Transformation,E2,Technology & Engineering,4.7,Agreeableness,Trust,scale_100,51.0
LTM1044,Tanya Balay,Director - Digital Transformation,E2,Technology & Engineering,4.7,Agreeableness,Openness to Differences,scale_100,63.0
LTM1044,Tanya Balay,Director - Digital Transformation,E2,Technology & Engineering,4.7,Agility,Focus,scale_100,66.0
LTM1044,Tanya Balay,Director - Digital Transformation,E2,Technology & Engineering,4.7,Agility,Curiosity,scale_100,49.0
LTM1044,Tanya Balay,Director - Digital Transformation,E2,Technology & Engineering,4.7,Agility,Adaptability,scale_100,63.0
LTM1044,Tanya Balay,Director - Digital Transformation,E2,Technology & Engineering,4.7,Agility,Risk Taking,scale_100,66.0
LTM1044,Tanya Balay,Director - Digital Transformation,E2,Technology & Engineering,4.7,Agility,Tolerance of Ambiguity,scale_100,55.0
LTM1044,Tanya Balay,Director - Digital Transformation,E2,Technology & Engineering,4.7,Presence,Empathy,scale_100,60.0
LTM1044,Tanya Balay,Director - Digital Transformation,E2,Technology & Engineering,4.7,Presence,Assertiveness,scale_100,43.0
LTM1044,Tanya Balay,Director - Digital Transformation,E2,Technology & Engineering,4.7,Presence,Sociability,scale_100,71.0
LTM1044,Tanya Balay,Director - Digital Transformation,E2,Technology & Engineering,4.7,Presence,Influence,scale_100,70.0
LTM1044,Tanya Balay,Director - Digital Transformation,E2,Technology & Engineering,4.7,Learning Agility,Mental Agility,scale_10,7.0
LTM1044,Tanya Balay,Director - Digital Transformation,E2,Technology & Engineering,4.7,Learning Agility,People Agility,scale_10,7.5
LTM1044,Tanya Balay,Director - Digital Transformation,E2,Technology & Engineering,4.7,Learning Agility,Change Agility,scale_10,5.3
LTM1044,Tanya Balay,Director - Digital Transformation,E2,Technology & Engineering,4.7,Learning Agility,Results Agility,scale_10,6.3
LTM1044,Tanya Balay,Director - Digital Transformation,E2,Technology & Engineering,4.7,Learning Agility,Situational Self-Awareness,scale_10,7.0
LTM1044,Tanya Balay,Director - Digital Transformation,E2,Technology & Engineering,4.7,Drivers,Balance,drivers_60,29.0
LTM1044,Tanya Balay,Director - Digital Transformation,E2,Technology & Engineering,4.7,Drivers,Collaboration,drivers_60,42.0
LTM1044,Tanya Balay,Director - Digital Transformation,E2,Technology & Engineering,4.7,Drivers,Power,drivers_60,50.0
LTM1044,Tanya Balay,Director - Digital Transformation,E2,Technology & Engineering,4.7,Drivers,Challenge,drivers_60,28.0
LTM1044,Tanya Balay,Director - Digital Transformation,E2,Technology & Engineering,4.7,Drivers,Structure,drivers_60,31.0
LTM1044,Tanya Balay,Director - Digital Transformation,E2,Technology & Engineering,4.7,Drivers,Independence,drivers_60,38.0
LTM1044,Tanya Balay,Director - Digital Transformation,E2,Technology & Engineering,4.7,Risk Factor,Avoidant,risk_10,4.3
LTM1044,Tanya Balay,Director - Digital Transformation,E2,Technology & Engineering,4.7,Risk Factor,Closed,risk_10,1.7
LTM1044,Tanya Balay,Director - Digital Transformation,E2,Technology & Engineering,4.7,Risk Factor,Defensive,risk_10,3.0
LTM1044,Tanya Balay,Director - Digital Transformation,E2,Technology & Engineering,4.7,Risk Factor,Egotistic,risk_10,4.5
LTM1044,Tanya Balay,Director - Digital Transformation,E2,Technology & Engineering,4.7,Risk Factor,Micro Managing,risk_10,1.3
LTM1044,Tanya Balay,Director - Digital Transformation,E2,Technology & Engineering,4.7,Risk Factor,Opportunistic,risk_10,1.7
LTM1044,Tanya Balay,Director - Digital Transformation,E2,Technology & Engineering,4.7,Risk Factor,Restrained,risk_10,2.4
LTM1044,Tanya Balay,Director - Digital Transformation,E2,Technology & Engineering,4.7,Risk Factor,Social Pleaser,risk_10,2.3
LTM1044,Tanya Balay,Director - Digital Transformation,E2,Technology & Engineering,4.7,Risk Factor,Solitary,risk_10,3.5
LTM1044,Tanya Balay,Director - Digital Transformation,E2,Technology & Engineering,4.7,Risk Factor,Suspicious,risk_10,3.0
LTM1044,Tanya Balay,Director - Digital Transformation,E2,Technology & Engineering,4.7,Risk Factor,Volatile,risk_10,1.2
LTM1010,Raunak Issac,Senior Director - Delivery,E2,Operations,5.0,Strategic Thinking,Strategic Vision,ordinal_4,4.0
LTM1010,Raunak Issac,Senior Director - Delivery,E2,Operations,5.0,Strategic Thinking,Business Acumen,ordinal_4,4.0
LTM1010,Raunak Issac,Senior Director - Delivery,E2,Operations,5.0,Strategic Thinking,Market and External Awareness,ordinal_4,4.0
LTM1010,Raunak Issac,Senior Director - Delivery,E2,Operations,5.0,Operational Excellence,Drive for Results,ordinal_4,4.0
LTM1010,Raunak Issac,Senior Director - Delivery,E2,Operations,5.0,Operational Excellence,Process Optimization,ordinal_4,4.0
LTM1010,Raunak Issac,Senior Director - Delivery,E2,Operations,5.0,Operational Excellence,Quality Focus,ordinal_4,4.0
LTM1010,Raunak Issac,Senior Director - Delivery,E2,Operations,5.0,Decision Effectiveness,Analytical Thinking,ordinal_4,4.0
LTM1010,Raunak Issac,Senior Director - Delivery,E2,Operations,5.0,Decision Effectiveness,Sound Judgment,ordinal_4,4.0
LTM1010,Raunak Issac,Senior Director - Delivery,E2,Operations,5.0,Decision Effectiveness,Decisiveness Under Uncertainty,ordinal_4,4.0
LTM1010,Raunak Issac,Senior Director - Delivery,E2,Operations,5.0,People Leadership,Develops Talent,ordinal_4,4.0
LTM1010,Raunak Issac,Senior Director - Delivery,E2,Operations,5.0,People Leadership,Builds Effective Teams,ordinal_4,3.0
LTM1010,Raunak Issac,Senior Director - Delivery,E2,Operations,5.0,People Leadership,Coaching Others,ordinal_4,4.0
LTM1010,Raunak Issac,Senior Director - Delivery,E2,Operations,5.0,Leading Change,Change Sponsorship,ordinal_4,3.0
LTM1010,Raunak Issac,Senior Director - Delivery,E2,Operations,5.0,Leading Change,Adaptability,ordinal_4,4.0
LTM1010,Raunak Issac,Senior Director - Delivery,E2,Operations,5.0,Leading Change,Resilience,ordinal_4,3.0
LTM1010,Raunak Issac,Senior Director - Delivery,E2,Operations,5.0,Stakeholder Engagement,Builds Trust,ordinal_4,3.0
LTM1010,Raunak Issac,Senior Director - Delivery,E2,Operations,5.0,Stakeholder Engagement,Customer Focus,ordinal_4,4.0
LTM1010,Raunak Issac,Senior Director - Delivery,E2,Operations,5.0,Stakeholder Engagement,Influences Others,ordinal_4,4.0
LTM1010,Raunak Issac,Senior Director - Delivery,E2,Operations,5.0,Positivity,Optimism,scale_100,60.0
LTM1010,Raunak Issac,Senior Director - Delivery,E2,Operations,5.0,Positivity,Situational Self-Awareness,scale_100,81.0
LTM1010,Raunak Issac,Senior Director - Delivery,E2,Operations,5.0,Positivity,Composure,scale_100,62.0
LTM1010,Raunak Issac,Senior Director - Delivery,E2,Operations,5.0,Striving,Credibility,scale_100,66.0
LTM1010,Raunak Issac,Senior Director - Delivery,E2,Operations,5.0,Striving,Confidence,scale_100,69.0
LTM1010,Raunak Issac,Senior Director - Delivery,E2,Operations,5.0,Striving,Need for Achievement,scale_100,60.0
LTM1010,Raunak Issac,Senior Director - Delivery,E2,Operations,5.0,Striving,Persistence,scale_100,71.0
LTM1010,Raunak Issac,Senior Director - Delivery,E2,Operations,5.0,Agreeableness,Affiliation,scale_100,61.0
LTM1010,Raunak Issac,Senior Director - Delivery,E2,Operations,5.0,Agreeableness,Humility,scale_100,62.0
LTM1010,Raunak Issac,Senior Director - Delivery,E2,Operations,5.0,Agreeableness,Trust,scale_100,80.0
LTM1010,Raunak Issac,Senior Director - Delivery,E2,Operations,5.0,Agreeableness,Openness to Differences,scale_100,56.0
LTM1010,Raunak Issac,Senior Director - Delivery,E2,Operations,5.0,Agility,Focus,scale_100,42.0
LTM1010,Raunak Issac,Senior Director - Delivery,E2,Operations,5.0,Agility,Curiosity,scale_100,82.0
LTM1010,Raunak Issac,Senior Director - Delivery,E2,Operations,5.0,Agility,Adaptability,scale_100,91.0
LTM1010,Raunak Issac,Senior Director - Delivery,E2,Operations,5.0,Agility,Risk Taking,scale_100,62.0
LTM1010,Raunak Issac,Senior Director - Delivery,E2,Operations,5.0,Agility,Tolerance of Ambiguity,scale_100,47.0
LTM1010,Raunak Issac,Senior Director - Delivery,E2,Operations,5.0,Presence,Empathy,scale_100,63.0
LTM1010,Raunak Issac,Senior Director - Delivery,E2,Operations,5.0,Presence,Assertiveness,scale_100,63.0
LTM1010,Raunak Issac,Senior Director - Delivery,E2,Operations,5.0,Presence,Sociability,scale_100,64.0
LTM1010,Raunak Issac,Senior Director - Delivery,E2,Operations,5.0,Presence,Influence,scale_100,55.0
LTM1010,Raunak Issac,Senior Director - Delivery,E2,Operations,5.0,Learning Agility,Mental Agility,scale_10,8.2
LTM1010,Raunak Issac,Senior Director - Delivery,E2,Operations,5.0,Learning Agility,People Agility,scale_10,8.2
LTM1010,Raunak Issac,Senior Director - Delivery,E2,Operations,5.0,Learning Agility,Change Agility,scale_10,6.6
LTM1010,Raunak Issac,Senior Director - Delivery,E2,Operations,5.0,Learning Agility,Results Agility,scale_10,8.3
LTM1010,Raunak Issac,Senior Director - Delivery,E2,Operations,5.0,Learning Agility,Situational Self-Awareness,scale_10,9.4
LTM1010,Raunak Issac,Senior Director - Delivery,E2,Operations,5.0,Drivers,Balance,drivers_60,50.0
LTM1010,Raunak Issac,Senior Director - Delivery,E2,Operations,5.0,Drivers,Collaboration,drivers_60,47.0
LTM1010,Raunak Issac,Senior Director - Delivery,E2,Operations,5.0,Drivers,Power,drivers_60,48.0
LTM1010,Raunak Issac,Senior Director - Delivery,E2,Operations,5.0,Drivers,Challenge,drivers_60,53.0
LTM1010,Raunak Issac,Senior Director - Delivery,E2,Operations,5.0,Drivers,Structure,drivers_60,37.0
LTM1010,Raunak Issac,Senior Director - Delivery,E2,Operations,5.0,Drivers,Independence,drivers_60,50.0
LTM1010,Raunak Issac,Senior Director - Delivery,E2,Operations,5.0,Risk Factor,Avoidant,risk_10,1.1
LTM1010,Raunak Issac,Senior Director - Delivery,E2,Operations,5.0,Risk Factor,Closed,risk_10,3.2
LTM1010,Raunak Issac,Senior Director - Delivery,E2,Operations,5.0,Risk Factor,Defensive,risk_10,1.3
LTM1010,Raunak Issac,Senior Director - Delivery,E2,Operations,5.0,Risk Factor,Egotistic,risk_10,3.0
LTM1010,Raunak Issac,Senior Director - Delivery,E2,Operations,5.0,Risk Factor,Micro Managing,risk_10,1.0
LTM1010,Raunak Issac,Senior Director - Delivery,E2,Operations,5.0,Risk Factor,Opportunistic,risk_10,2.0
LTM1010,Raunak Issac,Senior Director - Delivery,E2,Operations,5.0,Risk Factor,Restrained,risk_10,1.8
LTM1010,Raunak Issac,Senior Director - Delivery,E2,Operations,5.0,Risk Factor,Social Pleaser,risk_10,1.0
LTM1010,Raunak Issac,Senior Director - Delivery,E2,Operations,5.0,Risk Factor,Solitary,risk_10,1.7
LTM1010,Raunak Issac,Senior Director - Delivery,E2,Operations,5.0,Risk Factor,Suspicious,risk_10,2.6
LTM1010,Raunak Issac,Senior Director - Delivery,E2,Operations,5.0,Risk Factor,Volatile,risk_10,1.2
LTM1008,Rohan Bhalla,Vice President - Finance,E1,Finance & Accounting,4.8,Strategic Thinking,Strategic Vision,ordinal_4,2.0
LTM1008,Rohan Bhalla,Vice President - Finance,E1,Finance & Accounting,4.8,Strategic Thinking,Business Acumen,ordinal_4,3.0
LTM1008,Rohan Bhalla,Vice President - Finance,E1,Finance & Accounting,4.8,Strategic Thinking,Market and External Awareness,ordinal_4,3.0
LTM1008,Rohan Bhalla,Vice President - Finance,E1,Finance & Accounting,4.8,Operational Excellence,Drive for Results,ordinal_4,3.0
LTM1008,Rohan Bhalla,Vice President - Finance,E1,Finance & Accounting,4.8,Operational Excellence,Process Optimization,ordinal_4,4.0
LTM1008,Rohan Bhalla,Vice President - Finance,E1,Finance & Accounting,4.8,Operational Excellence,Quality Focus,ordinal_4,3.0
LTM1008,Rohan Bhalla,Vice President - Finance,E1,Finance & Accounting,4.8,Decision Effectiveness,Analytical Thinking,ordinal_4,3.0
LTM1008,Rohan Bhalla,Vice President - Finance,E1,Finance & Accounting,4.8,Decision Effectiveness,Sound Judgment,ordinal_4,4.0
LTM1008,Rohan Bhalla,Vice President - Finance,E1,Finance & Accounting,4.8,Decision Effectiveness,Decisiveness Under Uncertainty,ordinal_4,3.0
LTM1008,Rohan Bhalla,Vice President - Finance,E1,Finance & Accounting,4.8,People Leadership,Develops Talent,ordinal_4,2.0
LTM1008,Rohan Bhalla,Vice President - Finance,E1,Finance & Accounting,4.8,People Leadership,Builds Effective Teams,ordinal_4,3.0
LTM1008,Rohan Bhalla,Vice President - Finance,E1,Finance & Accounting,4.8,People Leadership,Coaching Others,ordinal_4,3.0
LTM1008,Rohan Bhalla,Vice President - Finance,E1,Finance & Accounting,4.8,Leading Change,Change Sponsorship,ordinal_4,3.0
LTM1008,Rohan Bhalla,Vice President - Finance,E1,Finance & Accounting,4.8,Leading Change,Adaptability,ordinal_4,3.0
LTM1008,Rohan Bhalla,Vice President - Finance,E1,Finance & Accounting,4.8,Leading Change,Resilience,ordinal_4,3.0
LTM1008,Rohan Bhalla,Vice President - Finance,E1,Finance & Accounting,4.8,Stakeholder Engagement,Builds Trust,ordinal_4,3.0
LTM1008,Rohan Bhalla,Vice President - Finance,E1,Finance & Accounting,4.8,Stakeholder Engagement,Customer Focus,ordinal_4,4.0
LTM1008,Rohan Bhalla,Vice President - Finance,E1,Finance & Accounting,4.8,Stakeholder Engagement,Influences Others,ordinal_4,3.0
LTM1008,Rohan Bhalla,Vice President - Finance,E1,Finance & Accounting,4.8,Positivity,Optimism,scale_100,63.0
LTM1008,Rohan Bhalla,Vice President - Finance,E1,Finance & Accounting,4.8,Positivity,Situational Self-Awareness,scale_100,57.0
LTM1008,Rohan Bhalla,Vice President - Finance,E1,Finance & Accounting,4.8,Positivity,Composure,scale_100,67.0
LTM1008,Rohan Bhalla,Vice President - Finance,E1,Finance & Accounting,4.8,Striving,Credibility,scale_100,65.0
LTM1008,Rohan Bhalla,Vice President - Finance,E1,Finance & Accounting,4.8,Striving,Confidence,scale_100,71.0
LTM1008,Rohan Bhalla,Vice President - Finance,E1,Finance & Accounting,4.8,Striving,Need for Achievement,scale_100,54.0
LTM1008,Rohan Bhalla,Vice President - Finance,E1,Finance & Accounting,4.8,Striving,Persistence,scale_100,54.0
LTM1008,Rohan Bhalla,Vice President - Finance,E1,Finance & Accounting,4.8,Agreeableness,Affiliation,scale_100,54.0
LTM1008,Rohan Bhalla,Vice President - Finance,E1,Finance & Accounting,4.8,Agreeableness,Humility,scale_100,67.0
LTM1008,Rohan Bhalla,Vice President - Finance,E1,Finance & Accounting,4.8,Agreeableness,Trust,scale_100,74.0
LTM1008,Rohan Bhalla,Vice President - Finance,E1,Finance & Accounting,4.8,Agreeableness,Openness to Differences,scale_100,54.0
LTM1008,Rohan Bhalla,Vice President - Finance,E1,Finance & Accounting,4.8,Agility,Focus,scale_100,55.0
LTM1008,Rohan Bhalla,Vice President - Finance,E1,Finance & Accounting,4.8,Agility,Curiosity,scale_100,62.0
LTM1008,Rohan Bhalla,Vice President - Finance,E1,Finance & Accounting,4.8,Agility,Adaptability,scale_100,56.0
LTM1008,Rohan Bhalla,Vice President - Finance,E1,Finance & Accounting,4.8,Agility,Risk Taking,scale_100,68.0
LTM1008,Rohan Bhalla,Vice President - Finance,E1,Finance & Accounting,4.8,Agility,Tolerance of Ambiguity,scale_100,36.0
LTM1008,Rohan Bhalla,Vice President - Finance,E1,Finance & Accounting,4.8,Presence,Empathy,scale_100,51.0
LTM1008,Rohan Bhalla,Vice President - Finance,E1,Finance & Accounting,4.8,Presence,Assertiveness,scale_100,51.0
LTM1008,Rohan Bhalla,Vice President - Finance,E1,Finance & Accounting,4.8,Presence,Sociability,scale_100,36.0
LTM1008,Rohan Bhalla,Vice President - Finance,E1,Finance & Accounting,4.8,Presence,Influence,scale_100,49.0
LTM1008,Rohan Bhalla,Vice President - Finance,E1,Finance & Accounting,4.8,Learning Agility,Mental Agility,scale_10,6.0
LTM1008,Rohan Bhalla,Vice President - Finance,E1,Finance & Accounting,4.8,Learning Agility,People Agility,scale_10,6.6
LTM1008,Rohan Bhalla,Vice President - Finance,E1,Finance & Accounting,4.8,Learning Agility,Change Agility,scale_10,7.6
LTM1008,Rohan Bhalla,Vice President - Finance,E1,Finance & Accounting,4.8,Learning Agility,Results Agility,scale_10,6.6
LTM1008,Rohan Bhalla,Vice President - Finance,E1,Finance & Accounting,4.8,Learning Agility,Situational Self-Awareness,scale_10,5.9
LTM1008,Rohan Bhalla,Vice President - Finance,E1,Finance & Accounting,4.8,Drivers,Balance,drivers_60,37.0
LTM1008,Rohan Bhalla,Vice President - Finance,E1,Finance & Accounting,4.8,Drivers,Collaboration,drivers_60,45.0
LTM1008,Rohan Bhalla,Vice President - Finance,E1,Finance & Accounting,4.8,Drivers,Power,drivers_60,31.0
LTM1008,Rohan Bhalla,Vice President - Finance,E1,Finance & Accounting,4.8,Drivers,Challenge,drivers_60,31.0
LTM1008,Rohan Bhalla,Vice President - Finance,E1,Finance & Accounting,4.8,Drivers,Structure,drivers_60,42.0
LTM1008,Rohan Bhalla,Vice President - Finance,E1,Finance & Accounting,4.8,Drivers,Independence,drivers_60,36.0
LTM1008,Rohan Bhalla,Vice President - Finance,E1,Finance & Accounting,4.8,Risk Factor,Avoidant,risk_10,3.1
LTM1008,Rohan Bhalla,Vice President - Finance,E1,Finance & Accounting,4.8,Risk Factor,Closed,risk_10,2.5
LTM1008,Rohan Bhalla,Vice President - Finance,E1,Finance & Accounting,4.8,Risk Factor,Defensive,risk_10,3.2
LTM1008,Rohan Bhalla,Vice President - Finance,E1,Finance & Accounting,4.8,Risk Factor,Egotistic,risk_10,1.6
LTM1008,Rohan Bhalla,Vice President - Finance,E1,Finance & Accounting,4.8,Risk Factor,Micro Managing,risk_10,2.5
LTM1008,Rohan Bhalla,Vice President - Finance,E1,Finance & Accounting,4.8,Risk Factor,Opportunistic,risk_10,2.4
LTM1008,Rohan Bhalla,Vice President - Finance,E1,Finance & Accounting,4.8,Risk Factor,Restrained,risk_10,1.4
LTM1008,Rohan Bhalla,Vice President - Finance,E1,Finance & Accounting,4.8,Risk Factor,Social Pleaser,risk_10,1.1
LTM1008,Rohan Bhalla,Vice President - Finance,E1,Finance & Accounting,4.8,Risk Factor,Solitary,risk_10,3.2
LTM1008,Rohan Bhalla,Vice President - Finance,E1,Finance & Accounting,4.8,Risk Factor,Suspicious,risk_10,2.2
LTM1008,Rohan Bhalla,Vice President - Finance,E1,Finance & Accounting,4.8,Risk Factor,Volatile,risk_10,1.6
LTM1037,Kiara Seshadri,Director - Enterprise Applications,E2,Technology & Engineering,4.9,Strategic Thinking,Strategic Vision,ordinal_4,3.0
LTM1037,Kiara Seshadri,Director - Enterprise Applications,E2,Technology & Engineering,4.9,Strategic Thinking,Business Acumen,ordinal_4,4.0
LTM1037,Kiara Seshadri,Director - Enterprise Applications,E2,Technology & Engineering,4.9,Strategic Thinking,Market and External Awareness,ordinal_4,3.0
LTM1037,Kiara Seshadri,Director - Enterprise Applications,E2,Technology & Engineering,4.9,Operational Excellence,Drive for Results,ordinal_4,4.0
LTM1037,Kiara Seshadri,Director - Enterprise Applications,E2,Technology & Engineering,4.9,Operational Excellence,Process Optimization,ordinal_4,4.0
LTM1037,Kiara Seshadri,Director - Enterprise Applications,E2,Technology & Engineering,4.9,Operational Excellence,Quality Focus,ordinal_4,4.0
LTM1037,Kiara Seshadri,Director - Enterprise Applications,E2,Technology & Engineering,4.9,Decision Effectiveness,Analytical Thinking,ordinal_4,4.0
LTM1037,Kiara Seshadri,Director - Enterprise Applications,E2,Technology & Engineering,4.9,Decision Effectiveness,Sound Judgment,ordinal_4,4.0
LTM1037,Kiara Seshadri,Director - Enterprise Applications,E2,Technology & Engineering,4.9,Decision Effectiveness,Decisiveness Under Uncertainty,ordinal_4,3.0
LTM1037,Kiara Seshadri,Director - Enterprise Applications,E2,Technology & Engineering,4.9,People Leadership,Develops Talent,ordinal_4,3.0
LTM1037,Kiara Seshadri,Director - Enterprise Applications,E2,Technology & Engineering,4.9,People Leadership,Builds Effective Teams,ordinal_4,4.0
LTM1037,Kiara Seshadri,Director - Enterprise Applications,E2,Technology & Engineering,4.9,People Leadership,Coaching Others,ordinal_4,3.0
LTM1037,Kiara Seshadri,Director - Enterprise Applications,E2,Technology & Engineering,4.9,Leading Change,Change Sponsorship,ordinal_4,4.0
LTM1037,Kiara Seshadri,Director - Enterprise Applications,E2,Technology & Engineering,4.9,Leading Change,Adaptability,ordinal_4,3.0
LTM1037,Kiara Seshadri,Director - Enterprise Applications,E2,Technology & Engineering,4.9,Leading Change,Resilience,ordinal_4,4.0
LTM1037,Kiara Seshadri,Director - Enterprise Applications,E2,Technology & Engineering,4.9,Stakeholder Engagement,Builds Trust,ordinal_4,4.0
LTM1037,Kiara Seshadri,Director - Enterprise Applications,E2,Technology & Engineering,4.9,Stakeholder Engagement,Customer Focus,ordinal_4,4.0
LTM1037,Kiara Seshadri,Director - Enterprise Applications,E2,Technology & Engineering,4.9,Stakeholder Engagement,Influences Others,ordinal_4,4.0
LTM1037,Kiara Seshadri,Director - Enterprise Applications,E2,Technology & Engineering,4.9,Positivity,Optimism,scale_100,47.0
LTM1037,Kiara Seshadri,Director - Enterprise Applications,E2,Technology & Engineering,4.9,Positivity,Situational Self-Awareness,scale_100,41.0
LTM1037,Kiara Seshadri,Director - Enterprise Applications,E2,Technology & Engineering,4.9,Positivity,Composure,scale_100,73.0
LTM1037,Kiara Seshadri,Director - Enterprise Applications,E2,Technology & Engineering,4.9,Striving,Credibility,scale_100,75.0
LTM1037,Kiara Seshadri,Director - Enterprise Applications,E2,Technology & Engineering,4.9,Striving,Confidence,scale_100,53.0
LTM1037,Kiara Seshadri,Director - Enterprise Applications,E2,Technology & Engineering,4.9,Striving,Need for Achievement,scale_100,45.0
LTM1037,Kiara Seshadri,Director - Enterprise Applications,E2,Technology & Engineering,4.9,Striving,Persistence,scale_100,64.0
LTM1037,Kiara Seshadri,Director - Enterprise Applications,E2,Technology & Engineering,4.9,Agreeableness,Affiliation,scale_100,73.0
LTM1037,Kiara Seshadri,Director - Enterprise Applications,E2,Technology & Engineering,4.9,Agreeableness,Humility,scale_100,81.0
LTM1037,Kiara Seshadri,Director - Enterprise Applications,E2,Technology & Engineering,4.9,Agreeableness,Trust,scale_100,68.0
LTM1037,Kiara Seshadri,Director - Enterprise Applications,E2,Technology & Engineering,4.9,Agreeableness,Openness to Differences,scale_100,60.0
LTM1037,Kiara Seshadri,Director - Enterprise Applications,E2,Technology & Engineering,4.9,Agility,Focus,scale_100,60.0
LTM1037,Kiara Seshadri,Director - Enterprise Applications,E2,Technology & Engineering,4.9,Agility,Curiosity,scale_100,69.0
LTM1037,Kiara Seshadri,Director - Enterprise Applications,E2,Technology & Engineering,4.9,Agility,Adaptability,scale_100,66.0
LTM1037,Kiara Seshadri,Director - Enterprise Applications,E2,Technology & Engineering,4.9,Agility,Risk Taking,scale_100,59.0
LTM1037,Kiara Seshadri,Director - Enterprise Applications,E2,Technology & Engineering,4.9,Agility,Tolerance of Ambiguity,scale_100,90.0
LTM1037,Kiara Seshadri,Director - Enterprise Applications,E2,Technology & Engineering,4.9,Presence,Empathy,scale_100,81.0
LTM1037,Kiara Seshadri,Director - Enterprise Applications,E2,Technology & Engineering,4.9,Presence,Assertiveness,scale_100,75.0
LTM1037,Kiara Seshadri,Director - Enterprise Applications,E2,Technology & Engineering,4.9,Presence,Sociability,scale_100,54.0
LTM1037,Kiara Seshadri,Director - Enterprise Applications,E2,Technology & Engineering,4.9,Presence,Influence,scale_100,72.0
LTM1037,Kiara Seshadri,Director - Enterprise Applications,E2,Technology & Engineering,4.9,Learning Agility,Mental Agility,scale_10,8.5
LTM1037,Kiara Seshadri,Director - Enterprise Applications,E2,Technology & Engineering,4.9,Learning Agility,People Agility,scale_10,8.3
LTM1037,Kiara Seshadri,Director - Enterprise Applications,E2,Technology & Engineering,4.9,Learning Agility,Change Agility,scale_10,9.0
LTM1037,Kiara Seshadri,Director - Enterprise Applications,E2,Technology & Engineering,4.9,Learning Agility,Results Agility,scale_10,8.5
LTM1037,Kiara Seshadri,Director - Enterprise Applications,E2,Technology & Engineering,4.9,Learning Agility,Situational Self-Awareness,scale_10,8.6
LTM1037,Kiara Seshadri,Director - Enterprise Applications,E2,Technology & Engineering,4.9,Drivers,Balance,drivers_60,46.0
LTM1037,Kiara Seshadri,Director - Enterprise Applications,E2,Technology & Engineering,4.9,Drivers,Collaboration,drivers_60,44.0
LTM1037,Kiara Seshadri,Director - Enterprise Applications,E2,Technology & Engineering,4.9,Drivers,Power,drivers_60,29.0
LTM1037,Kiara Seshadri,Director - Enterprise Applications,E2,Technology & Engineering,4.9,Drivers,Challenge,drivers_60,42.0
LTM1037,Kiara Seshadri,Director - Enterprise Applications,E2,Technology & Engineering,4.9,Drivers,Structure,drivers_60,38.0
LTM1037,Kiara Seshadri,Director - Enterprise Applications,E2,Technology & Engineering,4.9,Drivers,Independence,drivers_60,33.0
LTM1037,Kiara Seshadri,Director - Enterprise Applications,E2,Technology & Engineering,4.9,Risk Factor,Avoidant,risk_10,3.5
LTM1037,Kiara Seshadri,Director - Enterprise Applications,E2,Technology & Engineering,4.9,Risk Factor,Closed,risk_10,3.5
LTM1037,Kiara Seshadri,Director - Enterprise Applications,E2,Technology & Engineering,4.9,Risk Factor,Defensive,risk_10,3.2
LTM1037,Kiara Seshadri,Director - Enterprise Applications,E2,Technology & Engineering,4.9,Risk Factor,Egotistic,risk_10,2.2
LTM1037,Kiara Seshadri,Director - Enterprise Applications,E2,Technology & Engineering,4.9,Risk Factor,Micro Managing,risk_10,3.2
LTM1037,Kiara Seshadri,Director - Enterprise Applications,E2,Technology & Engineering,4.9,Risk Factor,Opportunistic,risk_10,1.9
LTM1037,Kiara Seshadri,Director - Enterprise Applications,E2,Technology & Engineering,4.9,Risk Factor,Restrained,risk_10,2.1
LTM1037,Kiara Seshadri,Director - Enterprise Applications,E2,Technology & Engineering,4.9,Risk Factor,Social Pleaser,risk_10,1.0
LTM1037,Kiara Seshadri,Director - Enterprise Applications,E2,Technology & Engineering,4.9,Risk Factor,Solitary,risk_10,2.3
LTM1037,Kiara Seshadri,Director - Enterprise Applications,E2,Technology & Engineering,4.9,Risk Factor,Suspicious,risk_10,2.0
LTM1037,Kiara Seshadri,Director - Enterprise Applications,E2,Technology & Engineering,4.9,Risk Factor,Volatile,risk_10,1.0
LTM1075,Prerak Singh,Director - Digital Transformation,E2,Technology & Engineering,4.2,Strategic Thinking,Strategic Vision,ordinal_4,2.0
LTM1075,Prerak Singh,Director - Digital Transformation,E2,Technology & Engineering,4.2,Strategic Thinking,Business Acumen,ordinal_4,2.0
LTM1075,Prerak Singh,Director - Digital Transformation,E2,Technology & Engineering,4.2,Strategic Thinking,Market and External Awareness,ordinal_4,2.0
LTM1075,Prerak Singh,Director - Digital Transformation,E2,Technology & Engineering,4.2,Operational Excellence,Drive for Results,ordinal_4,3.0
LTM1075,Prerak Singh,Director - Digital Transformation,E2,Technology & Engineering,4.2,Operational Excellence,Process Optimization,ordinal_4,2.0
LTM1075,Prerak Singh,Director - Digital Transformation,E2,Technology & Engineering,4.2,Operational Excellence,Quality Focus,ordinal_4,2.0
LTM1075,Prerak Singh,Director - Digital Transformation,E2,Technology & Engineering,4.2,Decision Effectiveness,Analytical Thinking,ordinal_4,2.0
LTM1075,Prerak Singh,Director - Digital Transformation,E2,Technology & Engineering,4.2,Decision Effectiveness,Sound Judgment,ordinal_4,2.0
LTM1075,Prerak Singh,Director - Digital Transformation,E2,Technology & Engineering,4.2,Decision Effectiveness,Decisiveness Under Uncertainty,ordinal_4,1.0
LTM1075,Prerak Singh,Director - Digital Transformation,E2,Technology & Engineering,4.2,People Leadership,Develops Talent,ordinal_4,2.0
LTM1075,Prerak Singh,Director - Digital Transformation,E2,Technology & Engineering,4.2,People Leadership,Builds Effective Teams,ordinal_4,1.0
LTM1075,Prerak Singh,Director - Digital Transformation,E2,Technology & Engineering,4.2,People Leadership,Coaching Others,ordinal_4,1.0
LTM1075,Prerak Singh,Director - Digital Transformation,E2,Technology & Engineering,4.2,Leading Change,Change Sponsorship,ordinal_4,2.0
LTM1075,Prerak Singh,Director - Digital Transformation,E2,Technology & Engineering,4.2,Leading Change,Adaptability,ordinal_4,2.0
LTM1075,Prerak Singh,Director - Digital Transformation,E2,Technology & Engineering,4.2,Leading Change,Resilience,ordinal_4,1.0
LTM1075,Prerak Singh,Director - Digital Transformation,E2,Technology & Engineering,4.2,Stakeholder Engagement,Builds Trust,ordinal_4,2.0
LTM1075,Prerak Singh,Director - Digital Transformation,E2,Technology & Engineering,4.2,Stakeholder Engagement,Customer Focus,ordinal_4,2.0
LTM1075,Prerak Singh,Director - Digital Transformation,E2,Technology & Engineering,4.2,Stakeholder Engagement,Influences Others,ordinal_4,2.0
LTM1075,Prerak Singh,Director - Digital Transformation,E2,Technology & Engineering,4.2,Positivity,Optimism,scale_100,54.0
LTM1075,Prerak Singh,Director - Digital Transformation,E2,Technology & Engineering,4.2,Positivity,Situational Self-Awareness,scale_100,44.0
LTM1075,Prerak Singh,Director - Digital Transformation,E2,Technology & Engineering,4.2,Positivity,Composure,scale_100,36.0
LTM1075,Prerak Singh,Director - Digital Transformation,E2,Technology & Engineering,4.2,Striving,Credibility,scale_100,33.0
LTM1075,Prerak Singh,Director - Digital Transformation,E2,Technology & Engineering,4.2,Striving,Confidence,scale_100,47.0
LTM1075,Prerak Singh,Director - Digital Transformation,E2,Technology & Engineering,4.2,Striving,Need for Achievement,scale_100,48.0
LTM1075,Prerak Singh,Director - Digital Transformation,E2,Technology & Engineering,4.2,Striving,Persistence,scale_100,57.0
LTM1075,Prerak Singh,Director - Digital Transformation,E2,Technology & Engineering,4.2,Agreeableness,Affiliation,scale_100,55.0
LTM1075,Prerak Singh,Director - Digital Transformation,E2,Technology & Engineering,4.2,Agreeableness,Humility,scale_100,43.0
LTM1075,Prerak Singh,Director - Digital Transformation,E2,Technology & Engineering,4.2,Agreeableness,Trust,scale_100,32.0
LTM1075,Prerak Singh,Director - Digital Transformation,E2,Technology & Engineering,4.2,Agreeableness,Openness to Differences,scale_100,41.0
LTM1075,Prerak Singh,Director - Digital Transformation,E2,Technology & Engineering,4.2,Agility,Focus,scale_100,52.0
LTM1075,Prerak Singh,Director - Digital Transformation,E2,Technology & Engineering,4.2,Agility,Curiosity,scale_100,48.0
LTM1075,Prerak Singh,Director - Digital Transformation,E2,Technology & Engineering,4.2,Agility,Adaptability,scale_100,44.0
LTM1075,Prerak Singh,Director - Digital Transformation,E2,Technology & Engineering,4.2,Agility,Risk Taking,scale_100,53.0
LTM1075,Prerak Singh,Director - Digital Transformation,E2,Technology & Engineering,4.2,Agility,Tolerance of Ambiguity,scale_100,45.0
LTM1075,Prerak Singh,Director - Digital Transformation,E2,Technology & Engineering,4.2,Presence,Empathy,scale_100,38.0
LTM1075,Prerak Singh,Director - Digital Transformation,E2,Technology & Engineering,4.2,Presence,Assertiveness,scale_100,47.0
LTM1075,Prerak Singh,Director - Digital Transformation,E2,Technology & Engineering,4.2,Presence,Sociability,scale_100,40.0
LTM1075,Prerak Singh,Director - Digital Transformation,E2,Technology & Engineering,4.2,Presence,Influence,scale_100,46.0
LTM1075,Prerak Singh,Director - Digital Transformation,E2,Technology & Engineering,4.2,Learning Agility,Mental Agility,scale_10,5.6
LTM1075,Prerak Singh,Director - Digital Transformation,E2,Technology & Engineering,4.2,Learning Agility,People Agility,scale_10,4.4
LTM1075,Prerak Singh,Director - Digital Transformation,E2,Technology & Engineering,4.2,Learning Agility,Change Agility,scale_10,5.0
LTM1075,Prerak Singh,Director - Digital Transformation,E2,Technology & Engineering,4.2,Learning Agility,Results Agility,scale_10,6.5
LTM1075,Prerak Singh,Director - Digital Transformation,E2,Technology & Engineering,4.2,Learning Agility,Situational Self-Awareness,scale_10,4.4
LTM1075,Prerak Singh,Director - Digital Transformation,E2,Technology & Engineering,4.2,Drivers,Balance,drivers_60,9.0
LTM1075,Prerak Singh,Director - Digital Transformation,E2,Technology & Engineering,4.2,Drivers,Collaboration,drivers_60,11.0
LTM1075,Prerak Singh,Director - Digital Transformation,E2,Technology & Engineering,4.2,Drivers,Power,drivers_60,24.0
LTM1075,Prerak Singh,Director - Digital Transformation,E2,Technology & Engineering,4.2,Drivers,Challenge,drivers_60,24.0
LTM1075,Prerak Singh,Director - Digital Transformation,E2,Technology & Engineering,4.2,Drivers,Structure,drivers_60,23.0
LTM1075,Prerak Singh,Director - Digital Transformation,E2,Technology & Engineering,4.2,Drivers,Independence,drivers_60,32.0
LTM1075,Prerak Singh,Director - Digital Transformation,E2,Technology & Engineering,4.2,Risk Factor,Avoidant,risk_10,2.6
LTM1075,Prerak Singh,Director - Digital Transformation,E2,Technology & Engineering,4.2,Risk Factor,Closed,risk_10,5.4
LTM1075,Prerak Singh,Director - Digital Transformation,E2,Technology & Engineering,4.2,Risk Factor,Defensive,risk_10,6.4
LTM1075,Prerak Singh,Director - Digital Transformation,E2,Technology & Engineering,4.2,Risk Factor,Egotistic,risk_10,4.0
LTM1075,Prerak Singh,Director - Digital Transformation,E2,Technology & Engineering,4.2,Risk Factor,Micro Managing,risk_10,4.7
LTM1075,Prerak Singh,Director - Digital Transformation,E2,Technology & Engineering,4.2,Risk Factor,Opportunistic,risk_10,4.3
LTM1075,Prerak Singh,Director - Digital Transformation,E2,Technology & Engineering,4.2,Risk Factor,Restrained,risk_10,4.2
LTM1075,Prerak Singh,Director - Digital Transformation,E2,Technology & Engineering,4.2,Risk Factor,Social Pleaser,risk_10,4.7
LTM1075,Prerak Singh,Director - Digital Transformation,E2,Technology & Engineering,4.2,Risk Factor,Solitary,risk_10,6.3
LTM1075,Prerak Singh,Director - Digital Transformation,E2,Technology & Engineering,4.2,Risk Factor,Suspicious,risk_10,6.7
LTM1075,Prerak Singh,Director - Digital Transformation,E2,Technology & Engineering,4.2,Risk Factor,Volatile,risk_10,4.7
LTM1057,Siya Dave,Vice President - Engineering,E1,Technology & Engineering,5.0,Strategic Thinking,Strategic Vision,ordinal_4,4.0
LTM1057,Siya Dave,Vice President - Engineering,E1,Technology & Engineering,5.0,Strategic Thinking,Business Acumen,ordinal_4,4.0
LTM1057,Siya Dave,Vice President - Engineering,E1,Technology & Engineering,5.0,Strategic Thinking,Market and External Awareness,ordinal_4,4.0
LTM1057,Siya Dave,Vice President - Engineering,E1,Technology & Engineering,5.0,Operational Excellence,Drive for Results,ordinal_4,4.0
LTM1057,Siya Dave,Vice President - Engineering,E1,Technology & Engineering,5.0,Operational Excellence,Process Optimization,ordinal_4,4.0
LTM1057,Siya Dave,Vice President - Engineering,E1,Technology & Engineering,5.0,Operational Excellence,Quality Focus,ordinal_4,4.0
LTM1057,Siya Dave,Vice President - Engineering,E1,Technology & Engineering,5.0,Decision Effectiveness,Analytical Thinking,ordinal_4,4.0
LTM1057,Siya Dave,Vice President - Engineering,E1,Technology & Engineering,5.0,Decision Effectiveness,Sound Judgment,ordinal_4,4.0
LTM1057,Siya Dave,Vice President - Engineering,E1,Technology & Engineering,5.0,Decision Effectiveness,Decisiveness Under Uncertainty,ordinal_4,3.0
LTM1057,Siya Dave,Vice President - Engineering,E1,Technology & Engineering,5.0,People Leadership,Develops Talent,ordinal_4,4.0
LTM1057,Siya Dave,Vice President - Engineering,E1,Technology & Engineering,5.0,People Leadership,Builds Effective Teams,ordinal_4,3.0
LTM1057,Siya Dave,Vice President - Engineering,E1,Technology & Engineering,5.0,People Leadership,Coaching Others,ordinal_4,3.0
LTM1057,Siya Dave,Vice President - Engineering,E1,Technology & Engineering,5.0,Leading Change,Change Sponsorship,ordinal_4,4.0
LTM1057,Siya Dave,Vice President - Engineering,E1,Technology & Engineering,5.0,Leading Change,Adaptability,ordinal_4,4.0
LTM1057,Siya Dave,Vice President - Engineering,E1,Technology & Engineering,5.0,Leading Change,Resilience,ordinal_4,4.0
LTM1057,Siya Dave,Vice President - Engineering,E1,Technology & Engineering,5.0,Stakeholder Engagement,Builds Trust,ordinal_4,4.0
LTM1057,Siya Dave,Vice President - Engineering,E1,Technology & Engineering,5.0,Stakeholder Engagement,Customer Focus,ordinal_4,4.0
LTM1057,Siya Dave,Vice President - Engineering,E1,Technology & Engineering,5.0,Stakeholder Engagement,Influences Others,ordinal_4,4.0
LTM1057,Siya Dave,Vice President - Engineering,E1,Technology & Engineering,5.0,Positivity,Optimism,scale_100,45.0
LTM1057,Siya Dave,Vice President - Engineering,E1,Technology & Engineering,5.0,Positivity,Situational Self-Awareness,scale_100,71.0
LTM1057,Siya Dave,Vice President - Engineering,E1,Technology & Engineering,5.0,Positivity,Composure,scale_100,55.0
LTM1057,Siya Dave,Vice President - Engineering,E1,Technology & Engineering,5.0,Striving,Credibility,scale_100,50.0
LTM1057,Siya Dave,Vice President - Engineering,E1,Technology & Engineering,5.0,Striving,Confidence,scale_100,64.0
LTM1057,Siya Dave,Vice President - Engineering,E1,Technology & Engineering,5.0,Striving,Need for Achievement,scale_100,65.0
LTM1057,Siya Dave,Vice President - Engineering,E1,Technology & Engineering,5.0,Striving,Persistence,scale_100,57.0
LTM1057,Siya Dave,Vice President - Engineering,E1,Technology & Engineering,5.0,Agreeableness,Affiliation,scale_100,73.0
LTM1057,Siya Dave,Vice President - Engineering,E1,Technology & Engineering,5.0,Agreeableness,Humility,scale_100,51.0
LTM1057,Siya Dave,Vice President - Engineering,E1,Technology & Engineering,5.0,Agreeableness,Trust,scale_100,60.0
LTM1057,Siya Dave,Vice President - Engineering,E1,Technology & Engineering,5.0,Agreeableness,Openness to Differences,scale_100,58.0
LTM1057,Siya Dave,Vice President - Engineering,E1,Technology & Engineering,5.0,Agility,Focus,scale_100,70.0
LTM1057,Siya Dave,Vice President - Engineering,E1,Technology & Engineering,5.0,Agility,Curiosity,scale_100,73.0
LTM1057,Siya Dave,Vice President - Engineering,E1,Technology & Engineering,5.0,Agility,Adaptability,scale_100,60.0
LTM1057,Siya Dave,Vice President - Engineering,E1,Technology & Engineering,5.0,Agility,Risk Taking,scale_100,78.0
LTM1057,Siya Dave,Vice President - Engineering,E1,Technology & Engineering,5.0,Agility,Tolerance of Ambiguity,scale_100,71.0
LTM1057,Siya Dave,Vice President - Engineering,E1,Technology & Engineering,5.0,Presence,Empathy,scale_100,45.0
LTM1057,Siya Dave,Vice President - Engineering,E1,Technology & Engineering,5.0,Presence,Assertiveness,scale_100,45.0
LTM1057,Siya Dave,Vice President - Engineering,E1,Technology & Engineering,5.0,Presence,Sociability,scale_100,64.0
LTM1057,Siya Dave,Vice President - Engineering,E1,Technology & Engineering,5.0,Presence,Influence,scale_100,62.0
LTM1057,Siya Dave,Vice President - Engineering,E1,Technology & Engineering,5.0,Learning Agility,Mental Agility,scale_10,8.0
LTM1057,Siya Dave,Vice President - Engineering,E1,Technology & Engineering,5.0,Learning Agility,People Agility,scale_10,8.1
LTM1057,Siya Dave,Vice President - Engineering,E1,Technology & Engineering,5.0,Learning Agility,Change Agility,scale_10,8.3
LTM1057,Siya Dave,Vice President - Engineering,E1,Technology & Engineering,5.0,Learning Agility,Results Agility,scale_10,8.9
LTM1057,Siya Dave,Vice President - Engineering,E1,Technology & Engineering,5.0,Learning Agility,Situational Self-Awareness,scale_10,7.2
LTM1057,Siya Dave,Vice President - Engineering,E1,Technology & Engineering,5.0,Drivers,Balance,drivers_60,34.0
LTM1057,Siya Dave,Vice President - Engineering,E1,Technology & Engineering,5.0,Drivers,Collaboration,drivers_60,35.0
LTM1057,Siya Dave,Vice President - Engineering,E1,Technology & Engineering,5.0,Drivers,Power,drivers_60,45.0
LTM1057,Siya Dave,Vice President - Engineering,E1,Technology & Engineering,5.0,Drivers,Challenge,drivers_60,51.0
LTM1057,Siya Dave,Vice President - Engineering,E1,Technology & Engineering,5.0,Drivers,Structure,drivers_60,40.0
LTM1057,Siya Dave,Vice President - Engineering,E1,Technology & Engineering,5.0,Drivers,Independence,drivers_60,25.0
LTM1057,Siya Dave,Vice President - Engineering,E1,Technology & Engineering,5.0,Risk Factor,Avoidant,risk_10,1.0
LTM1057,Siya Dave,Vice President - Engineering,E1,Technology & Engineering,5.0,Risk Factor,Closed,risk_10,1.0
LTM1057,Siya Dave,Vice President - Engineering,E1,Technology & Engineering,5.0,Risk Factor,Defensive,risk_10,1.2
LTM1057,Siya Dave,Vice President - Engineering,E1,Technology & Engineering,5.0,Risk Factor,Egotistic,risk_10,1.3
LTM1057,Siya Dave,Vice President - Engineering,E1,Technology & Engineering,5.0,Risk Factor,Micro Managing,risk_10,1.7
LTM1057,Siya Dave,Vice President - Engineering,E1,Technology & Engineering,5.0,Risk Factor,Opportunistic,risk_10,1.4
LTM1057,Siya Dave,Vice President - Engineering,E1,Technology & Engineering,5.0,Risk Factor,Restrained,risk_10,2.6
LTM1057,Siya Dave,Vice President - Engineering,E1,Technology & Engineering,5.0,Risk Factor,Social Pleaser,risk_10,1.1
LTM1057,Siya Dave,Vice President - Engineering,E1,Technology & Engineering,5.0,Risk Factor,Solitary,risk_10,1.0
LTM1057,Siya Dave,Vice President - Engineering,E1,Technology & Engineering,5.0,Risk Factor,Suspicious,risk_10,2.1
LTM1057,Siya Dave,Vice President - Engineering,E1,Technology & Engineering,5.0,Risk Factor,Volatile,risk_10,1.0
LTM1056,Aniruddh Yogi,Vice President - Operations,E1,Operations,5.0,Strategic Thinking,Strategic Vision,ordinal_4,4.0
LTM1056,Aniruddh Yogi,Vice President - Operations,E1,Operations,5.0,Strategic Thinking,Business Acumen,ordinal_4,4.0
LTM1056,Aniruddh Yogi,Vice President - Operations,E1,Operations,5.0,Strategic Thinking,Market and External Awareness,ordinal_4,3.0
LTM1056,Aniruddh Yogi,Vice President - Operations,E1,Operations,5.0,Operational Excellence,Drive for Results,ordinal_4,4.0
LTM1056,Aniruddh Yogi,Vice President - Operations,E1,Operations,5.0,Operational Excellence,Process Optimization,ordinal_4,4.0
LTM1056,Aniruddh Yogi,Vice President - Operations,E1,Operations,5.0,Operational Excellence,Quality Focus,ordinal_4,4.0
LTM1056,Aniruddh Yogi,Vice President - Operations,E1,Operations,5.0,Decision Effectiveness,Analytical Thinking,ordinal_4,4.0
LTM1056,Aniruddh Yogi,Vice President - Operations,E1,Operations,5.0,Decision Effectiveness,Sound Judgment,ordinal_4,4.0
LTM1056,Aniruddh Yogi,Vice President - Operations,E1,Operations,5.0,Decision Effectiveness,Decisiveness Under Uncertainty,ordinal_4,4.0
LTM1056,Aniruddh Yogi,Vice President - Operations,E1,Operations,5.0,People Leadership,Develops Talent,ordinal_4,3.0
LTM1056,Aniruddh Yogi,Vice President - Operations,E1,Operations,5.0,People Leadership,Builds Effective Teams,ordinal_4,3.0
LTM1056,Aniruddh Yogi,Vice President - Operations,E1,Operations,5.0,People Leadership,Coaching Others,ordinal_4,4.0
LTM1056,Aniruddh Yogi,Vice President - Operations,E1,Operations,5.0,Leading Change,Change Sponsorship,ordinal_4,4.0
LTM1056,Aniruddh Yogi,Vice President - Operations,E1,Operations,5.0,Leading Change,Adaptability,ordinal_4,3.0
LTM1056,Aniruddh Yogi,Vice President - Operations,E1,Operations,5.0,Leading Change,Resilience,ordinal_4,4.0
LTM1056,Aniruddh Yogi,Vice President - Operations,E1,Operations,5.0,Stakeholder Engagement,Builds Trust,ordinal_4,4.0
LTM1056,Aniruddh Yogi,Vice President - Operations,E1,Operations,5.0,Stakeholder Engagement,Customer Focus,ordinal_4,4.0
LTM1056,Aniruddh Yogi,Vice President - Operations,E1,Operations,5.0,Stakeholder Engagement,Influences Others,ordinal_4,4.0
LTM1056,Aniruddh Yogi,Vice President - Operations,E1,Operations,5.0,Positivity,Optimism,scale_100,78.0
LTM1056,Aniruddh Yogi,Vice President - Operations,E1,Operations,5.0,Positivity,Situational Self-Awareness,scale_100,46.0
LTM1056,Aniruddh Yogi,Vice President - Operations,E1,Operations,5.0,Positivity,Composure,scale_100,61.0
LTM1056,Aniruddh Yogi,Vice President - Operations,E1,Operations,5.0,Striving,Credibility,scale_100,56.0
LTM1056,Aniruddh Yogi,Vice President - Operations,E1,Operations,5.0,Striving,Confidence,scale_100,66.0
LTM1056,Aniruddh Yogi,Vice President - Operations,E1,Operations,5.0,Striving,Need for Achievement,scale_100,59.0
LTM1056,Aniruddh Yogi,Vice President - Operations,E1,Operations,5.0,Striving,Persistence,scale_100,63.0
LTM1056,Aniruddh Yogi,Vice President - Operations,E1,Operations,5.0,Agreeableness,Affiliation,scale_100,83.0
LTM1056,Aniruddh Yogi,Vice President - Operations,E1,Operations,5.0,Agreeableness,Humility,scale_100,63.0
LTM1056,Aniruddh Yogi,Vice President - Operations,E1,Operations,5.0,Agreeableness,Trust,scale_100,68.0
LTM1056,Aniruddh Yogi,Vice President - Operations,E1,Operations,5.0,Agreeableness,Openness to Differences,scale_100,62.0
LTM1056,Aniruddh Yogi,Vice President - Operations,E1,Operations,5.0,Agility,Focus,scale_100,65.0
LTM1056,Aniruddh Yogi,Vice President - Operations,E1,Operations,5.0,Agility,Curiosity,scale_100,64.0
LTM1056,Aniruddh Yogi,Vice President - Operations,E1,Operations,5.0,Agility,Adaptability,scale_100,69.0
LTM1056,Aniruddh Yogi,Vice President - Operations,E1,Operations,5.0,Agility,Risk Taking,scale_100,76.0
LTM1056,Aniruddh Yogi,Vice President - Operations,E1,Operations,5.0,Agility,Tolerance of Ambiguity,scale_100,81.0
LTM1056,Aniruddh Yogi,Vice President - Operations,E1,Operations,5.0,Presence,Empathy,scale_100,67.0
LTM1056,Aniruddh Yogi,Vice President - Operations,E1,Operations,5.0,Presence,Assertiveness,scale_100,70.0
LTM1056,Aniruddh Yogi,Vice President - Operations,E1,Operations,5.0,Presence,Sociability,scale_100,53.0
LTM1056,Aniruddh Yogi,Vice President - Operations,E1,Operations,5.0,Presence,Influence,scale_100,63.0
LTM1056,Aniruddh Yogi,Vice President - Operations,E1,Operations,5.0,Learning Agility,Mental Agility,scale_10,8.3
LTM1056,Aniruddh Yogi,Vice President - Operations,E1,Operations,5.0,Learning Agility,People Agility,scale_10,8.2
LTM1056,Aniruddh Yogi,Vice President - Operations,E1,Operations,5.0,Learning Agility,Change Agility,scale_10,7.7
LTM1056,Aniruddh Yogi,Vice President - Operations,E1,Operations,5.0,Learning Agility,Results Agility,scale_10,8.2
LTM1056,Aniruddh Yogi,Vice President - Operations,E1,Operations,5.0,Learning Agility,Situational Self-Awareness,scale_10,7.9
LTM1056,Aniruddh Yogi,Vice President - Operations,E1,Operations,5.0,Drivers,Balance,drivers_60,56.0
LTM1056,Aniruddh Yogi,Vice President - Operations,E1,Operations,5.0,Drivers,Collaboration,drivers_60,50.0
LTM1056,Aniruddh Yogi,Vice President - Operations,E1,Operations,5.0,Drivers,Power,drivers_60,45.0
LTM1056,Aniruddh Yogi,Vice President - Operations,E1,Operations,5.0,Drivers,Challenge,drivers_60,50.0
LTM1056,Aniruddh Yogi,Vice President - Operations,E1,Operations,5.0,Drivers,Structure,drivers_60,27.0
LTM1056,Aniruddh Yogi,Vice President - Operations,E1,Operations,5.0,Drivers,Independence,drivers_60,50.0
LTM1056,Aniruddh Yogi,Vice President - Operations,E1,Operations,5.0,Risk Factor,Avoidant,risk_10,1.0
LTM1056,Aniruddh Yogi,Vice President - Operations,E1,Operations,5.0,Risk Factor,Closed,risk_10,1.0
LTM1056,Aniruddh Yogi,Vice President - Operations,E1,Operations,5.0,Risk Factor,Defensive,risk_10,2.1
LTM1056,Aniruddh Yogi,Vice President - Operations,E1,Operations,5.0,Risk Factor,Egotistic,risk_10,2.1
LTM1056,Aniruddh Yogi,Vice President - Operations,E1,Operations,5.0,Risk Factor,Micro Managing,risk_10,1.0
LTM1056,Aniruddh Yogi,Vice President - Operations,E1,Operations,5.0,Risk Factor,Opportunistic,risk_10,1.0
LTM1056,Aniruddh Yogi,Vice President - Operations,E1,Operations,5.0,Risk Factor,Restrained,risk_10,2.9
LTM1056,Aniruddh Yogi,Vice President - Operations,E1,Operations,5.0,Risk Factor,Social Pleaser,risk_10,1.2
LTM1056,Aniruddh Yogi,Vice President - Operations,E1,Operations,5.0,Risk Factor,Solitary,risk_10,3.7
LTM1056,Aniruddh Yogi,Vice President - Operations,E1,Operations,5.0,Risk Factor,Suspicious,risk_10,1.7
LTM1056,Aniruddh Yogi,Vice President - Operations,E1,Operations,5.0,Risk Factor,Volatile,risk_10,2.0
LTM1013,Jiya Batta,Vice President - Customer Success,E1,General Management,5.0,Strategic Thinking,Strategic Vision,ordinal_4,4.0
LTM1013,Jiya Batta,Vice President - Customer Success,E1,General Management,5.0,Strategic Thinking,Business Acumen,ordinal_4,4.0
LTM1013,Jiya Batta,Vice President - Customer Success,E1,General Management,5.0,Strategic Thinking,Market and External Awareness,ordinal_4,4.0
LTM1013,Jiya Batta,Vice President - Customer Success,E1,General Management,5.0,Operational Excellence,Drive for Results,ordinal_4,3.0
LTM1013,Jiya Batta,Vice President - Customer Success,E1,General Management,5.0,Operational Excellence,Process Optimization,ordinal_4,3.0
LTM1013,Jiya Batta,Vice President - Customer Success,E1,General Management,5.0,Operational Excellence,Quality Focus,ordinal_4,3.0
LTM1013,Jiya Batta,Vice President - Customer Success,E1,General Management,5.0,Decision Effectiveness,Analytical Thinking,ordinal_4,3.0
LTM1013,Jiya Batta,Vice President - Customer Success,E1,General Management,5.0,Decision Effectiveness,Sound Judgment,ordinal_4,3.0
LTM1013,Jiya Batta,Vice President - Customer Success,E1,General Management,5.0,Decision Effectiveness,Decisiveness Under Uncertainty,ordinal_4,4.0
LTM1013,Jiya Batta,Vice President - Customer Success,E1,General Management,5.0,People Leadership,Develops Talent,ordinal_4,4.0
LTM1013,Jiya Batta,Vice President - Customer Success,E1,General Management,5.0,People Leadership,Builds Effective Teams,ordinal_4,4.0
LTM1013,Jiya Batta,Vice President - Customer Success,E1,General Management,5.0,People Leadership,Coaching Others,ordinal_4,4.0
LTM1013,Jiya Batta,Vice President - Customer Success,E1,General Management,5.0,Leading Change,Change Sponsorship,ordinal_4,4.0
LTM1013,Jiya Batta,Vice President - Customer Success,E1,General Management,5.0,Leading Change,Adaptability,ordinal_4,4.0
LTM1013,Jiya Batta,Vice President - Customer Success,E1,General Management,5.0,Leading Change,Resilience,ordinal_4,4.0
LTM1013,Jiya Batta,Vice President - Customer Success,E1,General Management,5.0,Stakeholder Engagement,Builds Trust,ordinal_4,3.0
LTM1013,Jiya Batta,Vice President - Customer Success,E1,General Management,5.0,Stakeholder Engagement,Customer Focus,ordinal_4,4.0
LTM1013,Jiya Batta,Vice President - Customer Success,E1,General Management,5.0,Stakeholder Engagement,Influences Others,ordinal_4,3.0
LTM1013,Jiya Batta,Vice President - Customer Success,E1,General Management,5.0,Positivity,Optimism,scale_100,50.0
LTM1013,Jiya Batta,Vice President - Customer Success,E1,General Management,5.0,Positivity,Situational Self-Awareness,scale_100,69.0
LTM1013,Jiya Batta,Vice President - Customer Success,E1,General Management,5.0,Positivity,Composure,scale_100,69.0
LTM1013,Jiya Batta,Vice President - Customer Success,E1,General Management,5.0,Striving,Credibility,scale_100,49.0
LTM1013,Jiya Batta,Vice President - Customer Success,E1,General Management,5.0,Striving,Confidence,scale_100,67.0
LTM1013,Jiya Batta,Vice President - Customer Success,E1,General Management,5.0,Striving,Need for Achievement,scale_100,72.0
LTM1013,Jiya Batta,Vice President - Customer Success,E1,General Management,5.0,Striving,Persistence,scale_100,68.0
LTM1013,Jiya Batta,Vice President - Customer Success,E1,General Management,5.0,Agreeableness,Affiliation,scale_100,71.0
LTM1013,Jiya Batta,Vice President - Customer Success,E1,General Management,5.0,Agreeableness,Humility,scale_100,50.0
LTM1013,Jiya Batta,Vice President - Customer Success,E1,General Management,5.0,Agreeableness,Trust,scale_100,68.0
LTM1013,Jiya Batta,Vice President - Customer Success,E1,General Management,5.0,Agreeableness,Openness to Differences,scale_100,61.0
LTM1013,Jiya Batta,Vice President - Customer Success,E1,General Management,5.0,Agility,Focus,scale_100,60.0
LTM1013,Jiya Batta,Vice President - Customer Success,E1,General Management,5.0,Agility,Curiosity,scale_100,73.0
LTM1013,Jiya Batta,Vice President - Customer Success,E1,General Management,5.0,Agility,Adaptability,scale_100,79.0
LTM1013,Jiya Batta,Vice President - Customer Success,E1,General Management,5.0,Agility,Risk Taking,scale_100,82.0
LTM1013,Jiya Batta,Vice President - Customer Success,E1,General Management,5.0,Agility,Tolerance of Ambiguity,scale_100,77.0
LTM1013,Jiya Batta,Vice President - Customer Success,E1,General Management,5.0,Presence,Empathy,scale_100,63.0
LTM1013,Jiya Batta,Vice President - Customer Success,E1,General Management,5.0,Presence,Assertiveness,scale_100,68.0
LTM1013,Jiya Batta,Vice President - Customer Success,E1,General Management,5.0,Presence,Sociability,scale_100,72.0
LTM1013,Jiya Batta,Vice President - Customer Success,E1,General Management,5.0,Presence,Influence,scale_100,66.0
LTM1013,Jiya Batta,Vice President - Customer Success,E1,General Management,5.0,Learning Agility,Mental Agility,scale_10,7.6
LTM1013,Jiya Batta,Vice President - Customer Success,E1,General Management,5.0,Learning Agility,People Agility,scale_10,8.2
LTM1013,Jiya Batta,Vice President - Customer Success,E1,General Management,5.0,Learning Agility,Change Agility,scale_10,7.5
LTM1013,Jiya Batta,Vice President - Customer Success,E1,General Management,5.0,Learning Agility,Results Agility,scale_10,6.9
LTM1013,Jiya Batta,Vice President - Customer Success,E1,General Management,5.0,Learning Agility,Situational Self-Awareness,scale_10,7.2
LTM1013,Jiya Batta,Vice President - Customer Success,E1,General Management,5.0,Drivers,Balance,drivers_60,47.0
LTM1013,Jiya Batta,Vice President - Customer Success,E1,General Management,5.0,Drivers,Collaboration,drivers_60,43.0
LTM1013,Jiya Batta,Vice President - Customer Success,E1,General Management,5.0,Drivers,Power,drivers_60,45.0
LTM1013,Jiya Batta,Vice President - Customer Success,E1,General Management,5.0,Drivers,Challenge,drivers_60,47.0
LTM1013,Jiya Batta,Vice President - Customer Success,E1,General Management,5.0,Drivers,Structure,drivers_60,40.0
LTM1013,Jiya Batta,Vice President - Customer Success,E1,General Management,5.0,Drivers,Independence,drivers_60,48.0
LTM1013,Jiya Batta,Vice President - Customer Success,E1,General Management,5.0,Risk Factor,Avoidant,risk_10,2.0
LTM1013,Jiya Batta,Vice President - Customer Success,E1,General Management,5.0,Risk Factor,Closed,risk_10,1.0
LTM1013,Jiya Batta,Vice President - Customer Success,E1,General Management,5.0,Risk Factor,Defensive,risk_10,3.0
LTM1013,Jiya Batta,Vice President - Customer Success,E1,General Management,5.0,Risk Factor,Egotistic,risk_10,1.2
LTM1013,Jiya Batta,Vice President - Customer Success,E1,General Management,5.0,Risk Factor,Micro Managing,risk_10,1.0
LTM1013,Jiya Batta,Vice President - Customer Success,E1,General Management,5.0,Risk Factor,Opportunistic,risk_10,1.0
LTM1013,Jiya Batta,Vice President - Customer Success,E1,General Management,5.0,Risk Factor,Restrained,risk_10,1.0
LTM1013,Jiya Batta,Vice President - Customer Success,E1,General Management,5.0,Risk Factor,Social Pleaser,risk_10,1.7
LTM1013,Jiya Batta,Vice President - Customer Success,E1,General Management,5.0,Risk Factor,Solitary,risk_10,1.4
LTM1013,Jiya Batta,Vice President - Customer Success,E1,General Management,5.0,Risk Factor,Suspicious,risk_10,1.4
LTM1013,Jiya Batta,Vice President - Customer Success,E1,General Management,5.0,Risk Factor,Volatile,risk_10,2.2
LTM1014,Damini Sawhney,Senior Director - Delivery,E2,Operations,4.2,Strategic Thinking,Strategic Vision,ordinal_4,2.0
LTM1014,Damini Sawhney,Senior Director - Delivery,E2,Operations,4.2,Strategic Thinking,Business Acumen,ordinal_4,2.0
LTM1014,Damini Sawhney,Senior Director - Delivery,E2,Operations,4.2,Strategic Thinking,Market and External Awareness,ordinal_4,2.0
LTM1014,Damini Sawhney,Senior Director - Delivery,E2,Operations,4.2,Operational Excellence,Drive for Results,ordinal_4,2.0
LTM1014,Damini Sawhney,Senior Director - Delivery,E2,Operations,4.2,Operational Excellence,Process Optimization,ordinal_4,2.0
LTM1014,Damini Sawhney,Senior Director - Delivery,E2,Operations,4.2,Operational Excellence,Quality Focus,ordinal_4,2.0
LTM1014,Damini Sawhney,Senior Director - Delivery,E2,Operations,4.2,Decision Effectiveness,Analytical Thinking,ordinal_4,2.0
LTM1014,Damini Sawhney,Senior Director - Delivery,E2,Operations,4.2,Decision Effectiveness,Sound Judgment,ordinal_4,2.0
LTM1014,Damini Sawhney,Senior Director - Delivery,E2,Operations,4.2,Decision Effectiveness,Decisiveness Under Uncertainty,ordinal_4,2.0
LTM1014,Damini Sawhney,Senior Director - Delivery,E2,Operations,4.2,People Leadership,Develops Talent,ordinal_4,2.0
LTM1014,Damini Sawhney,Senior Director - Delivery,E2,Operations,4.2,People Leadership,Builds Effective Teams,ordinal_4,2.0
LTM1014,Damini Sawhney,Senior Director - Delivery,E2,Operations,4.2,People Leadership,Coaching Others,ordinal_4,2.0
LTM1014,Damini Sawhney,Senior Director - Delivery,E2,Operations,4.2,Leading Change,Change Sponsorship,ordinal_4,2.0
LTM1014,Damini Sawhney,Senior Director - Delivery,E2,Operations,4.2,Leading Change,Adaptability,ordinal_4,2.0
LTM1014,Damini Sawhney,Senior Director - Delivery,E2,Operations,4.2,Leading Change,Resilience,ordinal_4,2.0
LTM1014,Damini Sawhney,Senior Director - Delivery,E2,Operations,4.2,Stakeholder Engagement,Builds Trust,ordinal_4,2.0
LTM1014,Damini Sawhney,Senior Director - Delivery,E2,Operations,4.2,Stakeholder Engagement,Customer Focus,ordinal_4,2.0
LTM1014,Damini Sawhney,Senior Director - Delivery,E2,Operations,4.2,Stakeholder Engagement,Influences Others,ordinal_4,2.0
LTM1014,Damini Sawhney,Senior Director - Delivery,E2,Operations,4.2,Positivity,Optimism,scale_100,52.0
LTM1014,Damini Sawhney,Senior Director - Delivery,E2,Operations,4.2,Positivity,Situational Self-Awareness,scale_100,51.0
LTM1014,Damini Sawhney,Senior Director - Delivery,E2,Operations,4.2,Positivity,Composure,scale_100,34.0
LTM1014,Damini Sawhney,Senior Director - Delivery,E2,Operations,4.2,Striving,Credibility,scale_100,54.0
LTM1014,Damini Sawhney,Senior Director - Delivery,E2,Operations,4.2,Striving,Confidence,scale_100,51.0
LTM1014,Damini Sawhney,Senior Director - Delivery,E2,Operations,4.2,Striving,Need for Achievement,scale_100,45.0
LTM1014,Damini Sawhney,Senior Director - Delivery,E2,Operations,4.2,Striving,Persistence,scale_100,36.0
LTM1014,Damini Sawhney,Senior Director - Delivery,E2,Operations,4.2,Agreeableness,Affiliation,scale_100,35.0
LTM1014,Damini Sawhney,Senior Director - Delivery,E2,Operations,4.2,Agreeableness,Humility,scale_100,39.0
LTM1014,Damini Sawhney,Senior Director - Delivery,E2,Operations,4.2,Agreeableness,Trust,scale_100,49.0
LTM1014,Damini Sawhney,Senior Director - Delivery,E2,Operations,4.2,Agreeableness,Openness to Differences,scale_100,34.0
LTM1014,Damini Sawhney,Senior Director - Delivery,E2,Operations,4.2,Agility,Focus,scale_100,48.0
LTM1014,Damini Sawhney,Senior Director - Delivery,E2,Operations,4.2,Agility,Curiosity,scale_100,32.0
LTM1014,Damini Sawhney,Senior Director - Delivery,E2,Operations,4.2,Agility,Adaptability,scale_100,42.0
LTM1014,Damini Sawhney,Senior Director - Delivery,E2,Operations,4.2,Agility,Risk Taking,scale_100,45.0
LTM1014,Damini Sawhney,Senior Director - Delivery,E2,Operations,4.2,Agility,Tolerance of Ambiguity,scale_100,68.0
LTM1014,Damini Sawhney,Senior Director - Delivery,E2,Operations,4.2,Presence,Empathy,scale_100,30.0
LTM1014,Damini Sawhney,Senior Director - Delivery,E2,Operations,4.2,Presence,Assertiveness,scale_100,59.0
LTM1014,Damini Sawhney,Senior Director - Delivery,E2,Operations,4.2,Presence,Sociability,scale_100,45.0
LTM1014,Damini Sawhney,Senior Director - Delivery,E2,Operations,4.2,Presence,Influence,scale_100,48.0
LTM1014,Damini Sawhney,Senior Director - Delivery,E2,Operations,4.2,Learning Agility,Mental Agility,scale_10,4.8
LTM1014,Damini Sawhney,Senior Director - Delivery,E2,Operations,4.2,Learning Agility,People Agility,scale_10,5.1
LTM1014,Damini Sawhney,Senior Director - Delivery,E2,Operations,4.2,Learning Agility,Change Agility,scale_10,4.6
LTM1014,Damini Sawhney,Senior Director - Delivery,E2,Operations,4.2,Learning Agility,Results Agility,scale_10,5.9
LTM1014,Damini Sawhney,Senior Director - Delivery,E2,Operations,4.2,Learning Agility,Situational Self-Awareness,scale_10,4.4
LTM1014,Damini Sawhney,Senior Director - Delivery,E2,Operations,4.2,Drivers,Balance,drivers_60,37.0
LTM1014,Damini Sawhney,Senior Director - Delivery,E2,Operations,4.2,Drivers,Collaboration,drivers_60,24.0
LTM1014,Damini Sawhney,Senior Director - Delivery,E2,Operations,4.2,Drivers,Power,drivers_60,29.0
LTM1014,Damini Sawhney,Senior Director - Delivery,E2,Operations,4.2,Drivers,Challenge,drivers_60,21.0
LTM1014,Damini Sawhney,Senior Director - Delivery,E2,Operations,4.2,Drivers,Structure,drivers_60,32.0
LTM1014,Damini Sawhney,Senior Director - Delivery,E2,Operations,4.2,Drivers,Independence,drivers_60,39.0
LTM1014,Damini Sawhney,Senior Director - Delivery,E2,Operations,4.2,Risk Factor,Avoidant,risk_10,4.9
LTM1014,Damini Sawhney,Senior Director - Delivery,E2,Operations,4.2,Risk Factor,Closed,risk_10,4.8
LTM1014,Damini Sawhney,Senior Director - Delivery,E2,Operations,4.2,Risk Factor,Defensive,risk_10,4.0
LTM1014,Damini Sawhney,Senior Director - Delivery,E2,Operations,4.2,Risk Factor,Egotistic,risk_10,4.8
LTM1014,Damini Sawhney,Senior Director - Delivery,E2,Operations,4.2,Risk Factor,Micro Managing,risk_10,3.6
LTM1014,Damini Sawhney,Senior Director - Delivery,E2,Operations,4.2,Risk Factor,Opportunistic,risk_10,4.2
LTM1014,Damini Sawhney,Senior Director - Delivery,E2,Operations,4.2,Risk Factor,Restrained,risk_10,5.2
LTM1014,Damini Sawhney,Senior Director - Delivery,E2,Operations,4.2,Risk Factor,Social Pleaser,risk_10,6.2
LTM1014,Damini Sawhney,Senior Director - Delivery,E2,Operations,4.2,Risk Factor,Solitary,risk_10,7.5
LTM1014,Damini Sawhney,Senior Director - Delivery,E2,Operations,4.2,Risk Factor,Suspicious,risk_10,4.5
LTM1014,Damini Sawhney,Senior Director - Delivery,E2,Operations,4.2,Risk Factor,Volatile,risk_10,6.3
LTM1018,Sahil Mannan,Senior Director - Delivery,E2,Operations,4.6,Strategic Thinking,Strategic Vision,ordinal_4,3.0
LTM1018,Sahil Mannan,Senior Director - Delivery,E2,Operations,4.6,Strategic Thinking,Business Acumen,ordinal_4,3.0
LTM1018,Sahil Mannan,Senior Director - Delivery,E2,Operations,4.6,Strategic Thinking,Market and External Awareness,ordinal_4,3.0
LTM1018,Sahil Mannan,Senior Director - Delivery,E2,Operations,4.6,Operational Excellence,Drive for Results,ordinal_4,3.0
LTM1018,Sahil Mannan,Senior Director - Delivery,E2,Operations,4.6,Operational Excellence,Process Optimization,ordinal_4,3.0
LTM1018,Sahil Mannan,Senior Director - Delivery,E2,Operations,4.6,Operational Excellence,Quality Focus,ordinal_4,3.0
LTM1018,Sahil Mannan,Senior Director - Delivery,E2,Operations,4.6,Decision Effectiveness,Analytical Thinking,ordinal_4,3.0
LTM1018,Sahil Mannan,Senior Director - Delivery,E2,Operations,4.6,Decision Effectiveness,Sound Judgment,ordinal_4,3.0
LTM1018,Sahil Mannan,Senior Director - Delivery,E2,Operations,4.6,Decision Effectiveness,Decisiveness Under Uncertainty,ordinal_4,4.0
LTM1018,Sahil Mannan,Senior Director - Delivery,E2,Operations,4.6,People Leadership,Develops Talent,ordinal_4,3.0
LTM1018,Sahil Mannan,Senior Director - Delivery,E2,Operations,4.6,People Leadership,Builds Effective Teams,ordinal_4,3.0
LTM1018,Sahil Mannan,Senior Director - Delivery,E2,Operations,4.6,People Leadership,Coaching Others,ordinal_4,3.0
LTM1018,Sahil Mannan,Senior Director - Delivery,E2,Operations,4.6,Leading Change,Change Sponsorship,ordinal_4,3.0
LTM1018,Sahil Mannan,Senior Director - Delivery,E2,Operations,4.6,Leading Change,Adaptability,ordinal_4,3.0
LTM1018,Sahil Mannan,Senior Director - Delivery,E2,Operations,4.6,Leading Change,Resilience,ordinal_4,2.0
LTM1018,Sahil Mannan,Senior Director - Delivery,E2,Operations,4.6,Stakeholder Engagement,Builds Trust,ordinal_4,3.0
LTM1018,Sahil Mannan,Senior Director - Delivery,E2,Operations,4.6,Stakeholder Engagement,Customer Focus,ordinal_4,3.0
LTM1018,Sahil Mannan,Senior Director - Delivery,E2,Operations,4.6,Stakeholder Engagement,Influences Others,ordinal_4,3.0
LTM1018,Sahil Mannan,Senior Director - Delivery,E2,Operations,4.6,Positivity,Optimism,scale_100,65.0
LTM1018,Sahil Mannan,Senior Director - Delivery,E2,Operations,4.6,Positivity,Situational Self-Awareness,scale_100,67.0
LTM1018,Sahil Mannan,Senior Director - Delivery,E2,Operations,4.6,Positivity,Composure,scale_100,66.0
LTM1018,Sahil Mannan,Senior Director - Delivery,E2,Operations,4.6,Striving,Credibility,scale_100,61.0
LTM1018,Sahil Mannan,Senior Director - Delivery,E2,Operations,4.6,Striving,Confidence,scale_100,61.0
LTM1018,Sahil Mannan,Senior Director - Delivery,E2,Operations,4.6,Striving,Need for Achievement,scale_100,60.0
LTM1018,Sahil Mannan,Senior Director - Delivery,E2,Operations,4.6,Striving,Persistence,scale_100,44.0
LTM1018,Sahil Mannan,Senior Director - Delivery,E2,Operations,4.6,Agreeableness,Affiliation,scale_100,62.0
LTM1018,Sahil Mannan,Senior Director - Delivery,E2,Operations,4.6,Agreeableness,Humility,scale_100,41.0
LTM1018,Sahil Mannan,Senior Director - Delivery,E2,Operations,4.6,Agreeableness,Trust,scale_100,47.0
LTM1018,Sahil Mannan,Senior Director - Delivery,E2,Operations,4.6,Agreeableness,Openness to Differences,scale_100,68.0
LTM1018,Sahil Mannan,Senior Director - Delivery,E2,Operations,4.6,Agility,Focus,scale_100,63.0
LTM1018,Sahil Mannan,Senior Director - Delivery,E2,Operations,4.6,Agility,Curiosity,scale_100,70.0
LTM1018,Sahil Mannan,Senior Director - Delivery,E2,Operations,4.6,Agility,Adaptability,scale_100,52.0
LTM1018,Sahil Mannan,Senior Director - Delivery,E2,Operations,4.6,Agility,Risk Taking,scale_100,43.0
LTM1018,Sahil Mannan,Senior Director - Delivery,E2,Operations,4.6,Agility,Tolerance of Ambiguity,scale_100,53.0
LTM1018,Sahil Mannan,Senior Director - Delivery,E2,Operations,4.6,Presence,Empathy,scale_100,56.0
LTM1018,Sahil Mannan,Senior Director - Delivery,E2,Operations,4.6,Presence,Assertiveness,scale_100,56.0
LTM1018,Sahil Mannan,Senior Director - Delivery,E2,Operations,4.6,Presence,Sociability,scale_100,66.0
LTM1018,Sahil Mannan,Senior Director - Delivery,E2,Operations,4.6,Presence,Influence,scale_100,51.0
LTM1018,Sahil Mannan,Senior Director - Delivery,E2,Operations,4.6,Learning Agility,Mental Agility,scale_10,6.5
LTM1018,Sahil Mannan,Senior Director - Delivery,E2,Operations,4.6,Learning Agility,People Agility,scale_10,5.5
LTM1018,Sahil Mannan,Senior Director - Delivery,E2,Operations,4.6,Learning Agility,Change Agility,scale_10,6.6
LTM1018,Sahil Mannan,Senior Director - Delivery,E2,Operations,4.6,Learning Agility,Results Agility,scale_10,6.3
LTM1018,Sahil Mannan,Senior Director - Delivery,E2,Operations,4.6,Learning Agility,Situational Self-Awareness,scale_10,5.7
LTM1018,Sahil Mannan,Senior Director - Delivery,E2,Operations,4.6,Drivers,Balance,drivers_60,37.0
LTM1018,Sahil Mannan,Senior Director - Delivery,E2,Operations,4.6,Drivers,Collaboration,drivers_60,38.0
LTM1018,Sahil Mannan,Senior Director - Delivery,E2,Operations,4.6,Drivers,Power,drivers_60,37.0
LTM1018,Sahil Mannan,Senior Director - Delivery,E2,Operations,4.6,Drivers,Challenge,drivers_60,51.0
LTM1018,Sahil Mannan,Senior Director - Delivery,E2,Operations,4.6,Drivers,Structure,drivers_60,38.0
LTM1018,Sahil Mannan,Senior Director - Delivery,E2,Operations,4.6,Drivers,Independence,drivers_60,37.0
LTM1018,Sahil Mannan,Senior Director - Delivery,E2,Operations,4.6,Risk Factor,Avoidant,risk_10,1.4
LTM1018,Sahil Mannan,Senior Director - Delivery,E2,Operations,4.6,Risk Factor,Closed,risk_10,2.4
LTM1018,Sahil Mannan,Senior Director - Delivery,E2,Operations,4.6,Risk Factor,Defensive,risk_10,3.0
LTM1018,Sahil Mannan,Senior Director - Delivery,E2,Operations,4.6,Risk Factor,Egotistic,risk_10,2.6
LTM1018,Sahil Mannan,Senior Director - Delivery,E2,Operations,4.6,Risk Factor,Micro Managing,risk_10,4.5
LTM1018,Sahil Mannan,Senior Director - Delivery,E2,Operations,4.6,Risk Factor,Opportunistic,risk_10,3.1
LTM1018,Sahil Mannan,Senior Director - Delivery,E2,Operations,4.6,Risk Factor,Restrained,risk_10,4.4
LTM1018,Sahil Mannan,Senior Director - Delivery,E2,Operations,4.6,Risk Factor,Social Pleaser,risk_10,3.3
LTM1018,Sahil Mannan,Senior Director - Delivery,E2,Operations,4.6,Risk Factor,Solitary,risk_10,3.3
LTM1018,Sahil Mannan,Senior Director - Delivery,E2,Operations,4.6,Risk Factor,Suspicious,risk_10,3.2
LTM1018,Sahil Mannan,Senior Director - Delivery,E2,Operations,4.6,Risk Factor,Volatile,risk_10,3.3
LTM1064,Chirag Borra,Director - Enterprise Applications,E2,Technology & Engineering,4.7,Strategic Thinking,Strategic Vision,ordinal_4,4.0
LTM1064,Chirag Borra,Director - Enterprise Applications,E2,Technology & Engineering,4.7,Strategic Thinking,Business Acumen,ordinal_4,2.0
LTM1064,Chirag Borra,Director - Enterprise Applications,E2,Technology & Engineering,4.7,Strategic Thinking,Market and External Awareness,ordinal_4,2.0
LTM1064,Chirag Borra,Director - Enterprise Applications,E2,Technology & Engineering,4.7,Operational Excellence,Drive for Results,ordinal_4,3.0
LTM1064,Chirag Borra,Director - Enterprise Applications,E2,Technology & Engineering,4.7,Operational Excellence,Process Optimization,ordinal_4,4.0
LTM1064,Chirag Borra,Director - Enterprise Applications,E2,Technology & Engineering,4.7,Operational Excellence,Quality Focus,ordinal_4,4.0
LTM1064,Chirag Borra,Director - Enterprise Applications,E2,Technology & Engineering,4.7,Decision Effectiveness,Analytical Thinking,ordinal_4,3.0
LTM1064,Chirag Borra,Director - Enterprise Applications,E2,Technology & Engineering,4.7,Decision Effectiveness,Sound Judgment,ordinal_4,3.0
LTM1064,Chirag Borra,Director - Enterprise Applications,E2,Technology & Engineering,4.7,Decision Effectiveness,Decisiveness Under Uncertainty,ordinal_4,3.0
LTM1064,Chirag Borra,Director - Enterprise Applications,E2,Technology & Engineering,4.7,People Leadership,Develops Talent,ordinal_4,3.0
LTM1064,Chirag Borra,Director - Enterprise Applications,E2,Technology & Engineering,4.7,People Leadership,Builds Effective Teams,ordinal_4,3.0
LTM1064,Chirag Borra,Director - Enterprise Applications,E2,Technology & Engineering,4.7,People Leadership,Coaching Others,ordinal_4,3.0
LTM1064,Chirag Borra,Director - Enterprise Applications,E2,Technology & Engineering,4.7,Leading Change,Change Sponsorship,ordinal_4,3.0
LTM1064,Chirag Borra,Director - Enterprise Applications,E2,Technology & Engineering,4.7,Leading Change,Adaptability,ordinal_4,3.0
LTM1064,Chirag Borra,Director - Enterprise Applications,E2,Technology & Engineering,4.7,Leading Change,Resilience,ordinal_4,3.0
LTM1064,Chirag Borra,Director - Enterprise Applications,E2,Technology & Engineering,4.7,Stakeholder Engagement,Builds Trust,ordinal_4,3.0
LTM1064,Chirag Borra,Director - Enterprise Applications,E2,Technology & Engineering,4.7,Stakeholder Engagement,Customer Focus,ordinal_4,3.0
LTM1064,Chirag Borra,Director - Enterprise Applications,E2,Technology & Engineering,4.7,Stakeholder Engagement,Influences Others,ordinal_4,3.0
LTM1064,Chirag Borra,Director - Enterprise Applications,E2,Technology & Engineering,4.7,Positivity,Optimism,scale_100,33.0
LTM1064,Chirag Borra,Director - Enterprise Applications,E2,Technology & Engineering,4.7,Positivity,Situational Self-Awareness,scale_100,44.0
LTM1064,Chirag Borra,Director - Enterprise Applications,E2,Technology & Engineering,4.7,Positivity,Composure,scale_100,46.0
LTM1064,Chirag Borra,Director - Enterprise Applications,E2,Technology & Engineering,4.7,Striving,Credibility,scale_100,54.0
LTM1064,Chirag Borra,Director - Enterprise Applications,E2,Technology & Engineering,4.7,Striving,Confidence,scale_100,55.0
LTM1064,Chirag Borra,Director - Enterprise Applications,E2,Technology & Engineering,4.7,Striving,Need for Achievement,scale_100,43.0
LTM1064,Chirag Borra,Director - Enterprise Applications,E2,Technology & Engineering,4.7,Striving,Persistence,scale_100,48.0
LTM1064,Chirag Borra,Director - Enterprise Applications,E2,Technology & Engineering,4.7,Agreeableness,Affiliation,scale_100,49.0
LTM1064,Chirag Borra,Director - Enterprise Applications,E2,Technology & Engineering,4.7,Agreeableness,Humility,scale_100,82.0
LTM1064,Chirag Borra,Director - Enterprise Applications,E2,Technology & Engineering,4.7,Agreeableness,Trust,scale_100,76.0
LTM1064,Chirag Borra,Director - Enterprise Applications,E2,Technology & Engineering,4.7,Agreeableness,Openness to Differences,scale_100,54.0
LTM1064,Chirag Borra,Director - Enterprise Applications,E2,Technology & Engineering,4.7,Agility,Focus,scale_100,60.0
LTM1064,Chirag Borra,Director - Enterprise Applications,E2,Technology & Engineering,4.7,Agility,Curiosity,scale_100,52.0
LTM1064,Chirag Borra,Director - Enterprise Applications,E2,Technology & Engineering,4.7,Agility,Adaptability,scale_100,45.0
LTM1064,Chirag Borra,Director - Enterprise Applications,E2,Technology & Engineering,4.7,Agility,Risk Taking,scale_100,63.0
LTM1064,Chirag Borra,Director - Enterprise Applications,E2,Technology & Engineering,4.7,Agility,Tolerance of Ambiguity,scale_100,54.0
LTM1064,Chirag Borra,Director - Enterprise Applications,E2,Technology & Engineering,4.7,Presence,Empathy,scale_100,57.0
LTM1064,Chirag Borra,Director - Enterprise Applications,E2,Technology & Engineering,4.7,Presence,Assertiveness,scale_100,42.0
LTM1064,Chirag Borra,Director - Enterprise Applications,E2,Technology & Engineering,4.7,Presence,Sociability,scale_100,50.0
LTM1064,Chirag Borra,Director - Enterprise Applications,E2,Technology & Engineering,4.7,Presence,Influence,scale_100,59.0
LTM1064,Chirag Borra,Director - Enterprise Applications,E2,Technology & Engineering,4.7,Learning Agility,Mental Agility,scale_10,7.5
LTM1064,Chirag Borra,Director - Enterprise Applications,E2,Technology & Engineering,4.7,Learning Agility,People Agility,scale_10,7.6
LTM1064,Chirag Borra,Director - Enterprise Applications,E2,Technology & Engineering,4.7,Learning Agility,Change Agility,scale_10,6.2
LTM1064,Chirag Borra,Director - Enterprise Applications,E2,Technology & Engineering,4.7,Learning Agility,Results Agility,scale_10,7.9
LTM1064,Chirag Borra,Director - Enterprise Applications,E2,Technology & Engineering,4.7,Learning Agility,Situational Self-Awareness,scale_10,6.6
LTM1064,Chirag Borra,Director - Enterprise Applications,E2,Technology & Engineering,4.7,Drivers,Balance,drivers_60,41.0
LTM1064,Chirag Borra,Director - Enterprise Applications,E2,Technology & Engineering,4.7,Drivers,Collaboration,drivers_60,36.0
LTM1064,Chirag Borra,Director - Enterprise Applications,E2,Technology & Engineering,4.7,Drivers,Power,drivers_60,27.0
LTM1064,Chirag Borra,Director - Enterprise Applications,E2,Technology & Engineering,4.7,Drivers,Challenge,drivers_60,34.0
LTM1064,Chirag Borra,Director - Enterprise Applications,E2,Technology & Engineering,4.7,Drivers,Structure,drivers_60,39.0
LTM1064,Chirag Borra,Director - Enterprise Applications,E2,Technology & Engineering,4.7,Drivers,Independence,drivers_60,41.0
LTM1064,Chirag Borra,Director - Enterprise Applications,E2,Technology & Engineering,4.7,Risk Factor,Avoidant,risk_10,2.7
LTM1064,Chirag Borra,Director - Enterprise Applications,E2,Technology & Engineering,4.7,Risk Factor,Closed,risk_10,4.2
LTM1064,Chirag Borra,Director - Enterprise Applications,E2,Technology & Engineering,4.7,Risk Factor,Defensive,risk_10,3.7
LTM1064,Chirag Borra,Director - Enterprise Applications,E2,Technology & Engineering,4.7,Risk Factor,Egotistic,risk_10,2.6
LTM1064,Chirag Borra,Director - Enterprise Applications,E2,Technology & Engineering,4.7,Risk Factor,Micro Managing,risk_10,3.5
LTM1064,Chirag Borra,Director - Enterprise Applications,E2,Technology & Engineering,4.7,Risk Factor,Opportunistic,risk_10,4.6
LTM1064,Chirag Borra,Director - Enterprise Applications,E2,Technology & Engineering,4.7,Risk Factor,Restrained,risk_10,4.6
LTM1064,Chirag Borra,Director - Enterprise Applications,E2,Technology & Engineering,4.7,Risk Factor,Social Pleaser,risk_10,1.7
LTM1064,Chirag Borra,Director - Enterprise Applications,E2,Technology & Engineering,4.7,Risk Factor,Solitary,risk_10,2.0
LTM1064,Chirag Borra,Director - Enterprise Applications,E2,Technology & Engineering,4.7,Risk Factor,Suspicious,risk_10,4.1
LTM1064,Chirag Borra,Director - Enterprise Applications,E2,Technology & Engineering,4.7,Risk Factor,Volatile,risk_10,1.9
LTM1024,Elakshi Bhandari,Senior Director - AI & Data,E2,Technology & Engineering,4.5,Strategic Thinking,Strategic Vision,ordinal_4,2.0
LTM1024,Elakshi Bhandari,Senior Director - AI & Data,E2,Technology & Engineering,4.5,Strategic Thinking,Business Acumen,ordinal_4,2.0
LTM1024,Elakshi Bhandari,Senior Director - AI & Data,E2,Technology & Engineering,4.5,Strategic Thinking,Market and External Awareness,ordinal_4,3.0
LTM1024,Elakshi Bhandari,Senior Director - AI & Data,E2,Technology & Engineering,4.5,Operational Excellence,Drive for Results,ordinal_4,3.0
LTM1024,Elakshi Bhandari,Senior Director - AI & Data,E2,Technology & Engineering,4.5,Operational Excellence,Process Optimization,ordinal_4,3.0
LTM1024,Elakshi Bhandari,Senior Director - AI & Data,E2,Technology & Engineering,4.5,Operational Excellence,Quality Focus,ordinal_4,3.0
LTM1024,Elakshi Bhandari,Senior Director - AI & Data,E2,Technology & Engineering,4.5,Decision Effectiveness,Analytical Thinking,ordinal_4,2.0
LTM1024,Elakshi Bhandari,Senior Director - AI & Data,E2,Technology & Engineering,4.5,Decision Effectiveness,Sound Judgment,ordinal_4,2.0
LTM1024,Elakshi Bhandari,Senior Director - AI & Data,E2,Technology & Engineering,4.5,Decision Effectiveness,Decisiveness Under Uncertainty,ordinal_4,3.0
LTM1024,Elakshi Bhandari,Senior Director - AI & Data,E2,Technology & Engineering,4.5,People Leadership,Develops Talent,ordinal_4,3.0
LTM1024,Elakshi Bhandari,Senior Director - AI & Data,E2,Technology & Engineering,4.5,People Leadership,Builds Effective Teams,ordinal_4,3.0
LTM1024,Elakshi Bhandari,Senior Director - AI & Data,E2,Technology & Engineering,4.5,People Leadership,Coaching Others,ordinal_4,2.0
LTM1024,Elakshi Bhandari,Senior Director - AI & Data,E2,Technology & Engineering,4.5,Leading Change,Change Sponsorship,ordinal_4,2.0
LTM1024,Elakshi Bhandari,Senior Director - AI & Data,E2,Technology & Engineering,4.5,Leading Change,Adaptability,ordinal_4,2.0
LTM1024,Elakshi Bhandari,Senior Director - AI & Data,E2,Technology & Engineering,4.5,Leading Change,Resilience,ordinal_4,2.0
LTM1024,Elakshi Bhandari,Senior Director - AI & Data,E2,Technology & Engineering,4.5,Stakeholder Engagement,Builds Trust,ordinal_4,2.0
LTM1024,Elakshi Bhandari,Senior Director - AI & Data,E2,Technology & Engineering,4.5,Stakeholder Engagement,Customer Focus,ordinal_4,2.0
LTM1024,Elakshi Bhandari,Senior Director - AI & Data,E2,Technology & Engineering,4.5,Stakeholder Engagement,Influences Others,ordinal_4,2.0
LTM1024,Elakshi Bhandari,Senior Director - AI & Data,E2,Technology & Engineering,4.5,Positivity,Optimism,scale_100,40.0
LTM1024,Elakshi Bhandari,Senior Director - AI & Data,E2,Technology & Engineering,4.5,Positivity,Situational Self-Awareness,scale_100,65.0
LTM1024,Elakshi Bhandari,Senior Director - AI & Data,E2,Technology & Engineering,4.5,Positivity,Composure,scale_100,52.0
LTM1024,Elakshi Bhandari,Senior Director - AI & Data,E2,Technology & Engineering,4.5,Striving,Credibility,scale_100,65.0
LTM1024,Elakshi Bhandari,Senior Director - AI & Data,E2,Technology & Engineering,4.5,Striving,Confidence,scale_100,56.0
LTM1024,Elakshi Bhandari,Senior Director - AI & Data,E2,Technology & Engineering,4.5,Striving,Need for Achievement,scale_100,60.0
LTM1024,Elakshi Bhandari,Senior Director - AI & Data,E2,Technology & Engineering,4.5,Striving,Persistence,scale_100,43.0
LTM1024,Elakshi Bhandari,Senior Director - AI & Data,E2,Technology & Engineering,4.5,Agreeableness,Affiliation,scale_100,57.0
LTM1024,Elakshi Bhandari,Senior Director - AI & Data,E2,Technology & Engineering,4.5,Agreeableness,Humility,scale_100,60.0
LTM1024,Elakshi Bhandari,Senior Director - AI & Data,E2,Technology & Engineering,4.5,Agreeableness,Trust,scale_100,46.0
LTM1024,Elakshi Bhandari,Senior Director - AI & Data,E2,Technology & Engineering,4.5,Agreeableness,Openness to Differences,scale_100,58.0
LTM1024,Elakshi Bhandari,Senior Director - AI & Data,E2,Technology & Engineering,4.5,Agility,Focus,scale_100,64.0
LTM1024,Elakshi Bhandari,Senior Director - AI & Data,E2,Technology & Engineering,4.5,Agility,Curiosity,scale_100,53.0
LTM1024,Elakshi Bhandari,Senior Director - AI & Data,E2,Technology & Engineering,4.5,Agility,Adaptability,scale_100,47.0
LTM1024,Elakshi Bhandari,Senior Director - AI & Data,E2,Technology & Engineering,4.5,Agility,Risk Taking,scale_100,46.0
LTM1024,Elakshi Bhandari,Senior Director - AI & Data,E2,Technology & Engineering,4.5,Agility,Tolerance of Ambiguity,scale_100,59.0
LTM1024,Elakshi Bhandari,Senior Director - AI & Data,E2,Technology & Engineering,4.5,Presence,Empathy,scale_100,56.0
LTM1024,Elakshi Bhandari,Senior Director - AI & Data,E2,Technology & Engineering,4.5,Presence,Assertiveness,scale_100,44.0
LTM1024,Elakshi Bhandari,Senior Director - AI & Data,E2,Technology & Engineering,4.5,Presence,Sociability,scale_100,53.0
LTM1024,Elakshi Bhandari,Senior Director - AI & Data,E2,Technology & Engineering,4.5,Presence,Influence,scale_100,58.0
LTM1024,Elakshi Bhandari,Senior Director - AI & Data,E2,Technology & Engineering,4.5,Learning Agility,Mental Agility,scale_10,7.0
LTM1024,Elakshi Bhandari,Senior Director - AI & Data,E2,Technology & Engineering,4.5,Learning Agility,People Agility,scale_10,7.7
LTM1024,Elakshi Bhandari,Senior Director - AI & Data,E2,Technology & Engineering,4.5,Learning Agility,Change Agility,scale_10,7.5
LTM1024,Elakshi Bhandari,Senior Director - AI & Data,E2,Technology & Engineering,4.5,Learning Agility,Results Agility,scale_10,5.7
LTM1024,Elakshi Bhandari,Senior Director - AI & Data,E2,Technology & Engineering,4.5,Learning Agility,Situational Self-Awareness,scale_10,7.8
LTM1024,Elakshi Bhandari,Senior Director - AI & Data,E2,Technology & Engineering,4.5,Drivers,Balance,drivers_60,28.0
LTM1024,Elakshi Bhandari,Senior Director - AI & Data,E2,Technology & Engineering,4.5,Drivers,Collaboration,drivers_60,39.0
LTM1024,Elakshi Bhandari,Senior Director - AI & Data,E2,Technology & Engineering,4.5,Drivers,Power,drivers_60,32.0
LTM1024,Elakshi Bhandari,Senior Director - AI & Data,E2,Technology & Engineering,4.5,Drivers,Challenge,drivers_60,29.0
LTM1024,Elakshi Bhandari,Senior Director - AI & Data,E2,Technology & Engineering,4.5,Drivers,Structure,drivers_60,19.0
LTM1024,Elakshi Bhandari,Senior Director - AI & Data,E2,Technology & Engineering,4.5,Drivers,Independence,drivers_60,30.0
LTM1024,Elakshi Bhandari,Senior Director - AI & Data,E2,Technology & Engineering,4.5,Risk Factor,Avoidant,risk_10,2.3
LTM1024,Elakshi Bhandari,Senior Director - AI & Data,E2,Technology & Engineering,4.5,Risk Factor,Closed,risk_10,4.6
LTM1024,Elakshi Bhandari,Senior Director - AI & Data,E2,Technology & Engineering,4.5,Risk Factor,Defensive,risk_10,5.1
LTM1024,Elakshi Bhandari,Senior Director - AI & Data,E2,Technology & Engineering,4.5,Risk Factor,Egotistic,risk_10,3.0
LTM1024,Elakshi Bhandari,Senior Director - AI & Data,E2,Technology & Engineering,4.5,Risk Factor,Micro Managing,risk_10,4.0
LTM1024,Elakshi Bhandari,Senior Director - AI & Data,E2,Technology & Engineering,4.5,Risk Factor,Opportunistic,risk_10,3.0
LTM1024,Elakshi Bhandari,Senior Director - AI & Data,E2,Technology & Engineering,4.5,Risk Factor,Restrained,risk_10,3.1
LTM1024,Elakshi Bhandari,Senior Director - AI & Data,E2,Technology & Engineering,4.5,Risk Factor,Social Pleaser,risk_10,4.4
LTM1024,Elakshi Bhandari,Senior Director - AI & Data,E2,Technology & Engineering,4.5,Risk Factor,Solitary,risk_10,3.7
LTM1024,Elakshi Bhandari,Senior Director - AI & Data,E2,Technology & Engineering,4.5,Risk Factor,Suspicious,risk_10,5.3
LTM1024,Elakshi Bhandari,Senior Director - AI & Data,E2,Technology & Engineering,4.5,Risk Factor,Volatile,risk_10,3.3
LTM1009,Yakshit Ganesh,AVP - Human Resources,E1,Human Resources,4.5,Strategic Thinking,Strategic Vision,ordinal_4,3.0
LTM1009,Yakshit Ganesh,AVP - Human Resources,E1,Human Resources,4.5,Strategic Thinking,Business Acumen,ordinal_4,2.0
LTM1009,Yakshit Ganesh,AVP - Human Resources,E1,Human Resources,4.5,Strategic Thinking,Market and External Awareness,ordinal_4,3.0
LTM1009,Yakshit Ganesh,AVP - Human Resources,E1,Human Resources,4.5,Operational Excellence,Drive for Results,ordinal_4,2.0
LTM1009,Yakshit Ganesh,AVP - Human Resources,E1,Human Resources,4.5,Operational Excellence,Process Optimization,ordinal_4,2.0
LTM1009,Yakshit Ganesh,AVP - Human Resources,E1,Human Resources,4.5,Operational Excellence,Quality Focus,ordinal_4,2.0
LTM1009,Yakshit Ganesh,AVP - Human Resources,E1,Human Resources,4.5,Decision Effectiveness,Analytical Thinking,ordinal_4,2.0
LTM1009,Yakshit Ganesh,AVP - Human Resources,E1,Human Resources,4.5,Decision Effectiveness,Sound Judgment,ordinal_4,2.0
LTM1009,Yakshit Ganesh,AVP - Human Resources,E1,Human Resources,4.5,Decision Effectiveness,Decisiveness Under Uncertainty,ordinal_4,2.0
LTM1009,Yakshit Ganesh,AVP - Human Resources,E1,Human Resources,4.5,People Leadership,Develops Talent,ordinal_4,3.0
LTM1009,Yakshit Ganesh,AVP - Human Resources,E1,Human Resources,4.5,People Leadership,Builds Effective Teams,ordinal_4,3.0
LTM1009,Yakshit Ganesh,AVP - Human Resources,E1,Human Resources,4.5,People Leadership,Coaching Others,ordinal_4,3.0
LTM1009,Yakshit Ganesh,AVP - Human Resources,E1,Human Resources,4.5,Leading Change,Change Sponsorship,ordinal_4,2.0
LTM1009,Yakshit Ganesh,AVP - Human Resources,E1,Human Resources,4.5,Leading Change,Adaptability,ordinal_4,2.0
LTM1009,Yakshit Ganesh,AVP - Human Resources,E1,Human Resources,4.5,Leading Change,Resilience,ordinal_4,2.0
LTM1009,Yakshit Ganesh,AVP - Human Resources,E1,Human Resources,4.5,Stakeholder Engagement,Builds Trust,ordinal_4,2.0
LTM1009,Yakshit Ganesh,AVP - Human Resources,E1,Human Resources,4.5,Stakeholder Engagement,Customer Focus,ordinal_4,2.0
LTM1009,Yakshit Ganesh,AVP - Human Resources,E1,Human Resources,4.5,Stakeholder Engagement,Influences Others,ordinal_4,3.0
LTM1009,Yakshit Ganesh,AVP - Human Resources,E1,Human Resources,4.5,Positivity,Optimism,scale_100,60.0
LTM1009,Yakshit Ganesh,AVP - Human Resources,E1,Human Resources,4.5,Positivity,Situational Self-Awareness,scale_100,54.0
LTM1009,Yakshit Ganesh,AVP - Human Resources,E1,Human Resources,4.5,Positivity,Composure,scale_100,69.0
LTM1009,Yakshit Ganesh,AVP - Human Resources,E1,Human Resources,4.5,Striving,Credibility,scale_100,29.0
LTM1009,Yakshit Ganesh,AVP - Human Resources,E1,Human Resources,4.5,Striving,Confidence,scale_100,30.0
LTM1009,Yakshit Ganesh,AVP - Human Resources,E1,Human Resources,4.5,Striving,Need for Achievement,scale_100,59.0
LTM1009,Yakshit Ganesh,AVP - Human Resources,E1,Human Resources,4.5,Striving,Persistence,scale_100,51.0
LTM1009,Yakshit Ganesh,AVP - Human Resources,E1,Human Resources,4.5,Agreeableness,Affiliation,scale_100,59.0
LTM1009,Yakshit Ganesh,AVP - Human Resources,E1,Human Resources,4.5,Agreeableness,Humility,scale_100,43.0
LTM1009,Yakshit Ganesh,AVP - Human Resources,E1,Human Resources,4.5,Agreeableness,Trust,scale_100,56.0
LTM1009,Yakshit Ganesh,AVP - Human Resources,E1,Human Resources,4.5,Agreeableness,Openness to Differences,scale_100,77.0
LTM1009,Yakshit Ganesh,AVP - Human Resources,E1,Human Resources,4.5,Agility,Focus,scale_100,59.0
LTM1009,Yakshit Ganesh,AVP - Human Resources,E1,Human Resources,4.5,Agility,Curiosity,scale_100,52.0
LTM1009,Yakshit Ganesh,AVP - Human Resources,E1,Human Resources,4.5,Agility,Adaptability,scale_100,46.0
LTM1009,Yakshit Ganesh,AVP - Human Resources,E1,Human Resources,4.5,Agility,Risk Taking,scale_100,47.0
LTM1009,Yakshit Ganesh,AVP - Human Resources,E1,Human Resources,4.5,Agility,Tolerance of Ambiguity,scale_100,29.0
LTM1009,Yakshit Ganesh,AVP - Human Resources,E1,Human Resources,4.5,Presence,Empathy,scale_100,53.0
LTM1009,Yakshit Ganesh,AVP - Human Resources,E1,Human Resources,4.5,Presence,Assertiveness,scale_100,59.0
LTM1009,Yakshit Ganesh,AVP - Human Resources,E1,Human Resources,4.5,Presence,Sociability,scale_100,35.0
LTM1009,Yakshit Ganesh,AVP - Human Resources,E1,Human Resources,4.5,Presence,Influence,scale_100,44.0
LTM1009,Yakshit Ganesh,AVP - Human Resources,E1,Human Resources,4.5,Learning Agility,Mental Agility,scale_10,4.7
LTM1009,Yakshit Ganesh,AVP - Human Resources,E1,Human Resources,4.5,Learning Agility,People Agility,scale_10,4.9
LTM1009,Yakshit Ganesh,AVP - Human Resources,E1,Human Resources,4.5,Learning Agility,Change Agility,scale_10,5.7
LTM1009,Yakshit Ganesh,AVP - Human Resources,E1,Human Resources,4.5,Learning Agility,Results Agility,scale_10,4.0
LTM1009,Yakshit Ganesh,AVP - Human Resources,E1,Human Resources,4.5,Learning Agility,Situational Self-Awareness,scale_10,6.1
LTM1009,Yakshit Ganesh,AVP - Human Resources,E1,Human Resources,4.5,Drivers,Balance,drivers_60,35.0
LTM1009,Yakshit Ganesh,AVP - Human Resources,E1,Human Resources,4.5,Drivers,Collaboration,drivers_60,28.0
LTM1009,Yakshit Ganesh,AVP - Human Resources,E1,Human Resources,4.5,Drivers,Power,drivers_60,13.0
LTM1009,Yakshit Ganesh,AVP - Human Resources,E1,Human Resources,4.5,Drivers,Challenge,drivers_60,23.0
LTM1009,Yakshit Ganesh,AVP - Human Resources,E1,Human Resources,4.5,Drivers,Structure,drivers_60,39.0
LTM1009,Yakshit Ganesh,AVP - Human Resources,E1,Human Resources,4.5,Drivers,Independence,drivers_60,11.0
LTM1009,Yakshit Ganesh,AVP - Human Resources,E1,Human Resources,4.5,Risk Factor,Avoidant,risk_10,3.5
LTM1009,Yakshit Ganesh,AVP - Human Resources,E1,Human Resources,4.5,Risk Factor,Closed,risk_10,2.8
LTM1009,Yakshit Ganesh,AVP - Human Resources,E1,Human Resources,4.5,Risk Factor,Defensive,risk_10,4.6
LTM1009,Yakshit Ganesh,AVP - Human Resources,E1,Human Resources,4.5,Risk Factor,Egotistic,risk_10,3.2
LTM1009,Yakshit Ganesh,AVP - Human Resources,E1,Human Resources,4.5,Risk Factor,Micro Managing,risk_10,4.2
LTM1009,Yakshit Ganesh,AVP - Human Resources,E1,Human Resources,4.5,Risk Factor,Opportunistic,risk_10,4.4
LTM1009,Yakshit Ganesh,AVP - Human Resources,E1,Human Resources,4.5,Risk Factor,Restrained,risk_10,5.5
LTM1009,Yakshit Ganesh,AVP - Human Resources,E1,Human Resources,4.5,Risk Factor,Social Pleaser,risk_10,3.7
LTM1009,Yakshit Ganesh,AVP - Human Resources,E1,Human Resources,4.5,Risk Factor,Solitary,risk_10,4.2
LTM1009,Yakshit Ganesh,AVP - Human Resources,E1,Human Resources,4.5,Risk Factor,Suspicious,risk_10,2.5
LTM1009,Yakshit Ganesh,AVP - Human Resources,E1,Human Resources,4.5,Risk Factor,Volatile,risk_10,4.9
LTM1022,Manikya Chadha,Vice President - Customer Success,E1,General Management,4.5,Strategic Thinking,Strategic Vision,ordinal_4,3.0
LTM1022,Manikya Chadha,Vice President - Customer Success,E1,General Management,4.5,Strategic Thinking,Business Acumen,ordinal_4,3.0
LTM1022,Manikya Chadha,Vice President - Customer Success,E1,General Management,4.5,Strategic Thinking,Market and External Awareness,ordinal_4,3.0
LTM1022,Manikya Chadha,Vice President - Customer Success,E1,General Management,4.5,Operational Excellence,Drive for Results,ordinal_4,2.0
LTM1022,Manikya Chadha,Vice President - Customer Success,E1,General Management,4.5,Operational Excellence,Process Optimization,ordinal_4,2.0
LTM1022,Manikya Chadha,Vice President - Customer Success,E1,General Management,4.5,Operational Excellence,Quality Focus,ordinal_4,3.0
LTM1022,Manikya Chadha,Vice President - Customer Success,E1,General Management,4.5,Decision Effectiveness,Analytical Thinking,ordinal_4,2.0
LTM1022,Manikya Chadha,Vice President - Customer Success,E1,General Management,4.5,Decision Effectiveness,Sound Judgment,ordinal_4,2.0
LTM1022,Manikya Chadha,Vice President - Customer Success,E1,General Management,4.5,Decision Effectiveness,Decisiveness Under Uncertainty,ordinal_4,2.0
LTM1022,Manikya Chadha,Vice President - Customer Success,E1,General Management,4.5,People Leadership,Develops Talent,ordinal_4,3.0
LTM1022,Manikya Chadha,Vice President - Customer Success,E1,General Management,4.5,People Leadership,Builds Effective Teams,ordinal_4,2.0
LTM1022,Manikya Chadha,Vice President - Customer Success,E1,General Management,4.5,People Leadership,Coaching Others,ordinal_4,3.0
LTM1022,Manikya Chadha,Vice President - Customer Success,E1,General Management,4.5,Leading Change,Change Sponsorship,ordinal_4,3.0
LTM1022,Manikya Chadha,Vice President - Customer Success,E1,General Management,4.5,Leading Change,Adaptability,ordinal_4,3.0
LTM1022,Manikya Chadha,Vice President - Customer Success,E1,General Management,4.5,Leading Change,Resilience,ordinal_4,3.0
LTM1022,Manikya Chadha,Vice President - Customer Success,E1,General Management,4.5,Stakeholder Engagement,Builds Trust,ordinal_4,3.0
LTM1022,Manikya Chadha,Vice President - Customer Success,E1,General Management,4.5,Stakeholder Engagement,Customer Focus,ordinal_4,2.0
LTM1022,Manikya Chadha,Vice President - Customer Success,E1,General Management,4.5,Stakeholder Engagement,Influences Others,ordinal_4,2.0
LTM1022,Manikya Chadha,Vice President - Customer Success,E1,General Management,4.5,Positivity,Optimism,scale_100,78.0
LTM1022,Manikya Chadha,Vice President - Customer Success,E1,General Management,4.5,Positivity,Situational Self-Awareness,scale_100,48.0
LTM1022,Manikya Chadha,Vice President - Customer Success,E1,General Management,4.5,Positivity,Composure,scale_100,43.0
LTM1022,Manikya Chadha,Vice President - Customer Success,E1,General Management,4.5,Striving,Credibility,scale_100,55.0
LTM1022,Manikya Chadha,Vice President - Customer Success,E1,General Management,4.5,Striving,Confidence,scale_100,55.0
LTM1022,Manikya Chadha,Vice President - Customer Success,E1,General Management,4.5,Striving,Need for Achievement,scale_100,45.0
LTM1022,Manikya Chadha,Vice President - Customer Success,E1,General Management,4.5,Striving,Persistence,scale_100,40.0
LTM1022,Manikya Chadha,Vice President - Customer Success,E1,General Management,4.5,Agreeableness,Affiliation,scale_100,74.0
LTM1022,Manikya Chadha,Vice President - Customer Success,E1,General Management,4.5,Agreeableness,Humility,scale_100,54.0
LTM1022,Manikya Chadha,Vice President - Customer Success,E1,General Management,4.5,Agreeableness,Trust,scale_100,43.0
LTM1022,Manikya Chadha,Vice President - Customer Success,E1,General Management,4.5,Agreeableness,Openness to Differences,scale_100,60.0
LTM1022,Manikya Chadha,Vice President - Customer Success,E1,General Management,4.5,Agility,Focus,scale_100,49.0
LTM1022,Manikya Chadha,Vice President - Customer Success,E1,General Management,4.5,Agility,Curiosity,scale_100,48.0
LTM1022,Manikya Chadha,Vice President - Customer Success,E1,General Management,4.5,Agility,Adaptability,scale_100,56.0
LTM1022,Manikya Chadha,Vice President - Customer Success,E1,General Management,4.5,Agility,Risk Taking,scale_100,38.0
LTM1022,Manikya Chadha,Vice President - Customer Success,E1,General Management,4.5,Agility,Tolerance of Ambiguity,scale_100,54.0
LTM1022,Manikya Chadha,Vice President - Customer Success,E1,General Management,4.5,Presence,Empathy,scale_100,70.0
LTM1022,Manikya Chadha,Vice President - Customer Success,E1,General Management,4.5,Presence,Assertiveness,scale_100,55.0
LTM1022,Manikya Chadha,Vice President - Customer Success,E1,General Management,4.5,Presence,Sociability,scale_100,47.0
LTM1022,Manikya Chadha,Vice President - Customer Success,E1,General Management,4.5,Presence,Influence,scale_100,46.0
LTM1022,Manikya Chadha,Vice President - Customer Success,E1,General Management,4.5,Learning Agility,Mental Agility,scale_10,5.3
LTM1022,Manikya Chadha,Vice President - Customer Success,E1,General Management,4.5,Learning Agility,People Agility,scale_10,5.4
LTM1022,Manikya Chadha,Vice President - Customer Success,E1,General Management,4.5,Learning Agility,Change Agility,scale_10,5.3
LTM1022,Manikya Chadha,Vice President - Customer Success,E1,General Management,4.5,Learning Agility,Results Agility,scale_10,6.4
LTM1022,Manikya Chadha,Vice President - Customer Success,E1,General Management,4.5,Learning Agility,Situational Self-Awareness,scale_10,4.2
LTM1022,Manikya Chadha,Vice President - Customer Success,E1,General Management,4.5,Drivers,Balance,drivers_60,36.0
LTM1022,Manikya Chadha,Vice President - Customer Success,E1,General Management,4.5,Drivers,Collaboration,drivers_60,28.0
LTM1022,Manikya Chadha,Vice President - Customer Success,E1,General Management,4.5,Drivers,Power,drivers_60,33.0
LTM1022,Manikya Chadha,Vice President - Customer Success,E1,General Management,4.5,Drivers,Challenge,drivers_60,22.0
LTM1022,Manikya Chadha,Vice President - Customer Success,E1,General Management,4.5,Drivers,Structure,drivers_60,39.0
LTM1022,Manikya Chadha,Vice President - Customer Success,E1,General Management,4.5,Drivers,Independence,drivers_60,39.0
LTM1022,Manikya Chadha,Vice President - Customer Success,E1,General Management,4.5,Risk Factor,Avoidant,risk_10,4.7
LTM1022,Manikya Chadha,Vice President - Customer Success,E1,General Management,4.5,Risk Factor,Closed,risk_10,2.5
LTM1022,Manikya Chadha,Vice President - Customer Success,E1,General Management,4.5,Risk Factor,Defensive,risk_10,4.6
LTM1022,Manikya Chadha,Vice President - Customer Success,E1,General Management,4.5,Risk Factor,Egotistic,risk_10,4.2
LTM1022,Manikya Chadha,Vice President - Customer Success,E1,General Management,4.5,Risk Factor,Micro Managing,risk_10,2.4
LTM1022,Manikya Chadha,Vice President - Customer Success,E1,General Management,4.5,Risk Factor,Opportunistic,risk_10,3.8
LTM1022,Manikya Chadha,Vice President - Customer Success,E1,General Management,4.5,Risk Factor,Restrained,risk_10,4.2
LTM1022,Manikya Chadha,Vice President - Customer Success,E1,General Management,4.5,Risk Factor,Social Pleaser,risk_10,4.4
LTM1022,Manikya Chadha,Vice President - Customer Success,E1,General Management,4.5,Risk Factor,Solitary,risk_10,4.0
LTM1022,Manikya Chadha,Vice President - Customer Success,E1,General Management,4.5,Risk Factor,Suspicious,risk_10,4.1
LTM1022,Manikya Chadha,Vice President - Customer Success,E1,General Management,4.5,Risk Factor,Volatile,risk_10,5.2
LTM1017,Ahana  Jha,Senior Director - AI & Data,E2,Technology & Engineering,4.2,Strategic Thinking,Strategic Vision,ordinal_4,2.0
LTM1017,Ahana  Jha,Senior Director - AI & Data,E2,Technology & Engineering,4.2,Strategic Thinking,Business Acumen,ordinal_4,1.0
LTM1017,Ahana  Jha,Senior Director - AI & Data,E2,Technology & Engineering,4.2,Strategic Thinking,Market and External Awareness,ordinal_4,2.0
LTM1017,Ahana  Jha,Senior Director - AI & Data,E2,Technology & Engineering,4.2,Operational Excellence,Drive for Results,ordinal_4,2.0
LTM1017,Ahana  Jha,Senior Director - AI & Data,E2,Technology & Engineering,4.2,Operational Excellence,Process Optimization,ordinal_4,2.0
LTM1017,Ahana  Jha,Senior Director - AI & Data,E2,Technology & Engineering,4.2,Operational Excellence,Quality Focus,ordinal_4,2.0
LTM1017,Ahana  Jha,Senior Director - AI & Data,E2,Technology & Engineering,4.2,Decision Effectiveness,Analytical Thinking,ordinal_4,2.0
LTM1017,Ahana  Jha,Senior Director - AI & Data,E2,Technology & Engineering,4.2,Decision Effectiveness,Sound Judgment,ordinal_4,1.0
LTM1017,Ahana  Jha,Senior Director - AI & Data,E2,Technology & Engineering,4.2,Decision Effectiveness,Decisiveness Under Uncertainty,ordinal_4,2.0
LTM1017,Ahana  Jha,Senior Director - AI & Data,E2,Technology & Engineering,4.2,People Leadership,Develops Talent,ordinal_4,1.0
LTM1017,Ahana  Jha,Senior Director - AI & Data,E2,Technology & Engineering,4.2,People Leadership,Builds Effective Teams,ordinal_4,1.0
LTM1017,Ahana  Jha,Senior Director - AI & Data,E2,Technology & Engineering,4.2,People Leadership,Coaching Others,ordinal_4,2.0
LTM1017,Ahana  Jha,Senior Director - AI & Data,E2,Technology & Engineering,4.2,Leading Change,Change Sponsorship,ordinal_4,2.0
LTM1017,Ahana  Jha,Senior Director - AI & Data,E2,Technology & Engineering,4.2,Leading Change,Adaptability,ordinal_4,2.0
LTM1017,Ahana  Jha,Senior Director - AI & Data,E2,Technology & Engineering,4.2,Leading Change,Resilience,ordinal_4,1.0
LTM1017,Ahana  Jha,Senior Director - AI & Data,E2,Technology & Engineering,4.2,Stakeholder Engagement,Builds Trust,ordinal_4,2.0
LTM1017,Ahana  Jha,Senior Director - AI & Data,E2,Technology & Engineering,4.2,Stakeholder Engagement,Customer Focus,ordinal_4,2.0
LTM1017,Ahana  Jha,Senior Director - AI & Data,E2,Technology & Engineering,4.2,Stakeholder Engagement,Influences Others,ordinal_4,2.0
LTM1017,Ahana  Jha,Senior Director - AI & Data,E2,Technology & Engineering,4.2,Positivity,Optimism,scale_100,50.0
LTM1017,Ahana  Jha,Senior Director - AI & Data,E2,Technology & Engineering,4.2,Positivity,Situational Self-Awareness,scale_100,30.0
LTM1017,Ahana  Jha,Senior Director - AI & Data,E2,Technology & Engineering,4.2,Positivity,Composure,scale_100,56.0
LTM1017,Ahana  Jha,Senior Director - AI & Data,E2,Technology & Engineering,4.2,Striving,Credibility,scale_100,41.0
LTM1017,Ahana  Jha,Senior Director - AI & Data,E2,Technology & Engineering,4.2,Striving,Confidence,scale_100,42.0
LTM1017,Ahana  Jha,Senior Director - AI & Data,E2,Technology & Engineering,4.2,Striving,Need for Achievement,scale_100,39.0
LTM1017,Ahana  Jha,Senior Director - AI & Data,E2,Technology & Engineering,4.2,Striving,Persistence,scale_100,38.0
LTM1017,Ahana  Jha,Senior Director - AI & Data,E2,Technology & Engineering,4.2,Agreeableness,Affiliation,scale_100,51.0
LTM1017,Ahana  Jha,Senior Director - AI & Data,E2,Technology & Engineering,4.2,Agreeableness,Humility,scale_100,47.0
LTM1017,Ahana  Jha,Senior Director - AI & Data,E2,Technology & Engineering,4.2,Agreeableness,Trust,scale_100,51.0
LTM1017,Ahana  Jha,Senior Director - AI & Data,E2,Technology & Engineering,4.2,Agreeableness,Openness to Differences,scale_100,44.0
LTM1017,Ahana  Jha,Senior Director - AI & Data,E2,Technology & Engineering,4.2,Agility,Focus,scale_100,55.0
LTM1017,Ahana  Jha,Senior Director - AI & Data,E2,Technology & Engineering,4.2,Agility,Curiosity,scale_100,46.0
LTM1017,Ahana  Jha,Senior Director - AI & Data,E2,Technology & Engineering,4.2,Agility,Adaptability,scale_100,72.0
LTM1017,Ahana  Jha,Senior Director - AI & Data,E2,Technology & Engineering,4.2,Agility,Risk Taking,scale_100,34.0
LTM1017,Ahana  Jha,Senior Director - AI & Data,E2,Technology & Engineering,4.2,Agility,Tolerance of Ambiguity,scale_100,63.0
LTM1017,Ahana  Jha,Senior Director - AI & Data,E2,Technology & Engineering,4.2,Presence,Empathy,scale_100,58.0
LTM1017,Ahana  Jha,Senior Director - AI & Data,E2,Technology & Engineering,4.2,Presence,Assertiveness,scale_100,35.0
LTM1017,Ahana  Jha,Senior Director - AI & Data,E2,Technology & Engineering,4.2,Presence,Sociability,scale_100,66.0
LTM1017,Ahana  Jha,Senior Director - AI & Data,E2,Technology & Engineering,4.2,Presence,Influence,scale_100,54.0
LTM1017,Ahana  Jha,Senior Director - AI & Data,E2,Technology & Engineering,4.2,Learning Agility,Mental Agility,scale_10,6.1
LTM1017,Ahana  Jha,Senior Director - AI & Data,E2,Technology & Engineering,4.2,Learning Agility,People Agility,scale_10,5.4
LTM1017,Ahana  Jha,Senior Director - AI & Data,E2,Technology & Engineering,4.2,Learning Agility,Change Agility,scale_10,5.2
LTM1017,Ahana  Jha,Senior Director - AI & Data,E2,Technology & Engineering,4.2,Learning Agility,Results Agility,scale_10,5.2
LTM1017,Ahana  Jha,Senior Director - AI & Data,E2,Technology & Engineering,4.2,Learning Agility,Situational Self-Awareness,scale_10,5.7
LTM1017,Ahana  Jha,Senior Director - AI & Data,E2,Technology & Engineering,4.2,Drivers,Balance,drivers_60,34.0
LTM1017,Ahana  Jha,Senior Director - AI & Data,E2,Technology & Engineering,4.2,Drivers,Collaboration,drivers_60,25.0
LTM1017,Ahana  Jha,Senior Director - AI & Data,E2,Technology & Engineering,4.2,Drivers,Power,drivers_60,18.0
LTM1017,Ahana  Jha,Senior Director - AI & Data,E2,Technology & Engineering,4.2,Drivers,Challenge,drivers_60,30.0
LTM1017,Ahana  Jha,Senior Director - AI & Data,E2,Technology & Engineering,4.2,Drivers,Structure,drivers_60,30.0
LTM1017,Ahana  Jha,Senior Director - AI & Data,E2,Technology & Engineering,4.2,Drivers,Independence,drivers_60,29.0
LTM1017,Ahana  Jha,Senior Director - AI & Data,E2,Technology & Engineering,4.2,Risk Factor,Avoidant,risk_10,5.7
LTM1017,Ahana  Jha,Senior Director - AI & Data,E2,Technology & Engineering,4.2,Risk Factor,Closed,risk_10,4.8
LTM1017,Ahana  Jha,Senior Director - AI & Data,E2,Technology & Engineering,4.2,Risk Factor,Defensive,risk_10,4.2
LTM1017,Ahana  Jha,Senior Director - AI & Data,E2,Technology & Engineering,4.2,Risk Factor,Egotistic,risk_10,4.2
LTM1017,Ahana  Jha,Senior Director - AI & Data,E2,Technology & Engineering,4.2,Risk Factor,Micro Managing,risk_10,3.5
LTM1017,Ahana  Jha,Senior Director - AI & Data,E2,Technology & Engineering,4.2,Risk Factor,Opportunistic,risk_10,5.2
LTM1017,Ahana  Jha,Senior Director - AI & Data,E2,Technology & Engineering,4.2,Risk Factor,Restrained,risk_10,4.9
LTM1017,Ahana  Jha,Senior Director - AI & Data,E2,Technology & Engineering,4.2,Risk Factor,Social Pleaser,risk_10,4.6
LTM1017,Ahana  Jha,Senior Director - AI & Data,E2,Technology & Engineering,4.2,Risk Factor,Solitary,risk_10,2.3
LTM1017,Ahana  Jha,Senior Director - AI & Data,E2,Technology & Engineering,4.2,Risk Factor,Suspicious,risk_10,3.9
LTM1017,Ahana  Jha,Senior Director - AI & Data,E2,Technology & Engineering,4.2,Risk Factor,Volatile,risk_10,6.0
LTM1095,Fateh Koshy,Chief Strategy Officer,E2,Strategy & Corporate Development,4.8,Strategic Thinking,Strategic Vision,ordinal_4,4.0
LTM1095,Fateh Koshy,Chief Strategy Officer,E2,Strategy & Corporate Development,4.8,Strategic Thinking,Business Acumen,ordinal_4,4.0
LTM1095,Fateh Koshy,Chief Strategy Officer,E2,Strategy & Corporate Development,4.8,Strategic Thinking,Market and External Awareness,ordinal_4,3.0
LTM1095,Fateh Koshy,Chief Strategy Officer,E2,Strategy & Corporate Development,4.8,Operational Excellence,Drive for Results,ordinal_4,4.0
LTM1095,Fateh Koshy,Chief Strategy Officer,E2,Strategy & Corporate Development,4.8,Operational Excellence,Process Optimization,ordinal_4,3.0
LTM1095,Fateh Koshy,Chief Strategy Officer,E2,Strategy & Corporate Development,4.8,Operational Excellence,Quality Focus,ordinal_4,3.0
LTM1095,Fateh Koshy,Chief Strategy Officer,E2,Strategy & Corporate Development,4.8,Decision Effectiveness,Analytical Thinking,ordinal_4,4.0
LTM1095,Fateh Koshy,Chief Strategy Officer,E2,Strategy & Corporate Development,4.8,Decision Effectiveness,Sound Judgment,ordinal_4,4.0
LTM1095,Fateh Koshy,Chief Strategy Officer,E2,Strategy & Corporate Development,4.8,Decision Effectiveness,Decisiveness Under Uncertainty,ordinal_4,4.0
LTM1095,Fateh Koshy,Chief Strategy Officer,E2,Strategy & Corporate Development,4.8,People Leadership,Develops Talent,ordinal_4,3.0
LTM1095,Fateh Koshy,Chief Strategy Officer,E2,Strategy & Corporate Development,4.8,People Leadership,Builds Effective Teams,ordinal_4,3.0
LTM1095,Fateh Koshy,Chief Strategy Officer,E2,Strategy & Corporate Development,4.8,People Leadership,Coaching Others,ordinal_4,3.0
LTM1095,Fateh Koshy,Chief Strategy Officer,E2,Strategy & Corporate Development,4.8,Leading Change,Change Sponsorship,ordinal_4,3.0
LTM1095,Fateh Koshy,Chief Strategy Officer,E2,Strategy & Corporate Development,4.8,Leading Change,Adaptability,ordinal_4,3.0
LTM1095,Fateh Koshy,Chief Strategy Officer,E2,Strategy & Corporate Development,4.8,Leading Change,Resilience,ordinal_4,4.0
LTM1095,Fateh Koshy,Chief Strategy Officer,E2,Strategy & Corporate Development,4.8,Stakeholder Engagement,Builds Trust,ordinal_4,4.0
LTM1095,Fateh Koshy,Chief Strategy Officer,E2,Strategy & Corporate Development,4.8,Stakeholder Engagement,Customer Focus,ordinal_4,4.0
LTM1095,Fateh Koshy,Chief Strategy Officer,E2,Strategy & Corporate Development,4.8,Stakeholder Engagement,Influences Others,ordinal_4,4.0
LTM1095,Fateh Koshy,Chief Strategy Officer,E2,Strategy & Corporate Development,4.8,Positivity,Optimism,scale_100,78.0
LTM1095,Fateh Koshy,Chief Strategy Officer,E2,Strategy & Corporate Development,4.8,Positivity,Situational Self-Awareness,scale_100,64.0
LTM1095,Fateh Koshy,Chief Strategy Officer,E2,Strategy & Corporate Development,4.8,Positivity,Composure,scale_100,70.0
LTM1095,Fateh Koshy,Chief Strategy Officer,E2,Strategy & Corporate Development,4.8,Striving,Credibility,scale_100,53.0
LTM1095,Fateh Koshy,Chief Strategy Officer,E2,Strategy & Corporate Development,4.8,Striving,Confidence,scale_100,52.0
LTM1095,Fateh Koshy,Chief Strategy Officer,E2,Strategy & Corporate Development,4.8,Striving,Need for Achievement,scale_100,65.0
LTM1095,Fateh Koshy,Chief Strategy Officer,E2,Strategy & Corporate Development,4.8,Striving,Persistence,scale_100,70.0
LTM1095,Fateh Koshy,Chief Strategy Officer,E2,Strategy & Corporate Development,4.8,Agreeableness,Affiliation,scale_100,61.0
LTM1095,Fateh Koshy,Chief Strategy Officer,E2,Strategy & Corporate Development,4.8,Agreeableness,Humility,scale_100,48.0
LTM1095,Fateh Koshy,Chief Strategy Officer,E2,Strategy & Corporate Development,4.8,Agreeableness,Trust,scale_100,47.0
LTM1095,Fateh Koshy,Chief Strategy Officer,E2,Strategy & Corporate Development,4.8,Agreeableness,Openness to Differences,scale_100,46.0
LTM1095,Fateh Koshy,Chief Strategy Officer,E2,Strategy & Corporate Development,4.8,Agility,Focus,scale_100,43.0
LTM1095,Fateh Koshy,Chief Strategy Officer,E2,Strategy & Corporate Development,4.8,Agility,Curiosity,scale_100,62.0
LTM1095,Fateh Koshy,Chief Strategy Officer,E2,Strategy & Corporate Development,4.8,Agility,Adaptability,scale_100,72.0
LTM1095,Fateh Koshy,Chief Strategy Officer,E2,Strategy & Corporate Development,4.8,Agility,Risk Taking,scale_100,60.0
LTM1095,Fateh Koshy,Chief Strategy Officer,E2,Strategy & Corporate Development,4.8,Agility,Tolerance of Ambiguity,scale_100,38.0
LTM1095,Fateh Koshy,Chief Strategy Officer,E2,Strategy & Corporate Development,4.8,Presence,Empathy,scale_100,59.0
LTM1095,Fateh Koshy,Chief Strategy Officer,E2,Strategy & Corporate Development,4.8,Presence,Assertiveness,scale_100,59.0
LTM1095,Fateh Koshy,Chief Strategy Officer,E2,Strategy & Corporate Development,4.8,Presence,Sociability,scale_100,81.0
LTM1095,Fateh Koshy,Chief Strategy Officer,E2,Strategy & Corporate Development,4.8,Presence,Influence,scale_100,46.0
LTM1095,Fateh Koshy,Chief Strategy Officer,E2,Strategy & Corporate Development,4.8,Learning Agility,Mental Agility,scale_10,6.7
LTM1095,Fateh Koshy,Chief Strategy Officer,E2,Strategy & Corporate Development,4.8,Learning Agility,People Agility,scale_10,8.4
LTM1095,Fateh Koshy,Chief Strategy Officer,E2,Strategy & Corporate Development,4.8,Learning Agility,Change Agility,scale_10,7.4
LTM1095,Fateh Koshy,Chief Strategy Officer,E2,Strategy & Corporate Development,4.8,Learning Agility,Results Agility,scale_10,7.5
LTM1095,Fateh Koshy,Chief Strategy Officer,E2,Strategy & Corporate Development,4.8,Learning Agility,Situational Self-Awareness,scale_10,7.1
LTM1095,Fateh Koshy,Chief Strategy Officer,E2,Strategy & Corporate Development,4.8,Drivers,Balance,drivers_60,41.0
LTM1095,Fateh Koshy,Chief Strategy Officer,E2,Strategy & Corporate Development,4.8,Drivers,Collaboration,drivers_60,44.0
LTM1095,Fateh Koshy,Chief Strategy Officer,E2,Strategy & Corporate Development,4.8,Drivers,Power,drivers_60,33.0
LTM1095,Fateh Koshy,Chief Strategy Officer,E2,Strategy & Corporate Development,4.8,Drivers,Challenge,drivers_60,45.0
LTM1095,Fateh Koshy,Chief Strategy Officer,E2,Strategy & Corporate Development,4.8,Drivers,Structure,drivers_60,29.0
LTM1095,Fateh Koshy,Chief Strategy Officer,E2,Strategy & Corporate Development,4.8,Drivers,Independence,drivers_60,41.0
LTM1095,Fateh Koshy,Chief Strategy Officer,E2,Strategy & Corporate Development,4.8,Risk Factor,Avoidant,risk_10,2.5
LTM1095,Fateh Koshy,Chief Strategy Officer,E2,Strategy & Corporate Development,4.8,Risk Factor,Closed,risk_10,1.8
LTM1095,Fateh Koshy,Chief Strategy Officer,E2,Strategy & Corporate Development,4.8,Risk Factor,Defensive,risk_10,2.4
LTM1095,Fateh Koshy,Chief Strategy Officer,E2,Strategy & Corporate Development,4.8,Risk Factor,Egotistic,risk_10,1.8
LTM1095,Fateh Koshy,Chief Strategy Officer,E2,Strategy & Corporate Development,4.8,Risk Factor,Micro Managing,risk_10,1.4
LTM1095,Fateh Koshy,Chief Strategy Officer,E2,Strategy & Corporate Development,4.8,Risk Factor,Opportunistic,risk_10,2.1
LTM1095,Fateh Koshy,Chief Strategy Officer,E2,Strategy & Corporate Development,4.8,Risk Factor,Restrained,risk_10,1.4
LTM1095,Fateh Koshy,Chief Strategy Officer,E2,Strategy & Corporate Development,4.8,Risk Factor,Social Pleaser,risk_10,2.7
LTM1095,Fateh Koshy,Chief Strategy Officer,E2,Strategy & Corporate Development,4.8,Risk Factor,Solitary,risk_10,1.3
LTM1095,Fateh Koshy,Chief Strategy Officer,E2,Strategy & Corporate Development,4.8,Risk Factor,Suspicious,risk_10,3.0
LTM1095,Fateh Koshy,Chief Strategy Officer,E2,Strategy & Corporate Development,4.8,Risk Factor,Volatile,risk_10,1.3
LTM1025,Myra Dave,Director - Cloud Infrastructure,E2,Technology & Engineering,4.2,Strategic Thinking,Strategic Vision,ordinal_4,2.0
LTM1025,Myra Dave,Director - Cloud Infrastructure,E2,Technology & Engineering,4.2,Strategic Thinking,Business Acumen,ordinal_4,2.0
LTM1025,Myra Dave,Director - Cloud Infrastructure,E2,Technology & Engineering,4.2,Strategic Thinking,Market and External Awareness,ordinal_4,2.0
LTM1025,Myra Dave,Director - Cloud Infrastructure,E2,Technology & Engineering,4.2,Operational Excellence,Drive for Results,ordinal_4,2.0
LTM1025,Myra Dave,Director - Cloud Infrastructure,E2,Technology & Engineering,4.2,Operational Excellence,Process Optimization,ordinal_4,2.0
LTM1025,Myra Dave,Director - Cloud Infrastructure,E2,Technology & Engineering,4.2,Operational Excellence,Quality Focus,ordinal_4,2.0
LTM1025,Myra Dave,Director - Cloud Infrastructure,E2,Technology & Engineering,4.2,Decision Effectiveness,Analytical Thinking,ordinal_4,1.0
LTM1025,Myra Dave,Director - Cloud Infrastructure,E2,Technology & Engineering,4.2,Decision Effectiveness,Sound Judgment,ordinal_4,2.0
LTM1025,Myra Dave,Director - Cloud Infrastructure,E2,Technology & Engineering,4.2,Decision Effectiveness,Decisiveness Under Uncertainty,ordinal_4,2.0
LTM1025,Myra Dave,Director - Cloud Infrastructure,E2,Technology & Engineering,4.2,People Leadership,Develops Talent,ordinal_4,2.0
LTM1025,Myra Dave,Director - Cloud Infrastructure,E2,Technology & Engineering,4.2,People Leadership,Builds Effective Teams,ordinal_4,2.0
LTM1025,Myra Dave,Director - Cloud Infrastructure,E2,Technology & Engineering,4.2,People Leadership,Coaching Others,ordinal_4,2.0
LTM1025,Myra Dave,Director - Cloud Infrastructure,E2,Technology & Engineering,4.2,Leading Change,Change Sponsorship,ordinal_4,2.0
LTM1025,Myra Dave,Director - Cloud Infrastructure,E2,Technology & Engineering,4.2,Leading Change,Adaptability,ordinal_4,1.0
LTM1025,Myra Dave,Director - Cloud Infrastructure,E2,Technology & Engineering,4.2,Leading Change,Resilience,ordinal_4,1.0
LTM1025,Myra Dave,Director - Cloud Infrastructure,E2,Technology & Engineering,4.2,Stakeholder Engagement,Builds Trust,ordinal_4,2.0
LTM1025,Myra Dave,Director - Cloud Infrastructure,E2,Technology & Engineering,4.2,Stakeholder Engagement,Customer Focus,ordinal_4,1.0
LTM1025,Myra Dave,Director - Cloud Infrastructure,E2,Technology & Engineering,4.2,Stakeholder Engagement,Influences Others,ordinal_4,2.0
LTM1025,Myra Dave,Director - Cloud Infrastructure,E2,Technology & Engineering,4.2,Positivity,Optimism,scale_100,41.0
LTM1025,Myra Dave,Director - Cloud Infrastructure,E2,Technology & Engineering,4.2,Positivity,Situational Self-Awareness,scale_100,25.0
LTM1025,Myra Dave,Director - Cloud Infrastructure,E2,Technology & Engineering,4.2,Positivity,Composure,scale_100,31.0
LTM1025,Myra Dave,Director - Cloud Infrastructure,E2,Technology & Engineering,4.2,Striving,Credibility,scale_100,17.0
LTM1025,Myra Dave,Director - Cloud Infrastructure,E2,Technology & Engineering,4.2,Striving,Confidence,scale_100,42.0
LTM1025,Myra Dave,Director - Cloud Infrastructure,E2,Technology & Engineering,4.2,Striving,Need for Achievement,scale_100,42.0
LTM1025,Myra Dave,Director - Cloud Infrastructure,E2,Technology & Engineering,4.2,Striving,Persistence,scale_100,40.0
LTM1025,Myra Dave,Director - Cloud Infrastructure,E2,Technology & Engineering,4.2,Agreeableness,Affiliation,scale_100,55.0
LTM1025,Myra Dave,Director - Cloud Infrastructure,E2,Technology & Engineering,4.2,Agreeableness,Humility,scale_100,56.0
LTM1025,Myra Dave,Director - Cloud Infrastructure,E2,Technology & Engineering,4.2,Agreeableness,Trust,scale_100,42.0
LTM1025,Myra Dave,Director - Cloud Infrastructure,E2,Technology & Engineering,4.2,Agreeableness,Openness to Differences,scale_100,23.0
LTM1025,Myra Dave,Director - Cloud Infrastructure,E2,Technology & Engineering,4.2,Agility,Focus,scale_100,56.0
LTM1025,Myra Dave,Director - Cloud Infrastructure,E2,Technology & Engineering,4.2,Agility,Curiosity,scale_100,56.0
LTM1025,Myra Dave,Director - Cloud Infrastructure,E2,Technology & Engineering,4.2,Agility,Adaptability,scale_100,53.0
LTM1025,Myra Dave,Director - Cloud Infrastructure,E2,Technology & Engineering,4.2,Agility,Risk Taking,scale_100,60.0
LTM1025,Myra Dave,Director - Cloud Infrastructure,E2,Technology & Engineering,4.2,Agility,Tolerance of Ambiguity,scale_100,38.0
LTM1025,Myra Dave,Director - Cloud Infrastructure,E2,Technology & Engineering,4.2,Presence,Empathy,scale_100,64.0
LTM1025,Myra Dave,Director - Cloud Infrastructure,E2,Technology & Engineering,4.2,Presence,Assertiveness,scale_100,34.0
LTM1025,Myra Dave,Director - Cloud Infrastructure,E2,Technology & Engineering,4.2,Presence,Sociability,scale_100,51.0
LTM1025,Myra Dave,Director - Cloud Infrastructure,E2,Technology & Engineering,4.2,Presence,Influence,scale_100,27.0
LTM1025,Myra Dave,Director - Cloud Infrastructure,E2,Technology & Engineering,4.2,Learning Agility,Mental Agility,scale_10,4.6
LTM1025,Myra Dave,Director - Cloud Infrastructure,E2,Technology & Engineering,4.2,Learning Agility,People Agility,scale_10,6.6
LTM1025,Myra Dave,Director - Cloud Infrastructure,E2,Technology & Engineering,4.2,Learning Agility,Change Agility,scale_10,5.1
LTM1025,Myra Dave,Director - Cloud Infrastructure,E2,Technology & Engineering,4.2,Learning Agility,Results Agility,scale_10,6.0
LTM1025,Myra Dave,Director - Cloud Infrastructure,E2,Technology & Engineering,4.2,Learning Agility,Situational Self-Awareness,scale_10,5.5
LTM1025,Myra Dave,Director - Cloud Infrastructure,E2,Technology & Engineering,4.2,Drivers,Balance,drivers_60,23.0
LTM1025,Myra Dave,Director - Cloud Infrastructure,E2,Technology & Engineering,4.2,Drivers,Collaboration,drivers_60,34.0
LTM1025,Myra Dave,Director - Cloud Infrastructure,E2,Technology & Engineering,4.2,Drivers,Power,drivers_60,22.0
LTM1025,Myra Dave,Director - Cloud Infrastructure,E2,Technology & Engineering,4.2,Drivers,Challenge,drivers_60,12.0
LTM1025,Myra Dave,Director - Cloud Infrastructure,E2,Technology & Engineering,4.2,Drivers,Structure,drivers_60,18.0
LTM1025,Myra Dave,Director - Cloud Infrastructure,E2,Technology & Engineering,4.2,Drivers,Independence,drivers_60,28.0
LTM1025,Myra Dave,Director - Cloud Infrastructure,E2,Technology & Engineering,4.2,Risk Factor,Avoidant,risk_10,5.4
LTM1025,Myra Dave,Director - Cloud Infrastructure,E2,Technology & Engineering,4.2,Risk Factor,Closed,risk_10,3.6
LTM1025,Myra Dave,Director - Cloud Infrastructure,E2,Technology & Engineering,4.2,Risk Factor,Defensive,risk_10,4.3
LTM1025,Myra Dave,Director - Cloud Infrastructure,E2,Technology & Engineering,4.2,Risk Factor,Egotistic,risk_10,4.5
LTM1025,Myra Dave,Director - Cloud Infrastructure,E2,Technology & Engineering,4.2,Risk Factor,Micro Managing,risk_10,4.7
LTM1025,Myra Dave,Director - Cloud Infrastructure,E2,Technology & Engineering,4.2,Risk Factor,Opportunistic,risk_10,3.8
LTM1025,Myra Dave,Director - Cloud Infrastructure,E2,Technology & Engineering,4.2,Risk Factor,Restrained,risk_10,4.4
LTM1025,Myra Dave,Director - Cloud Infrastructure,E2,Technology & Engineering,4.2,Risk Factor,Social Pleaser,risk_10,4.3
LTM1025,Myra Dave,Director - Cloud Infrastructure,E2,Technology & Engineering,4.2,Risk Factor,Solitary,risk_10,5.7
LTM1025,Myra Dave,Director - Cloud Infrastructure,E2,Technology & Engineering,4.2,Risk Factor,Suspicious,risk_10,5.7
LTM1025,Myra Dave,Director - Cloud Infrastructure,E2,Technology & Engineering,4.2,Risk Factor,Volatile,risk_10,4.9
LTM1015,Akarsh Raju,Vice President - Product Management,E1,Technology & Engineering,4.4,Strategic Thinking,Strategic Vision,ordinal_4,2.0
LTM1015,Akarsh Raju,Vice President - Product Management,E1,Technology & Engineering,4.4,Strategic Thinking,Business Acumen,ordinal_4,2.0
LTM1015,Akarsh Raju,Vice President - Product Management,E1,Technology & Engineering,4.4,Strategic Thinking,Market and External Awareness,ordinal_4,2.0
LTM1015,Akarsh Raju,Vice President - Product Management,E1,Technology & Engineering,4.4,Operational Excellence,Drive for Results,ordinal_4,2.0
LTM1015,Akarsh Raju,Vice President - Product Management,E1,Technology & Engineering,4.4,Operational Excellence,Process Optimization,ordinal_4,2.0
LTM1015,Akarsh Raju,Vice President - Product Management,E1,Technology & Engineering,4.4,Operational Excellence,Quality Focus,ordinal_4,2.0
LTM1015,Akarsh Raju,Vice President - Product Management,E1,Technology & Engineering,4.4,Decision Effectiveness,Analytical Thinking,ordinal_4,2.0
LTM1015,Akarsh Raju,Vice President - Product Management,E1,Technology & Engineering,4.4,Decision Effectiveness,Sound Judgment,ordinal_4,2.0
LTM1015,Akarsh Raju,Vice President - Product Management,E1,Technology & Engineering,4.4,Decision Effectiveness,Decisiveness Under Uncertainty,ordinal_4,2.0
LTM1015,Akarsh Raju,Vice President - Product Management,E1,Technology & Engineering,4.4,People Leadership,Develops Talent,ordinal_4,1.0
LTM1015,Akarsh Raju,Vice President - Product Management,E1,Technology & Engineering,4.4,People Leadership,Builds Effective Teams,ordinal_4,2.0
LTM1015,Akarsh Raju,Vice President - Product Management,E1,Technology & Engineering,4.4,People Leadership,Coaching Others,ordinal_4,2.0
LTM1015,Akarsh Raju,Vice President - Product Management,E1,Technology & Engineering,4.4,Leading Change,Change Sponsorship,ordinal_4,2.0
LTM1015,Akarsh Raju,Vice President - Product Management,E1,Technology & Engineering,4.4,Leading Change,Adaptability,ordinal_4,2.0
LTM1015,Akarsh Raju,Vice President - Product Management,E1,Technology & Engineering,4.4,Leading Change,Resilience,ordinal_4,2.0
LTM1015,Akarsh Raju,Vice President - Product Management,E1,Technology & Engineering,4.4,Stakeholder Engagement,Builds Trust,ordinal_4,2.0
LTM1015,Akarsh Raju,Vice President - Product Management,E1,Technology & Engineering,4.4,Stakeholder Engagement,Customer Focus,ordinal_4,2.0
LTM1015,Akarsh Raju,Vice President - Product Management,E1,Technology & Engineering,4.4,Stakeholder Engagement,Influences Others,ordinal_4,2.0
LTM1015,Akarsh Raju,Vice President - Product Management,E1,Technology & Engineering,4.4,Positivity,Optimism,scale_100,26.0
LTM1015,Akarsh Raju,Vice President - Product Management,E1,Technology & Engineering,4.4,Positivity,Situational Self-Awareness,scale_100,51.0
LTM1015,Akarsh Raju,Vice President - Product Management,E1,Technology & Engineering,4.4,Positivity,Composure,scale_100,60.0
LTM1015,Akarsh Raju,Vice President - Product Management,E1,Technology & Engineering,4.4,Striving,Credibility,scale_100,46.0
LTM1015,Akarsh Raju,Vice President - Product Management,E1,Technology & Engineering,4.4,Striving,Confidence,scale_100,53.0
LTM1015,Akarsh Raju,Vice President - Product Management,E1,Technology & Engineering,4.4,Striving,Need for Achievement,scale_100,41.0
LTM1015,Akarsh Raju,Vice President - Product Management,E1,Technology & Engineering,4.4,Striving,Persistence,scale_100,47.0
LTM1015,Akarsh Raju,Vice President - Product Management,E1,Technology & Engineering,4.4,Agreeableness,Affiliation,scale_100,32.0
LTM1015,Akarsh Raju,Vice President - Product Management,E1,Technology & Engineering,4.4,Agreeableness,Humility,scale_100,24.0
LTM1015,Akarsh Raju,Vice President - Product Management,E1,Technology & Engineering,4.4,Agreeableness,Trust,scale_100,57.0
LTM1015,Akarsh Raju,Vice President - Product Management,E1,Technology & Engineering,4.4,Agreeableness,Openness to Differences,scale_100,38.0
LTM1015,Akarsh Raju,Vice President - Product Management,E1,Technology & Engineering,4.4,Agility,Focus,scale_100,49.0
LTM1015,Akarsh Raju,Vice President - Product Management,E1,Technology & Engineering,4.4,Agility,Curiosity,scale_100,40.0
LTM1015,Akarsh Raju,Vice President - Product Management,E1,Technology & Engineering,4.4,Agility,Adaptability,scale_100,40.0
LTM1015,Akarsh Raju,Vice President - Product Management,E1,Technology & Engineering,4.4,Agility,Risk Taking,scale_100,52.0
LTM1015,Akarsh Raju,Vice President - Product Management,E1,Technology & Engineering,4.4,Agility,Tolerance of Ambiguity,scale_100,47.0
LTM1015,Akarsh Raju,Vice President - Product Management,E1,Technology & Engineering,4.4,Presence,Empathy,scale_100,52.0
LTM1015,Akarsh Raju,Vice President - Product Management,E1,Technology & Engineering,4.4,Presence,Assertiveness,scale_100,52.0
LTM1015,Akarsh Raju,Vice President - Product Management,E1,Technology & Engineering,4.4,Presence,Sociability,scale_100,51.0
LTM1015,Akarsh Raju,Vice President - Product Management,E1,Technology & Engineering,4.4,Presence,Influence,scale_100,50.0
LTM1015,Akarsh Raju,Vice President - Product Management,E1,Technology & Engineering,4.4,Learning Agility,Mental Agility,scale_10,7.1
LTM1015,Akarsh Raju,Vice President - Product Management,E1,Technology & Engineering,4.4,Learning Agility,People Agility,scale_10,5.0
LTM1015,Akarsh Raju,Vice President - Product Management,E1,Technology & Engineering,4.4,Learning Agility,Change Agility,scale_10,5.8
LTM1015,Akarsh Raju,Vice President - Product Management,E1,Technology & Engineering,4.4,Learning Agility,Results Agility,scale_10,6.8
LTM1015,Akarsh Raju,Vice President - Product Management,E1,Technology & Engineering,4.4,Learning Agility,Situational Self-Awareness,scale_10,6.9
LTM1015,Akarsh Raju,Vice President - Product Management,E1,Technology & Engineering,4.4,Drivers,Balance,drivers_60,18.0
LTM1015,Akarsh Raju,Vice President - Product Management,E1,Technology & Engineering,4.4,Drivers,Collaboration,drivers_60,25.0
LTM1015,Akarsh Raju,Vice President - Product Management,E1,Technology & Engineering,4.4,Drivers,Power,drivers_60,37.0
LTM1015,Akarsh Raju,Vice President - Product Management,E1,Technology & Engineering,4.4,Drivers,Challenge,drivers_60,31.0
LTM1015,Akarsh Raju,Vice President - Product Management,E1,Technology & Engineering,4.4,Drivers,Structure,drivers_60,29.0
LTM1015,Akarsh Raju,Vice President - Product Management,E1,Technology & Engineering,4.4,Drivers,Independence,drivers_60,26.0
LTM1015,Akarsh Raju,Vice President - Product Management,E1,Technology & Engineering,4.4,Risk Factor,Avoidant,risk_10,3.9
LTM1015,Akarsh Raju,Vice President - Product Management,E1,Technology & Engineering,4.4,Risk Factor,Closed,risk_10,4.6
LTM1015,Akarsh Raju,Vice President - Product Management,E1,Technology & Engineering,4.4,Risk Factor,Defensive,risk_10,4.1
LTM1015,Akarsh Raju,Vice President - Product Management,E1,Technology & Engineering,4.4,Risk Factor,Egotistic,risk_10,4.3
LTM1015,Akarsh Raju,Vice President - Product Management,E1,Technology & Engineering,4.4,Risk Factor,Micro Managing,risk_10,4.4
LTM1015,Akarsh Raju,Vice President - Product Management,E1,Technology & Engineering,4.4,Risk Factor,Opportunistic,risk_10,3.7
LTM1015,Akarsh Raju,Vice President - Product Management,E1,Technology & Engineering,4.4,Risk Factor,Restrained,risk_10,4.8
LTM1015,Akarsh Raju,Vice President - Product Management,E1,Technology & Engineering,4.4,Risk Factor,Social Pleaser,risk_10,6.9
LTM1015,Akarsh Raju,Vice President - Product Management,E1,Technology & Engineering,4.4,Risk Factor,Solitary,risk_10,2.7
LTM1015,Akarsh Raju,Vice President - Product Management,E1,Technology & Engineering,4.4,Risk Factor,Suspicious,risk_10,4.6
LTM1015,Akarsh Raju,Vice President - Product Management,E1,Technology & Engineering,4.4,Risk Factor,Volatile,risk_10,3.6
LTM1027,Aniruddh Baria,Vice President - Consulting,E1,Consulting,4.9,Strategic Thinking,Strategic Vision,ordinal_4,4.0
LTM1027,Aniruddh Baria,Vice President - Consulting,E1,Consulting,4.9,Strategic Thinking,Business Acumen,ordinal_4,4.0
LTM1027,Aniruddh Baria,Vice President - Consulting,E1,Consulting,4.9,Strategic Thinking,Market and External Awareness,ordinal_4,4.0
LTM1027,Aniruddh Baria,Vice President - Consulting,E1,Consulting,4.9,Operational Excellence,Drive for Results,ordinal_4,4.0
LTM1027,Aniruddh Baria,Vice President - Consulting,E1,Consulting,4.9,Operational Excellence,Process Optimization,ordinal_4,3.0
LTM1027,Aniruddh Baria,Vice President - Consulting,E1,Consulting,4.9,Operational Excellence,Quality Focus,ordinal_4,4.0
LTM1027,Aniruddh Baria,Vice President - Consulting,E1,Consulting,4.9,Decision Effectiveness,Analytical Thinking,ordinal_4,2.0
LTM1027,Aniruddh Baria,Vice President - Consulting,E1,Consulting,4.9,Decision Effectiveness,Sound Judgment,ordinal_4,4.0
LTM1027,Aniruddh Baria,Vice President - Consulting,E1,Consulting,4.9,Decision Effectiveness,Decisiveness Under Uncertainty,ordinal_4,3.0
LTM1027,Aniruddh Baria,Vice President - Consulting,E1,Consulting,4.9,People Leadership,Develops Talent,ordinal_4,4.0
LTM1027,Aniruddh Baria,Vice President - Consulting,E1,Consulting,4.9,People Leadership,Builds Effective Teams,ordinal_4,3.0
LTM1027,Aniruddh Baria,Vice President - Consulting,E1,Consulting,4.9,People Leadership,Coaching Others,ordinal_4,4.0
LTM1027,Aniruddh Baria,Vice President - Consulting,E1,Consulting,4.9,Leading Change,Change Sponsorship,ordinal_4,3.0
LTM1027,Aniruddh Baria,Vice President - Consulting,E1,Consulting,4.9,Leading Change,Adaptability,ordinal_4,3.0
LTM1027,Aniruddh Baria,Vice President - Consulting,E1,Consulting,4.9,Leading Change,Resilience,ordinal_4,3.0
LTM1027,Aniruddh Baria,Vice President - Consulting,E1,Consulting,4.9,Stakeholder Engagement,Builds Trust,ordinal_4,4.0
LTM1027,Aniruddh Baria,Vice President - Consulting,E1,Consulting,4.9,Stakeholder Engagement,Customer Focus,ordinal_4,3.0
LTM1027,Aniruddh Baria,Vice President - Consulting,E1,Consulting,4.9,Stakeholder Engagement,Influences Others,ordinal_4,4.0
LTM1027,Aniruddh Baria,Vice President - Consulting,E1,Consulting,4.9,Positivity,Optimism,scale_100,62.0
LTM1027,Aniruddh Baria,Vice President - Consulting,E1,Consulting,4.9,Positivity,Situational Self-Awareness,scale_100,60.0
LTM1027,Aniruddh Baria,Vice President - Consulting,E1,Consulting,4.9,Positivity,Composure,scale_100,47.0
LTM1027,Aniruddh Baria,Vice President - Consulting,E1,Consulting,4.9,Striving,Credibility,scale_100,67.0
LTM1027,Aniruddh Baria,Vice President - Consulting,E1,Consulting,4.9,Striving,Confidence,scale_100,37.0
LTM1027,Aniruddh Baria,Vice President - Consulting,E1,Consulting,4.9,Striving,Need for Achievement,scale_100,68.0
LTM1027,Aniruddh Baria,Vice President - Consulting,E1,Consulting,4.9,Striving,Persistence,scale_100,47.0
LTM1027,Aniruddh Baria,Vice President - Consulting,E1,Consulting,4.9,Agreeableness,Affiliation,scale_100,62.0
LTM1027,Aniruddh Baria,Vice President - Consulting,E1,Consulting,4.9,Agreeableness,Humility,scale_100,60.0
LTM1027,Aniruddh Baria,Vice President - Consulting,E1,Consulting,4.9,Agreeableness,Trust,scale_100,73.0
LTM1027,Aniruddh Baria,Vice President - Consulting,E1,Consulting,4.9,Agreeableness,Openness to Differences,scale_100,60.0
LTM1027,Aniruddh Baria,Vice President - Consulting,E1,Consulting,4.9,Agility,Focus,scale_100,55.0
LTM1027,Aniruddh Baria,Vice President - Consulting,E1,Consulting,4.9,Agility,Curiosity,scale_100,57.0
LTM1027,Aniruddh Baria,Vice President - Consulting,E1,Consulting,4.9,Agility,Adaptability,scale_100,74.0
LTM1027,Aniruddh Baria,Vice President - Consulting,E1,Consulting,4.9,Agility,Risk Taking,scale_100,67.0
LTM1027,Aniruddh Baria,Vice President - Consulting,E1,Consulting,4.9,Agility,Tolerance of Ambiguity,scale_100,58.0
LTM1027,Aniruddh Baria,Vice President - Consulting,E1,Consulting,4.9,Presence,Empathy,scale_100,59.0
LTM1027,Aniruddh Baria,Vice President - Consulting,E1,Consulting,4.9,Presence,Assertiveness,scale_100,46.0
LTM1027,Aniruddh Baria,Vice President - Consulting,E1,Consulting,4.9,Presence,Sociability,scale_100,65.0
LTM1027,Aniruddh Baria,Vice President - Consulting,E1,Consulting,4.9,Presence,Influence,scale_100,44.0
LTM1027,Aniruddh Baria,Vice President - Consulting,E1,Consulting,4.9,Learning Agility,Mental Agility,scale_10,7.7
LTM1027,Aniruddh Baria,Vice President - Consulting,E1,Consulting,4.9,Learning Agility,People Agility,scale_10,7.2
LTM1027,Aniruddh Baria,Vice President - Consulting,E1,Consulting,4.9,Learning Agility,Change Agility,scale_10,9.0
LTM1027,Aniruddh Baria,Vice President - Consulting,E1,Consulting,4.9,Learning Agility,Results Agility,scale_10,6.2
LTM1027,Aniruddh Baria,Vice President - Consulting,E1,Consulting,4.9,Learning Agility,Situational Self-Awareness,scale_10,7.0
LTM1027,Aniruddh Baria,Vice President - Consulting,E1,Consulting,4.9,Drivers,Balance,drivers_60,53.0
LTM1027,Aniruddh Baria,Vice President - Consulting,E1,Consulting,4.9,Drivers,Collaboration,drivers_60,49.0
LTM1027,Aniruddh Baria,Vice President - Consulting,E1,Consulting,4.9,Drivers,Power,drivers_60,35.0
LTM1027,Aniruddh Baria,Vice President - Consulting,E1,Consulting,4.9,Drivers,Challenge,drivers_60,42.0
LTM1027,Aniruddh Baria,Vice President - Consulting,E1,Consulting,4.9,Drivers,Structure,drivers_60,40.0
LTM1027,Aniruddh Baria,Vice President - Consulting,E1,Consulting,4.9,Drivers,Independence,drivers_60,42.0
LTM1027,Aniruddh Baria,Vice President - Consulting,E1,Consulting,4.9,Risk Factor,Avoidant,risk_10,1.5
LTM1027,Aniruddh Baria,Vice President - Consulting,E1,Consulting,4.9,Risk Factor,Closed,risk_10,2.0
LTM1027,Aniruddh Baria,Vice President - Consulting,E1,Consulting,4.9,Risk Factor,Defensive,risk_10,1.0
LTM1027,Aniruddh Baria,Vice President - Consulting,E1,Consulting,4.9,Risk Factor,Egotistic,risk_10,2.2
LTM1027,Aniruddh Baria,Vice President - Consulting,E1,Consulting,4.9,Risk Factor,Micro Managing,risk_10,2.5
LTM1027,Aniruddh Baria,Vice President - Consulting,E1,Consulting,4.9,Risk Factor,Opportunistic,risk_10,1.9
LTM1027,Aniruddh Baria,Vice President - Consulting,E1,Consulting,4.9,Risk Factor,Restrained,risk_10,1.0
LTM1027,Aniruddh Baria,Vice President - Consulting,E1,Consulting,4.9,Risk Factor,Social Pleaser,risk_10,3.0
LTM1027,Aniruddh Baria,Vice President - Consulting,E1,Consulting,4.9,Risk Factor,Solitary,risk_10,2.4
LTM1027,Aniruddh Baria,Vice President - Consulting,E1,Consulting,4.9,Risk Factor,Suspicious,risk_10,1.5
LTM1027,Aniruddh Baria,Vice President - Consulting,E1,Consulting,4.9,Risk Factor,Volatile,risk_10,1.9
LTM1099,Nitya Barman,Chief Strategy Officer,E2,Strategy & Corporate Development,5.0,Strategic Thinking,Strategic Vision,ordinal_4,4.0
LTM1099,Nitya Barman,Chief Strategy Officer,E2,Strategy & Corporate Development,5.0,Strategic Thinking,Business Acumen,ordinal_4,4.0
LTM1099,Nitya Barman,Chief Strategy Officer,E2,Strategy & Corporate Development,5.0,Strategic Thinking,Market and External Awareness,ordinal_4,4.0
LTM1099,Nitya Barman,Chief Strategy Officer,E2,Strategy & Corporate Development,5.0,Operational Excellence,Drive for Results,ordinal_4,4.0
LTM1099,Nitya Barman,Chief Strategy Officer,E2,Strategy & Corporate Development,5.0,Operational Excellence,Process Optimization,ordinal_4,3.0
LTM1099,Nitya Barman,Chief Strategy Officer,E2,Strategy & Corporate Development,5.0,Operational Excellence,Quality Focus,ordinal_4,4.0
LTM1099,Nitya Barman,Chief Strategy Officer,E2,Strategy & Corporate Development,5.0,Decision Effectiveness,Analytical Thinking,ordinal_4,4.0
LTM1099,Nitya Barman,Chief Strategy Officer,E2,Strategy & Corporate Development,5.0,Decision Effectiveness,Sound Judgment,ordinal_4,4.0
LTM1099,Nitya Barman,Chief Strategy Officer,E2,Strategy & Corporate Development,5.0,Decision Effectiveness,Decisiveness Under Uncertainty,ordinal_4,4.0
LTM1099,Nitya Barman,Chief Strategy Officer,E2,Strategy & Corporate Development,5.0,People Leadership,Develops Talent,ordinal_4,4.0
LTM1099,Nitya Barman,Chief Strategy Officer,E2,Strategy & Corporate Development,5.0,People Leadership,Builds Effective Teams,ordinal_4,4.0
LTM1099,Nitya Barman,Chief Strategy Officer,E2,Strategy & Corporate Development,5.0,People Leadership,Coaching Others,ordinal_4,3.0
LTM1099,Nitya Barman,Chief Strategy Officer,E2,Strategy & Corporate Development,5.0,Leading Change,Change Sponsorship,ordinal_4,3.0
LTM1099,Nitya Barman,Chief Strategy Officer,E2,Strategy & Corporate Development,5.0,Leading Change,Adaptability,ordinal_4,4.0
LTM1099,Nitya Barman,Chief Strategy Officer,E2,Strategy & Corporate Development,5.0,Leading Change,Resilience,ordinal_4,3.0
LTM1099,Nitya Barman,Chief Strategy Officer,E2,Strategy & Corporate Development,5.0,Stakeholder Engagement,Builds Trust,ordinal_4,4.0
LTM1099,Nitya Barman,Chief Strategy Officer,E2,Strategy & Corporate Development,5.0,Stakeholder Engagement,Customer Focus,ordinal_4,4.0
LTM1099,Nitya Barman,Chief Strategy Officer,E2,Strategy & Corporate Development,5.0,Stakeholder Engagement,Influences Others,ordinal_4,4.0
LTM1099,Nitya Barman,Chief Strategy Officer,E2,Strategy & Corporate Development,5.0,Positivity,Optimism,scale_100,49.0
LTM1099,Nitya Barman,Chief Strategy Officer,E2,Strategy & Corporate Development,5.0,Positivity,Situational Self-Awareness,scale_100,68.0
LTM1099,Nitya Barman,Chief Strategy Officer,E2,Strategy & Corporate Development,5.0,Positivity,Composure,scale_100,55.0
LTM1099,Nitya Barman,Chief Strategy Officer,E2,Strategy & Corporate Development,5.0,Striving,Credibility,scale_100,61.0
LTM1099,Nitya Barman,Chief Strategy Officer,E2,Strategy & Corporate Development,5.0,Striving,Confidence,scale_100,67.0
LTM1099,Nitya Barman,Chief Strategy Officer,E2,Strategy & Corporate Development,5.0,Striving,Need for Achievement,scale_100,43.0
LTM1099,Nitya Barman,Chief Strategy Officer,E2,Strategy & Corporate Development,5.0,Striving,Persistence,scale_100,68.0
LTM1099,Nitya Barman,Chief Strategy Officer,E2,Strategy & Corporate Development,5.0,Agreeableness,Affiliation,scale_100,85.0
LTM1099,Nitya Barman,Chief Strategy Officer,E2,Strategy & Corporate Development,5.0,Agreeableness,Humility,scale_100,61.0
LTM1099,Nitya Barman,Chief Strategy Officer,E2,Strategy & Corporate Development,5.0,Agreeableness,Trust,scale_100,69.0
LTM1099,Nitya Barman,Chief Strategy Officer,E2,Strategy & Corporate Development,5.0,Agreeableness,Openness to Differences,scale_100,76.0
LTM1099,Nitya Barman,Chief Strategy Officer,E2,Strategy & Corporate Development,5.0,Agility,Focus,scale_100,64.0
LTM1099,Nitya Barman,Chief Strategy Officer,E2,Strategy & Corporate Development,5.0,Agility,Curiosity,scale_100,60.0
LTM1099,Nitya Barman,Chief Strategy Officer,E2,Strategy & Corporate Development,5.0,Agility,Adaptability,scale_100,43.0
LTM1099,Nitya Barman,Chief Strategy Officer,E2,Strategy & Corporate Development,5.0,Agility,Risk Taking,scale_100,72.0
LTM1099,Nitya Barman,Chief Strategy Officer,E2,Strategy & Corporate Development,5.0,Agility,Tolerance of Ambiguity,scale_100,65.0
LTM1099,Nitya Barman,Chief Strategy Officer,E2,Strategy & Corporate Development,5.0,Presence,Empathy,scale_100,56.0
LTM1099,Nitya Barman,Chief Strategy Officer,E2,Strategy & Corporate Development,5.0,Presence,Assertiveness,scale_100,67.0
LTM1099,Nitya Barman,Chief Strategy Officer,E2,Strategy & Corporate Development,5.0,Presence,Sociability,scale_100,60.0
LTM1099,Nitya Barman,Chief Strategy Officer,E2,Strategy & Corporate Development,5.0,Presence,Influence,scale_100,61.0
LTM1099,Nitya Barman,Chief Strategy Officer,E2,Strategy & Corporate Development,5.0,Learning Agility,Mental Agility,scale_10,8.2
LTM1099,Nitya Barman,Chief Strategy Officer,E2,Strategy & Corporate Development,5.0,Learning Agility,People Agility,scale_10,6.7
LTM1099,Nitya Barman,Chief Strategy Officer,E2,Strategy & Corporate Development,5.0,Learning Agility,Change Agility,scale_10,8.6
LTM1099,Nitya Barman,Chief Strategy Officer,E2,Strategy & Corporate Development,5.0,Learning Agility,Results Agility,scale_10,6.6
LTM1099,Nitya Barman,Chief Strategy Officer,E2,Strategy & Corporate Development,5.0,Learning Agility,Situational Self-Awareness,scale_10,7.2
LTM1099,Nitya Barman,Chief Strategy Officer,E2,Strategy & Corporate Development,5.0,Drivers,Balance,drivers_60,57.0
LTM1099,Nitya Barman,Chief Strategy Officer,E2,Strategy & Corporate Development,5.0,Drivers,Collaboration,drivers_60,52.0
LTM1099,Nitya Barman,Chief Strategy Officer,E2,Strategy & Corporate Development,5.0,Drivers,Power,drivers_60,45.0
LTM1099,Nitya Barman,Chief Strategy Officer,E2,Strategy & Corporate Development,5.0,Drivers,Challenge,drivers_60,37.0
LTM1099,Nitya Barman,Chief Strategy Officer,E2,Strategy & Corporate Development,5.0,Drivers,Structure,drivers_60,40.0
LTM1099,Nitya Barman,Chief Strategy Officer,E2,Strategy & Corporate Development,5.0,Drivers,Independence,drivers_60,45.0
LTM1099,Nitya Barman,Chief Strategy Officer,E2,Strategy & Corporate Development,5.0,Risk Factor,Avoidant,risk_10,1.5
LTM1099,Nitya Barman,Chief Strategy Officer,E2,Strategy & Corporate Development,5.0,Risk Factor,Closed,risk_10,1.4
LTM1099,Nitya Barman,Chief Strategy Officer,E2,Strategy & Corporate Development,5.0,Risk Factor,Defensive,risk_10,1.5
LTM1099,Nitya Barman,Chief Strategy Officer,E2,Strategy & Corporate Development,5.0,Risk Factor,Egotistic,risk_10,1.3
LTM1099,Nitya Barman,Chief Strategy Officer,E2,Strategy & Corporate Development,5.0,Risk Factor,Micro Managing,risk_10,1.0
LTM1099,Nitya Barman,Chief Strategy Officer,E2,Strategy & Corporate Development,5.0,Risk Factor,Opportunistic,risk_10,1.0
LTM1099,Nitya Barman,Chief Strategy Officer,E2,Strategy & Corporate Development,5.0,Risk Factor,Restrained,risk_10,2.3
LTM1099,Nitya Barman,Chief Strategy Officer,E2,Strategy & Corporate Development,5.0,Risk Factor,Social Pleaser,risk_10,1.0
LTM1099,Nitya Barman,Chief Strategy Officer,E2,Strategy & Corporate Development,5.0,Risk Factor,Solitary,risk_10,1.3
LTM1099,Nitya Barman,Chief Strategy Officer,E2,Strategy & Corporate Development,5.0,Risk Factor,Suspicious,risk_10,1.0
LTM1099,Nitya Barman,Chief Strategy Officer,E2,Strategy & Corporate Development,5.0,Risk Factor,Volatile,risk_10,1.6
LTM1029,Riaan Sengupta,Chief Strategy Officer,E2,Strategy & Corporate Development,4.6,Strategic Thinking,Strategic Vision,ordinal_4,3.0
LTM1029,Riaan Sengupta,Chief Strategy Officer,E2,Strategy & Corporate Development,4.6,Strategic Thinking,Business Acumen,ordinal_4,4.0
LTM1029,Riaan Sengupta,Chief Strategy Officer,E2,Strategy & Corporate Development,4.6,Strategic Thinking,Market and External Awareness,ordinal_4,3.0
LTM1029,Riaan Sengupta,Chief Strategy Officer,E2,Strategy & Corporate Development,4.6,Operational Excellence,Drive for Results,ordinal_4,2.0
LTM1029,Riaan Sengupta,Chief Strategy Officer,E2,Strategy & Corporate Development,4.6,Operational Excellence,Process Optimization,ordinal_4,3.0
LTM1029,Riaan Sengupta,Chief Strategy Officer,E2,Strategy & Corporate Development,4.6,Operational Excellence,Quality Focus,ordinal_4,2.0
LTM1029,Riaan Sengupta,Chief Strategy Officer,E2,Strategy & Corporate Development,4.6,Decision Effectiveness,Analytical Thinking,ordinal_4,3.0
LTM1029,Riaan Sengupta,Chief Strategy Officer,E2,Strategy & Corporate Development,4.6,Decision Effectiveness,Sound Judgment,ordinal_4,3.0
LTM1029,Riaan Sengupta,Chief Strategy Officer,E2,Strategy & Corporate Development,4.6,Decision Effectiveness,Decisiveness Under Uncertainty,ordinal_4,3.0
LTM1029,Riaan Sengupta,Chief Strategy Officer,E2,Strategy & Corporate Development,4.6,People Leadership,Develops Talent,ordinal_4,3.0
LTM1029,Riaan Sengupta,Chief Strategy Officer,E2,Strategy & Corporate Development,4.6,People Leadership,Builds Effective Teams,ordinal_4,2.0
LTM1029,Riaan Sengupta,Chief Strategy Officer,E2,Strategy & Corporate Development,4.6,People Leadership,Coaching Others,ordinal_4,3.0
LTM1029,Riaan Sengupta,Chief Strategy Officer,E2,Strategy & Corporate Development,4.6,Leading Change,Change Sponsorship,ordinal_4,2.0
LTM1029,Riaan Sengupta,Chief Strategy Officer,E2,Strategy & Corporate Development,4.6,Leading Change,Adaptability,ordinal_4,3.0
LTM1029,Riaan Sengupta,Chief Strategy Officer,E2,Strategy & Corporate Development,4.6,Leading Change,Resilience,ordinal_4,3.0
LTM1029,Riaan Sengupta,Chief Strategy Officer,E2,Strategy & Corporate Development,4.6,Stakeholder Engagement,Builds Trust,ordinal_4,4.0
LTM1029,Riaan Sengupta,Chief Strategy Officer,E2,Strategy & Corporate Development,4.6,Stakeholder Engagement,Customer Focus,ordinal_4,4.0
LTM1029,Riaan Sengupta,Chief Strategy Officer,E2,Strategy & Corporate Development,4.6,Stakeholder Engagement,Influences Others,ordinal_4,4.0
LTM1029,Riaan Sengupta,Chief Strategy Officer,E2,Strategy & Corporate Development,4.6,Positivity,Optimism,scale_100,45.0
LTM1029,Riaan Sengupta,Chief Strategy Officer,E2,Strategy & Corporate Development,4.6,Positivity,Situational Self-Awareness,scale_100,56.0
LTM1029,Riaan Sengupta,Chief Strategy Officer,E2,Strategy & Corporate Development,4.6,Positivity,Composure,scale_100,43.0
LTM1029,Riaan Sengupta,Chief Strategy Officer,E2,Strategy & Corporate Development,4.6,Striving,Credibility,scale_100,47.0
LTM1029,Riaan Sengupta,Chief Strategy Officer,E2,Strategy & Corporate Development,4.6,Striving,Confidence,scale_100,49.0
LTM1029,Riaan Sengupta,Chief Strategy Officer,E2,Strategy & Corporate Development,4.6,Striving,Need for Achievement,scale_100,44.0
LTM1029,Riaan Sengupta,Chief Strategy Officer,E2,Strategy & Corporate Development,4.6,Striving,Persistence,scale_100,44.0
LTM1029,Riaan Sengupta,Chief Strategy Officer,E2,Strategy & Corporate Development,4.6,Agreeableness,Affiliation,scale_100,54.0
LTM1029,Riaan Sengupta,Chief Strategy Officer,E2,Strategy & Corporate Development,4.6,Agreeableness,Humility,scale_100,43.0
LTM1029,Riaan Sengupta,Chief Strategy Officer,E2,Strategy & Corporate Development,4.6,Agreeableness,Trust,scale_100,63.0
LTM1029,Riaan Sengupta,Chief Strategy Officer,E2,Strategy & Corporate Development,4.6,Agreeableness,Openness to Differences,scale_100,46.0
LTM1029,Riaan Sengupta,Chief Strategy Officer,E2,Strategy & Corporate Development,4.6,Agility,Focus,scale_100,83.0
LTM1029,Riaan Sengupta,Chief Strategy Officer,E2,Strategy & Corporate Development,4.6,Agility,Curiosity,scale_100,50.0
LTM1029,Riaan Sengupta,Chief Strategy Officer,E2,Strategy & Corporate Development,4.6,Agility,Adaptability,scale_100,56.0
LTM1029,Riaan Sengupta,Chief Strategy Officer,E2,Strategy & Corporate Development,4.6,Agility,Risk Taking,scale_100,42.0
LTM1029,Riaan Sengupta,Chief Strategy Officer,E2,Strategy & Corporate Development,4.6,Agility,Tolerance of Ambiguity,scale_100,72.0
LTM1029,Riaan Sengupta,Chief Strategy Officer,E2,Strategy & Corporate Development,4.6,Presence,Empathy,scale_100,66.0
LTM1029,Riaan Sengupta,Chief Strategy Officer,E2,Strategy & Corporate Development,4.6,Presence,Assertiveness,scale_100,58.0
LTM1029,Riaan Sengupta,Chief Strategy Officer,E2,Strategy & Corporate Development,4.6,Presence,Sociability,scale_100,42.0
LTM1029,Riaan Sengupta,Chief Strategy Officer,E2,Strategy & Corporate Development,4.6,Presence,Influence,scale_100,57.0
LTM1029,Riaan Sengupta,Chief Strategy Officer,E2,Strategy & Corporate Development,4.6,Learning Agility,Mental Agility,scale_10,5.4
LTM1029,Riaan Sengupta,Chief Strategy Officer,E2,Strategy & Corporate Development,4.6,Learning Agility,People Agility,scale_10,7.4
LTM1029,Riaan Sengupta,Chief Strategy Officer,E2,Strategy & Corporate Development,4.6,Learning Agility,Change Agility,scale_10,6.9
LTM1029,Riaan Sengupta,Chief Strategy Officer,E2,Strategy & Corporate Development,4.6,Learning Agility,Results Agility,scale_10,6.3
LTM1029,Riaan Sengupta,Chief Strategy Officer,E2,Strategy & Corporate Development,4.6,Learning Agility,Situational Self-Awareness,scale_10,4.3
LTM1029,Riaan Sengupta,Chief Strategy Officer,E2,Strategy & Corporate Development,4.6,Drivers,Balance,drivers_60,27.0
LTM1029,Riaan Sengupta,Chief Strategy Officer,E2,Strategy & Corporate Development,4.6,Drivers,Collaboration,drivers_60,39.0
LTM1029,Riaan Sengupta,Chief Strategy Officer,E2,Strategy & Corporate Development,4.6,Drivers,Power,drivers_60,42.0
LTM1029,Riaan Sengupta,Chief Strategy Officer,E2,Strategy & Corporate Development,4.6,Drivers,Challenge,drivers_60,42.0
LTM1029,Riaan Sengupta,Chief Strategy Officer,E2,Strategy & Corporate Development,4.6,Drivers,Structure,drivers_60,23.0
LTM1029,Riaan Sengupta,Chief Strategy Officer,E2,Strategy & Corporate Development,4.6,Drivers,Independence,drivers_60,36.0
LTM1029,Riaan Sengupta,Chief Strategy Officer,E2,Strategy & Corporate Development,4.6,Risk Factor,Avoidant,risk_10,4.2
LTM1029,Riaan Sengupta,Chief Strategy Officer,E2,Strategy & Corporate Development,4.6,Risk Factor,Closed,risk_10,1.8
LTM1029,Riaan Sengupta,Chief Strategy Officer,E2,Strategy & Corporate Development,4.6,Risk Factor,Defensive,risk_10,3.2
LTM1029,Riaan Sengupta,Chief Strategy Officer,E2,Strategy & Corporate Development,4.6,Risk Factor,Egotistic,risk_10,3.5
LTM1029,Riaan Sengupta,Chief Strategy Officer,E2,Strategy & Corporate Development,4.6,Risk Factor,Micro Managing,risk_10,3.0
LTM1029,Riaan Sengupta,Chief Strategy Officer,E2,Strategy & Corporate Development,4.6,Risk Factor,Opportunistic,risk_10,1.6
LTM1029,Riaan Sengupta,Chief Strategy Officer,E2,Strategy & Corporate Development,4.6,Risk Factor,Restrained,risk_10,3.0
LTM1029,Riaan Sengupta,Chief Strategy Officer,E2,Strategy & Corporate Development,4.6,Risk Factor,Social Pleaser,risk_10,3.0
LTM1029,Riaan Sengupta,Chief Strategy Officer,E2,Strategy & Corporate Development,4.6,Risk Factor,Solitary,risk_10,3.1
LTM1029,Riaan Sengupta,Chief Strategy Officer,E2,Strategy & Corporate Development,4.6,Risk Factor,Suspicious,risk_10,2.7
LTM1029,Riaan Sengupta,Chief Strategy Officer,E2,Strategy & Corporate Development,4.6,Risk Factor,Volatile,risk_10,2.9
LTM1030,Chirag Contractor,Senior Director - Sales,E2,Sales & Business Development,5.0,Strategic Thinking,Strategic Vision,ordinal_4,4.0
LTM1030,Chirag Contractor,Senior Director - Sales,E2,Sales & Business Development,5.0,Strategic Thinking,Business Acumen,ordinal_4,4.0
LTM1030,Chirag Contractor,Senior Director - Sales,E2,Sales & Business Development,5.0,Strategic Thinking,Market and External Awareness,ordinal_4,4.0
LTM1030,Chirag Contractor,Senior Director - Sales,E2,Sales & Business Development,5.0,Operational Excellence,Drive for Results,ordinal_4,4.0
LTM1030,Chirag Contractor,Senior Director - Sales,E2,Sales & Business Development,5.0,Operational Excellence,Process Optimization,ordinal_4,4.0
LTM1030,Chirag Contractor,Senior Director - Sales,E2,Sales & Business Development,5.0,Operational Excellence,Quality Focus,ordinal_4,3.0
LTM1030,Chirag Contractor,Senior Director - Sales,E2,Sales & Business Development,5.0,Decision Effectiveness,Analytical Thinking,ordinal_4,4.0
LTM1030,Chirag Contractor,Senior Director - Sales,E2,Sales & Business Development,5.0,Decision Effectiveness,Sound Judgment,ordinal_4,4.0
LTM1030,Chirag Contractor,Senior Director - Sales,E2,Sales & Business Development,5.0,Decision Effectiveness,Decisiveness Under Uncertainty,ordinal_4,4.0
LTM1030,Chirag Contractor,Senior Director - Sales,E2,Sales & Business Development,5.0,People Leadership,Develops Talent,ordinal_4,4.0
LTM1030,Chirag Contractor,Senior Director - Sales,E2,Sales & Business Development,5.0,People Leadership,Builds Effective Teams,ordinal_4,3.0
LTM1030,Chirag Contractor,Senior Director - Sales,E2,Sales & Business Development,5.0,People Leadership,Coaching Others,ordinal_4,3.0
LTM1030,Chirag Contractor,Senior Director - Sales,E2,Sales & Business Development,5.0,Leading Change,Change Sponsorship,ordinal_4,4.0
LTM1030,Chirag Contractor,Senior Director - Sales,E2,Sales & Business Development,5.0,Leading Change,Adaptability,ordinal_4,4.0
LTM1030,Chirag Contractor,Senior Director - Sales,E2,Sales & Business Development,5.0,Leading Change,Resilience,ordinal_4,4.0
LTM1030,Chirag Contractor,Senior Director - Sales,E2,Sales & Business Development,5.0,Stakeholder Engagement,Builds Trust,ordinal_4,4.0
LTM1030,Chirag Contractor,Senior Director - Sales,E2,Sales & Business Development,5.0,Stakeholder Engagement,Customer Focus,ordinal_4,4.0
LTM1030,Chirag Contractor,Senior Director - Sales,E2,Sales & Business Development,5.0,Stakeholder Engagement,Influences Others,ordinal_4,4.0
LTM1030,Chirag Contractor,Senior Director - Sales,E2,Sales & Business Development,5.0,Positivity,Optimism,scale_100,71.0
LTM1030,Chirag Contractor,Senior Director - Sales,E2,Sales & Business Development,5.0,Positivity,Situational Self-Awareness,scale_100,63.0
LTM1030,Chirag Contractor,Senior Director - Sales,E2,Sales & Business Development,5.0,Positivity,Composure,scale_100,45.0
LTM1030,Chirag Contractor,Senior Director - Sales,E2,Sales & Business Development,5.0,Striving,Credibility,scale_100,80.0
LTM1030,Chirag Contractor,Senior Director - Sales,E2,Sales & Business Development,5.0,Striving,Confidence,scale_100,84.0
LTM1030,Chirag Contractor,Senior Director - Sales,E2,Sales & Business Development,5.0,Striving,Need for Achievement,scale_100,78.0
LTM1030,Chirag Contractor,Senior Director - Sales,E2,Sales & Business Development,5.0,Striving,Persistence,scale_100,63.0
LTM1030,Chirag Contractor,Senior Director - Sales,E2,Sales & Business Development,5.0,Agreeableness,Affiliation,scale_100,73.0
LTM1030,Chirag Contractor,Senior Director - Sales,E2,Sales & Business Development,5.0,Agreeableness,Humility,scale_100,75.0
LTM1030,Chirag Contractor,Senior Director - Sales,E2,Sales & Business Development,5.0,Agreeableness,Trust,scale_100,82.0
LTM1030,Chirag Contractor,Senior Director - Sales,E2,Sales & Business Development,5.0,Agreeableness,Openness to Differences,scale_100,57.0
LTM1030,Chirag Contractor,Senior Director - Sales,E2,Sales & Business Development,5.0,Agility,Focus,scale_100,64.0
LTM1030,Chirag Contractor,Senior Director - Sales,E2,Sales & Business Development,5.0,Agility,Curiosity,scale_100,73.0
LTM1030,Chirag Contractor,Senior Director - Sales,E2,Sales & Business Development,5.0,Agility,Adaptability,scale_100,67.0
LTM1030,Chirag Contractor,Senior Director - Sales,E2,Sales & Business Development,5.0,Agility,Risk Taking,scale_100,55.0
LTM1030,Chirag Contractor,Senior Director - Sales,E2,Sales & Business Development,5.0,Agility,Tolerance of Ambiguity,scale_100,70.0
LTM1030,Chirag Contractor,Senior Director - Sales,E2,Sales & Business Development,5.0,Presence,Empathy,scale_100,78.0
LTM1030,Chirag Contractor,Senior Director - Sales,E2,Sales & Business Development,5.0,Presence,Assertiveness,scale_100,73.0
LTM1030,Chirag Contractor,Senior Director - Sales,E2,Sales & Business Development,5.0,Presence,Sociability,scale_100,74.0
LTM1030,Chirag Contractor,Senior Director - Sales,E2,Sales & Business Development,5.0,Presence,Influence,scale_100,69.0
LTM1030,Chirag Contractor,Senior Director - Sales,E2,Sales & Business Development,5.0,Learning Agility,Mental Agility,scale_10,8.9
LTM1030,Chirag Contractor,Senior Director - Sales,E2,Sales & Business Development,5.0,Learning Agility,People Agility,scale_10,7.0
LTM1030,Chirag Contractor,Senior Director - Sales,E2,Sales & Business Development,5.0,Learning Agility,Change Agility,scale_10,7.3
LTM1030,Chirag Contractor,Senior Director - Sales,E2,Sales & Business Development,5.0,Learning Agility,Results Agility,scale_10,7.8
LTM1030,Chirag Contractor,Senior Director - Sales,E2,Sales & Business Development,5.0,Learning Agility,Situational Self-Awareness,scale_10,8.5
LTM1030,Chirag Contractor,Senior Director - Sales,E2,Sales & Business Development,5.0,Drivers,Balance,drivers_60,39.0
LTM1030,Chirag Contractor,Senior Director - Sales,E2,Sales & Business Development,5.0,Drivers,Collaboration,drivers_60,40.0
LTM1030,Chirag Contractor,Senior Director - Sales,E2,Sales & Business Development,5.0,Drivers,Power,drivers_60,35.0
LTM1030,Chirag Contractor,Senior Director - Sales,E2,Sales & Business Development,5.0,Drivers,Challenge,drivers_60,49.0
LTM1030,Chirag Contractor,Senior Director - Sales,E2,Sales & Business Development,5.0,Drivers,Structure,drivers_60,41.0
LTM1030,Chirag Contractor,Senior Director - Sales,E2,Sales & Business Development,5.0,Drivers,Independence,drivers_60,46.0
LTM1030,Chirag Contractor,Senior Director - Sales,E2,Sales & Business Development,5.0,Risk Factor,Avoidant,risk_10,2.1
LTM1030,Chirag Contractor,Senior Director - Sales,E2,Sales & Business Development,5.0,Risk Factor,Closed,risk_10,1.0
LTM1030,Chirag Contractor,Senior Director - Sales,E2,Sales & Business Development,5.0,Risk Factor,Defensive,risk_10,1.7
LTM1030,Chirag Contractor,Senior Director - Sales,E2,Sales & Business Development,5.0,Risk Factor,Egotistic,risk_10,1.2
LTM1030,Chirag Contractor,Senior Director - Sales,E2,Sales & Business Development,5.0,Risk Factor,Micro Managing,risk_10,2.1
LTM1030,Chirag Contractor,Senior Director - Sales,E2,Sales & Business Development,5.0,Risk Factor,Opportunistic,risk_10,1.9
LTM1030,Chirag Contractor,Senior Director - Sales,E2,Sales & Business Development,5.0,Risk Factor,Restrained,risk_10,1.0
LTM1030,Chirag Contractor,Senior Director - Sales,E2,Sales & Business Development,5.0,Risk Factor,Social Pleaser,risk_10,1.3
LTM1030,Chirag Contractor,Senior Director - Sales,E2,Sales & Business Development,5.0,Risk Factor,Solitary,risk_10,2.4
LTM1030,Chirag Contractor,Senior Director - Sales,E2,Sales & Business Development,5.0,Risk Factor,Suspicious,risk_10,1.9
LTM1030,Chirag Contractor,Senior Director - Sales,E2,Sales & Business Development,5.0,Risk Factor,Volatile,risk_10,1.0
LTM1031,Pranay Shanker,Vice President - Finance,E1,Finance & Accounting,4.6,Strategic Thinking,Strategic Vision,ordinal_4,3.0
LTM1031,Pranay Shanker,Vice President - Finance,E1,Finance & Accounting,4.6,Strategic Thinking,Business Acumen,ordinal_4,2.0
LTM1031,Pranay Shanker,Vice President - Finance,E1,Finance & Accounting,4.6,Strategic Thinking,Market and External Awareness,ordinal_4,3.0
LTM1031,Pranay Shanker,Vice President - Finance,E1,Finance & Accounting,4.6,Operational Excellence,Drive for Results,ordinal_4,3.0
LTM1031,Pranay Shanker,Vice President - Finance,E1,Finance & Accounting,4.6,Operational Excellence,Process Optimization,ordinal_4,3.0
LTM1031,Pranay Shanker,Vice President - Finance,E1,Finance & Accounting,4.6,Operational Excellence,Quality Focus,ordinal_4,3.0
LTM1031,Pranay Shanker,Vice President - Finance,E1,Finance & Accounting,4.6,Decision Effectiveness,Analytical Thinking,ordinal_4,3.0
LTM1031,Pranay Shanker,Vice President - Finance,E1,Finance & Accounting,4.6,Decision Effectiveness,Sound Judgment,ordinal_4,3.0
LTM1031,Pranay Shanker,Vice President - Finance,E1,Finance & Accounting,4.6,Decision Effectiveness,Decisiveness Under Uncertainty,ordinal_4,3.0
LTM1031,Pranay Shanker,Vice President - Finance,E1,Finance & Accounting,4.6,People Leadership,Develops Talent,ordinal_4,3.0
LTM1031,Pranay Shanker,Vice President - Finance,E1,Finance & Accounting,4.6,People Leadership,Builds Effective Teams,ordinal_4,3.0
LTM1031,Pranay Shanker,Vice President - Finance,E1,Finance & Accounting,4.6,People Leadership,Coaching Others,ordinal_4,2.0
LTM1031,Pranay Shanker,Vice President - Finance,E1,Finance & Accounting,4.6,Leading Change,Change Sponsorship,ordinal_4,2.0
LTM1031,Pranay Shanker,Vice President - Finance,E1,Finance & Accounting,4.6,Leading Change,Adaptability,ordinal_4,2.0
LTM1031,Pranay Shanker,Vice President - Finance,E1,Finance & Accounting,4.6,Leading Change,Resilience,ordinal_4,2.0
LTM1031,Pranay Shanker,Vice President - Finance,E1,Finance & Accounting,4.6,Stakeholder Engagement,Builds Trust,ordinal_4,2.0
LTM1031,Pranay Shanker,Vice President - Finance,E1,Finance & Accounting,4.6,Stakeholder Engagement,Customer Focus,ordinal_4,3.0
LTM1031,Pranay Shanker,Vice President - Finance,E1,Finance & Accounting,4.6,Stakeholder Engagement,Influences Others,ordinal_4,3.0
LTM1031,Pranay Shanker,Vice President - Finance,E1,Finance & Accounting,4.6,Positivity,Optimism,scale_100,68.0
LTM1031,Pranay Shanker,Vice President - Finance,E1,Finance & Accounting,4.6,Positivity,Situational Self-Awareness,scale_100,37.0
LTM1031,Pranay Shanker,Vice President - Finance,E1,Finance & Accounting,4.6,Positivity,Composure,scale_100,61.0
LTM1031,Pranay Shanker,Vice President - Finance,E1,Finance & Accounting,4.6,Striving,Credibility,scale_100,68.0
LTM1031,Pranay Shanker,Vice President - Finance,E1,Finance & Accounting,4.6,Striving,Confidence,scale_100,49.0
LTM1031,Pranay Shanker,Vice President - Finance,E1,Finance & Accounting,4.6,Striving,Need for Achievement,scale_100,54.0
LTM1031,Pranay Shanker,Vice President - Finance,E1,Finance & Accounting,4.6,Striving,Persistence,scale_100,33.0
LTM1031,Pranay Shanker,Vice President - Finance,E1,Finance & Accounting,4.6,Agreeableness,Affiliation,scale_100,56.0
LTM1031,Pranay Shanker,Vice President - Finance,E1,Finance & Accounting,4.6,Agreeableness,Humility,scale_100,43.0
LTM1031,Pranay Shanker,Vice President - Finance,E1,Finance & Accounting,4.6,Agreeableness,Trust,scale_100,55.0
LTM1031,Pranay Shanker,Vice President - Finance,E1,Finance & Accounting,4.6,Agreeableness,Openness to Differences,scale_100,38.0
LTM1031,Pranay Shanker,Vice President - Finance,E1,Finance & Accounting,4.6,Agility,Focus,scale_100,59.0
LTM1031,Pranay Shanker,Vice President - Finance,E1,Finance & Accounting,4.6,Agility,Curiosity,scale_100,64.0
LTM1031,Pranay Shanker,Vice President - Finance,E1,Finance & Accounting,4.6,Agility,Adaptability,scale_100,46.0
LTM1031,Pranay Shanker,Vice President - Finance,E1,Finance & Accounting,4.6,Agility,Risk Taking,scale_100,42.0
LTM1031,Pranay Shanker,Vice President - Finance,E1,Finance & Accounting,4.6,Agility,Tolerance of Ambiguity,scale_100,32.0
LTM1031,Pranay Shanker,Vice President - Finance,E1,Finance & Accounting,4.6,Presence,Empathy,scale_100,51.0
LTM1031,Pranay Shanker,Vice President - Finance,E1,Finance & Accounting,4.6,Presence,Assertiveness,scale_100,48.0
LTM1031,Pranay Shanker,Vice President - Finance,E1,Finance & Accounting,4.6,Presence,Sociability,scale_100,38.0
LTM1031,Pranay Shanker,Vice President - Finance,E1,Finance & Accounting,4.6,Presence,Influence,scale_100,58.0
LTM1031,Pranay Shanker,Vice President - Finance,E1,Finance & Accounting,4.6,Learning Agility,Mental Agility,scale_10,5.6
LTM1031,Pranay Shanker,Vice President - Finance,E1,Finance & Accounting,4.6,Learning Agility,People Agility,scale_10,5.1
LTM1031,Pranay Shanker,Vice President - Finance,E1,Finance & Accounting,4.6,Learning Agility,Change Agility,scale_10,5.6
LTM1031,Pranay Shanker,Vice President - Finance,E1,Finance & Accounting,4.6,Learning Agility,Results Agility,scale_10,6.9
LTM1031,Pranay Shanker,Vice President - Finance,E1,Finance & Accounting,4.6,Learning Agility,Situational Self-Awareness,scale_10,6.5
LTM1031,Pranay Shanker,Vice President - Finance,E1,Finance & Accounting,4.6,Drivers,Balance,drivers_60,32.0
LTM1031,Pranay Shanker,Vice President - Finance,E1,Finance & Accounting,4.6,Drivers,Collaboration,drivers_60,37.0
LTM1031,Pranay Shanker,Vice President - Finance,E1,Finance & Accounting,4.6,Drivers,Power,drivers_60,25.0
LTM1031,Pranay Shanker,Vice President - Finance,E1,Finance & Accounting,4.6,Drivers,Challenge,drivers_60,33.0
LTM1031,Pranay Shanker,Vice President - Finance,E1,Finance & Accounting,4.6,Drivers,Structure,drivers_60,34.0
LTM1031,Pranay Shanker,Vice President - Finance,E1,Finance & Accounting,4.6,Drivers,Independence,drivers_60,29.0
LTM1031,Pranay Shanker,Vice President - Finance,E1,Finance & Accounting,4.6,Risk Factor,Avoidant,risk_10,3.8
LTM1031,Pranay Shanker,Vice President - Finance,E1,Finance & Accounting,4.6,Risk Factor,Closed,risk_10,2.7
LTM1031,Pranay Shanker,Vice President - Finance,E1,Finance & Accounting,4.6,Risk Factor,Defensive,risk_10,3.9
LTM1031,Pranay Shanker,Vice President - Finance,E1,Finance & Accounting,4.6,Risk Factor,Egotistic,risk_10,3.9
LTM1031,Pranay Shanker,Vice President - Finance,E1,Finance & Accounting,4.6,Risk Factor,Micro Managing,risk_10,1.0
LTM1031,Pranay Shanker,Vice President - Finance,E1,Finance & Accounting,4.6,Risk Factor,Opportunistic,risk_10,4.5
LTM1031,Pranay Shanker,Vice President - Finance,E1,Finance & Accounting,4.6,Risk Factor,Restrained,risk_10,1.0
LTM1031,Pranay Shanker,Vice President - Finance,E1,Finance & Accounting,4.6,Risk Factor,Social Pleaser,risk_10,2.9
LTM1031,Pranay Shanker,Vice President - Finance,E1,Finance & Accounting,4.6,Risk Factor,Solitary,risk_10,4.3
LTM1031,Pranay Shanker,Vice President - Finance,E1,Finance & Accounting,4.6,Risk Factor,Suspicious,risk_10,3.1
LTM1031,Pranay Shanker,Vice President - Finance,E1,Finance & Accounting,4.6,Risk Factor,Volatile,risk_10,2.1
LTM1032,Vihaan Deo,Senior Director - Sales,E2,Sales & Business Development,4.9,Strategic Thinking,Strategic Vision,ordinal_4,3.0
LTM1032,Vihaan Deo,Senior Director - Sales,E2,Sales & Business Development,4.9,Strategic Thinking,Business Acumen,ordinal_4,4.0
LTM1032,Vihaan Deo,Senior Director - Sales,E2,Sales & Business Development,4.9,Strategic Thinking,Market and External Awareness,ordinal_4,3.0
LTM1032,Vihaan Deo,Senior Director - Sales,E2,Sales & Business Development,4.9,Operational Excellence,Drive for Results,ordinal_4,4.0
LTM1032,Vihaan Deo,Senior Director - Sales,E2,Sales & Business Development,4.9,Operational Excellence,Process Optimization,ordinal_4,3.0
LTM1032,Vihaan Deo,Senior Director - Sales,E2,Sales & Business Development,4.9,Operational Excellence,Quality Focus,ordinal_4,3.0
LTM1032,Vihaan Deo,Senior Director - Sales,E2,Sales & Business Development,4.9,Decision Effectiveness,Analytical Thinking,ordinal_4,3.0
LTM1032,Vihaan Deo,Senior Director - Sales,E2,Sales & Business Development,4.9,Decision Effectiveness,Sound Judgment,ordinal_4,3.0
LTM1032,Vihaan Deo,Senior Director - Sales,E2,Sales & Business Development,4.9,Decision Effectiveness,Decisiveness Under Uncertainty,ordinal_4,4.0
LTM1032,Vihaan Deo,Senior Director - Sales,E2,Sales & Business Development,4.9,People Leadership,Develops Talent,ordinal_4,4.0
LTM1032,Vihaan Deo,Senior Director - Sales,E2,Sales & Business Development,4.9,People Leadership,Builds Effective Teams,ordinal_4,3.0
LTM1032,Vihaan Deo,Senior Director - Sales,E2,Sales & Business Development,4.9,People Leadership,Coaching Others,ordinal_4,3.0
LTM1032,Vihaan Deo,Senior Director - Sales,E2,Sales & Business Development,4.9,Leading Change,Change Sponsorship,ordinal_4,3.0
LTM1032,Vihaan Deo,Senior Director - Sales,E2,Sales & Business Development,4.9,Leading Change,Adaptability,ordinal_4,4.0
LTM1032,Vihaan Deo,Senior Director - Sales,E2,Sales & Business Development,4.9,Leading Change,Resilience,ordinal_4,3.0
LTM1032,Vihaan Deo,Senior Director - Sales,E2,Sales & Business Development,4.9,Stakeholder Engagement,Builds Trust,ordinal_4,4.0
LTM1032,Vihaan Deo,Senior Director - Sales,E2,Sales & Business Development,4.9,Stakeholder Engagement,Customer Focus,ordinal_4,4.0
LTM1032,Vihaan Deo,Senior Director - Sales,E2,Sales & Business Development,4.9,Stakeholder Engagement,Influences Others,ordinal_4,4.0
LTM1032,Vihaan Deo,Senior Director - Sales,E2,Sales & Business Development,4.9,Positivity,Optimism,scale_100,56.0
LTM1032,Vihaan Deo,Senior Director - Sales,E2,Sales & Business Development,4.9,Positivity,Situational Self-Awareness,scale_100,55.0
LTM1032,Vihaan Deo,Senior Director - Sales,E2,Sales & Business Development,4.9,Positivity,Composure,scale_100,51.0
LTM1032,Vihaan Deo,Senior Director - Sales,E2,Sales & Business Development,4.9,Striving,Credibility,scale_100,70.0
LTM1032,Vihaan Deo,Senior Director - Sales,E2,Sales & Business Development,4.9,Striving,Confidence,scale_100,57.0
LTM1032,Vihaan Deo,Senior Director - Sales,E2,Sales & Business Development,4.9,Striving,Need for Achievement,scale_100,47.0
LTM1032,Vihaan Deo,Senior Director - Sales,E2,Sales & Business Development,4.9,Striving,Persistence,scale_100,65.0
LTM1032,Vihaan Deo,Senior Director - Sales,E2,Sales & Business Development,4.9,Agreeableness,Affiliation,scale_100,45.0
LTM1032,Vihaan Deo,Senior Director - Sales,E2,Sales & Business Development,4.9,Agreeableness,Humility,scale_100,56.0
LTM1032,Vihaan Deo,Senior Director - Sales,E2,Sales & Business Development,4.9,Agreeableness,Trust,scale_100,54.0
LTM1032,Vihaan Deo,Senior Director - Sales,E2,Sales & Business Development,4.9,Agreeableness,Openness to Differences,scale_100,55.0
LTM1032,Vihaan Deo,Senior Director - Sales,E2,Sales & Business Development,4.9,Agility,Focus,scale_100,83.0
LTM1032,Vihaan Deo,Senior Director - Sales,E2,Sales & Business Development,4.9,Agility,Curiosity,scale_100,64.0
LTM1032,Vihaan Deo,Senior Director - Sales,E2,Sales & Business Development,4.9,Agility,Adaptability,scale_100,66.0
LTM1032,Vihaan Deo,Senior Director - Sales,E2,Sales & Business Development,4.9,Agility,Risk Taking,scale_100,45.0
LTM1032,Vihaan Deo,Senior Director - Sales,E2,Sales & Business Development,4.9,Agility,Tolerance of Ambiguity,scale_100,57.0
LTM1032,Vihaan Deo,Senior Director - Sales,E2,Sales & Business Development,4.9,Presence,Empathy,scale_100,71.0
LTM1032,Vihaan Deo,Senior Director - Sales,E2,Sales & Business Development,4.9,Presence,Assertiveness,scale_100,59.0
LTM1032,Vihaan Deo,Senior Director - Sales,E2,Sales & Business Development,4.9,Presence,Sociability,scale_100,78.0
LTM1032,Vihaan Deo,Senior Director - Sales,E2,Sales & Business Development,4.9,Presence,Influence,scale_100,57.0
LTM1032,Vihaan Deo,Senior Director - Sales,E2,Sales & Business Development,4.9,Learning Agility,Mental Agility,scale_10,7.1
LTM1032,Vihaan Deo,Senior Director - Sales,E2,Sales & Business Development,4.9,Learning Agility,People Agility,scale_10,6.9
LTM1032,Vihaan Deo,Senior Director - Sales,E2,Sales & Business Development,4.9,Learning Agility,Change Agility,scale_10,7.5
LTM1032,Vihaan Deo,Senior Director - Sales,E2,Sales & Business Development,4.9,Learning Agility,Results Agility,scale_10,6.9
LTM1032,Vihaan Deo,Senior Director - Sales,E2,Sales & Business Development,4.9,Learning Agility,Situational Self-Awareness,scale_10,7.2
LTM1032,Vihaan Deo,Senior Director - Sales,E2,Sales & Business Development,4.9,Drivers,Balance,drivers_60,45.0
LTM1032,Vihaan Deo,Senior Director - Sales,E2,Sales & Business Development,4.9,Drivers,Collaboration,drivers_60,41.0
LTM1032,Vihaan Deo,Senior Director - Sales,E2,Sales & Business Development,4.9,Drivers,Power,drivers_60,50.0
LTM1032,Vihaan Deo,Senior Director - Sales,E2,Sales & Business Development,4.9,Drivers,Challenge,drivers_60,48.0
LTM1032,Vihaan Deo,Senior Director - Sales,E2,Sales & Business Development,4.9,Drivers,Structure,drivers_60,46.0
LTM1032,Vihaan Deo,Senior Director - Sales,E2,Sales & Business Development,4.9,Drivers,Independence,drivers_60,43.0
LTM1032,Vihaan Deo,Senior Director - Sales,E2,Sales & Business Development,4.9,Risk Factor,Avoidant,risk_10,2.7
LTM1032,Vihaan Deo,Senior Director - Sales,E2,Sales & Business Development,4.9,Risk Factor,Closed,risk_10,1.7
LTM1032,Vihaan Deo,Senior Director - Sales,E2,Sales & Business Development,4.9,Risk Factor,Defensive,risk_10,1.7
LTM1032,Vihaan Deo,Senior Director - Sales,E2,Sales & Business Development,4.9,Risk Factor,Egotistic,risk_10,2.0
LTM1032,Vihaan Deo,Senior Director - Sales,E2,Sales & Business Development,4.9,Risk Factor,Micro Managing,risk_10,3.5
LTM1032,Vihaan Deo,Senior Director - Sales,E2,Sales & Business Development,4.9,Risk Factor,Opportunistic,risk_10,1.0
LTM1032,Vihaan Deo,Senior Director - Sales,E2,Sales & Business Development,4.9,Risk Factor,Restrained,risk_10,2.6
LTM1032,Vihaan Deo,Senior Director - Sales,E2,Sales & Business Development,4.9,Risk Factor,Social Pleaser,risk_10,1.0
LTM1032,Vihaan Deo,Senior Director - Sales,E2,Sales & Business Development,4.9,Risk Factor,Solitary,risk_10,2.1
LTM1032,Vihaan Deo,Senior Director - Sales,E2,Sales & Business Development,4.9,Risk Factor,Suspicious,risk_10,3.4
LTM1032,Vihaan Deo,Senior Director - Sales,E2,Sales & Business Development,4.9,Risk Factor,Volatile,risk_10,2.4
LTM1005,Renee Ganesan,AVP - Human Resources,E1,Human Resources,4.2,Strategic Thinking,Strategic Vision,ordinal_4,2.0
LTM1005,Renee Ganesan,AVP - Human Resources,E1,Human Resources,4.2,Strategic Thinking,Business Acumen,ordinal_4,1.0
LTM1005,Renee Ganesan,AVP - Human Resources,E1,Human Resources,4.2,Strategic Thinking,Market and External Awareness,ordinal_4,2.0
LTM1005,Renee Ganesan,AVP - Human Resources,E1,Human Resources,4.2,Operational Excellence,Drive for Results,ordinal_4,1.0
LTM1005,Renee Ganesan,AVP - Human Resources,E1,Human Resources,4.2,Operational Excellence,Process Optimization,ordinal_4,1.0
LTM1005,Renee Ganesan,AVP - Human Resources,E1,Human Resources,4.2,Operational Excellence,Quality Focus,ordinal_4,1.0
LTM1005,Renee Ganesan,AVP - Human Resources,E1,Human Resources,4.2,Decision Effectiveness,Analytical Thinking,ordinal_4,2.0
LTM1005,Renee Ganesan,AVP - Human Resources,E1,Human Resources,4.2,Decision Effectiveness,Sound Judgment,ordinal_4,1.0
LTM1005,Renee Ganesan,AVP - Human Resources,E1,Human Resources,4.2,Decision Effectiveness,Decisiveness Under Uncertainty,ordinal_4,1.0
LTM1005,Renee Ganesan,AVP - Human Resources,E1,Human Resources,4.2,People Leadership,Develops Talent,ordinal_4,2.0
LTM1005,Renee Ganesan,AVP - Human Resources,E1,Human Resources,4.2,People Leadership,Builds Effective Teams,ordinal_4,2.0
LTM1005,Renee Ganesan,AVP - Human Resources,E1,Human Resources,4.2,People Leadership,Coaching Others,ordinal_4,2.0
LTM1005,Renee Ganesan,AVP - Human Resources,E1,Human Resources,4.2,Leading Change,Change Sponsorship,ordinal_4,2.0
LTM1005,Renee Ganesan,AVP - Human Resources,E1,Human Resources,4.2,Leading Change,Adaptability,ordinal_4,2.0
LTM1005,Renee Ganesan,AVP - Human Resources,E1,Human Resources,4.2,Leading Change,Resilience,ordinal_4,2.0
LTM1005,Renee Ganesan,AVP - Human Resources,E1,Human Resources,4.2,Stakeholder Engagement,Builds Trust,ordinal_4,2.0
LTM1005,Renee Ganesan,AVP - Human Resources,E1,Human Resources,4.2,Stakeholder Engagement,Customer Focus,ordinal_4,2.0
LTM1005,Renee Ganesan,AVP - Human Resources,E1,Human Resources,4.2,Stakeholder Engagement,Influences Others,ordinal_4,1.0
LTM1005,Renee Ganesan,AVP - Human Resources,E1,Human Resources,4.2,Positivity,Optimism,scale_100,43.0
LTM1005,Renee Ganesan,AVP - Human Resources,E1,Human Resources,4.2,Positivity,Situational Self-Awareness,scale_100,70.0
LTM1005,Renee Ganesan,AVP - Human Resources,E1,Human Resources,4.2,Positivity,Composure,scale_100,44.0
LTM1005,Renee Ganesan,AVP - Human Resources,E1,Human Resources,4.2,Striving,Credibility,scale_100,36.0
LTM1005,Renee Ganesan,AVP - Human Resources,E1,Human Resources,4.2,Striving,Confidence,scale_100,47.0
LTM1005,Renee Ganesan,AVP - Human Resources,E1,Human Resources,4.2,Striving,Need for Achievement,scale_100,45.0
LTM1005,Renee Ganesan,AVP - Human Resources,E1,Human Resources,4.2,Striving,Persistence,scale_100,28.0
LTM1005,Renee Ganesan,AVP - Human Resources,E1,Human Resources,4.2,Agreeableness,Affiliation,scale_100,60.0
LTM1005,Renee Ganesan,AVP - Human Resources,E1,Human Resources,4.2,Agreeableness,Humility,scale_100,47.0
LTM1005,Renee Ganesan,AVP - Human Resources,E1,Human Resources,4.2,Agreeableness,Trust,scale_100,37.0
LTM1005,Renee Ganesan,AVP - Human Resources,E1,Human Resources,4.2,Agreeableness,Openness to Differences,scale_100,60.0
LTM1005,Renee Ganesan,AVP - Human Resources,E1,Human Resources,4.2,Agility,Focus,scale_100,49.0
LTM1005,Renee Ganesan,AVP - Human Resources,E1,Human Resources,4.2,Agility,Curiosity,scale_100,30.0
LTM1005,Renee Ganesan,AVP - Human Resources,E1,Human Resources,4.2,Agility,Adaptability,scale_100,60.0
LTM1005,Renee Ganesan,AVP - Human Resources,E1,Human Resources,4.2,Agility,Risk Taking,scale_100,49.0
LTM1005,Renee Ganesan,AVP - Human Resources,E1,Human Resources,4.2,Agility,Tolerance of Ambiguity,scale_100,42.0
LTM1005,Renee Ganesan,AVP - Human Resources,E1,Human Resources,4.2,Presence,Empathy,scale_100,58.0
LTM1005,Renee Ganesan,AVP - Human Resources,E1,Human Resources,4.2,Presence,Assertiveness,scale_100,44.0
LTM1005,Renee Ganesan,AVP - Human Resources,E1,Human Resources,4.2,Presence,Sociability,scale_100,42.0
LTM1005,Renee Ganesan,AVP - Human Resources,E1,Human Resources,4.2,Presence,Influence,scale_100,36.0
LTM1005,Renee Ganesan,AVP - Human Resources,E1,Human Resources,4.2,Learning Agility,Mental Agility,scale_10,5.0
LTM1005,Renee Ganesan,AVP - Human Resources,E1,Human Resources,4.2,Learning Agility,People Agility,scale_10,4.9
LTM1005,Renee Ganesan,AVP - Human Resources,E1,Human Resources,4.2,Learning Agility,Change Agility,scale_10,4.5
LTM1005,Renee Ganesan,AVP - Human Resources,E1,Human Resources,4.2,Learning Agility,Results Agility,scale_10,3.9
LTM1005,Renee Ganesan,AVP - Human Resources,E1,Human Resources,4.2,Learning Agility,Situational Self-Awareness,scale_10,4.6
LTM1005,Renee Ganesan,AVP - Human Resources,E1,Human Resources,4.2,Drivers,Balance,drivers_60,22.0
LTM1005,Renee Ganesan,AVP - Human Resources,E1,Human Resources,4.2,Drivers,Collaboration,drivers_60,13.0
LTM1005,Renee Ganesan,AVP - Human Resources,E1,Human Resources,4.2,Drivers,Power,drivers_60,12.0
LTM1005,Renee Ganesan,AVP - Human Resources,E1,Human Resources,4.2,Drivers,Challenge,drivers_60,27.0
LTM1005,Renee Ganesan,AVP - Human Resources,E1,Human Resources,4.2,Drivers,Structure,drivers_60,4.0
LTM1005,Renee Ganesan,AVP - Human Resources,E1,Human Resources,4.2,Drivers,Independence,drivers_60,24.0
LTM1005,Renee Ganesan,AVP - Human Resources,E1,Human Resources,4.2,Risk Factor,Avoidant,risk_10,4.7
LTM1005,Renee Ganesan,AVP - Human Resources,E1,Human Resources,4.2,Risk Factor,Closed,risk_10,6.3
LTM1005,Renee Ganesan,AVP - Human Resources,E1,Human Resources,4.2,Risk Factor,Defensive,risk_10,4.7
LTM1005,Renee Ganesan,AVP - Human Resources,E1,Human Resources,4.2,Risk Factor,Egotistic,risk_10,5.8
LTM1005,Renee Ganesan,AVP - Human Resources,E1,Human Resources,4.2,Risk Factor,Micro Managing,risk_10,4.8
LTM1005,Renee Ganesan,AVP - Human Resources,E1,Human Resources,4.2,Risk Factor,Opportunistic,risk_10,5.3
LTM1005,Renee Ganesan,AVP - Human Resources,E1,Human Resources,4.2,Risk Factor,Restrained,risk_10,5.8
LTM1005,Renee Ganesan,AVP - Human Resources,E1,Human Resources,4.2,Risk Factor,Social Pleaser,risk_10,4.8
LTM1005,Renee Ganesan,AVP - Human Resources,E1,Human Resources,4.2,Risk Factor,Solitary,risk_10,6.1
LTM1005,Renee Ganesan,AVP - Human Resources,E1,Human Resources,4.2,Risk Factor,Suspicious,risk_10,4.3
LTM1005,Renee Ganesan,AVP - Human Resources,E1,Human Resources,4.2,Risk Factor,Volatile,risk_10,5.4
LTM1034,Dishani Saha,Vice President - Customer Success,E1,General Management,5.0,Strategic Thinking,Strategic Vision,ordinal_4,4.0
LTM1034,Dishani Saha,Vice President - Customer Success,E1,General Management,5.0,Strategic Thinking,Business Acumen,ordinal_4,4.0
LTM1034,Dishani Saha,Vice President - Customer Success,E1,General Management,5.0,Strategic Thinking,Market and External Awareness,ordinal_4,4.0
LTM1034,Dishani Saha,Vice President - Customer Success,E1,General Management,5.0,Operational Excellence,Drive for Results,ordinal_4,3.0
LTM1034,Dishani Saha,Vice President - Customer Success,E1,General Management,5.0,Operational Excellence,Process Optimization,ordinal_4,3.0
LTM1034,Dishani Saha,Vice President - Customer Success,E1,General Management,5.0,Operational Excellence,Quality Focus,ordinal_4,3.0
LTM1034,Dishani Saha,Vice President - Customer Success,E1,General Management,5.0,Decision Effectiveness,Analytical Thinking,ordinal_4,4.0
LTM1034,Dishani Saha,Vice President - Customer Success,E1,General Management,5.0,Decision Effectiveness,Sound Judgment,ordinal_4,4.0
LTM1034,Dishani Saha,Vice President - Customer Success,E1,General Management,5.0,Decision Effectiveness,Decisiveness Under Uncertainty,ordinal_4,4.0
LTM1034,Dishani Saha,Vice President - Customer Success,E1,General Management,5.0,People Leadership,Develops Talent,ordinal_4,4.0
LTM1034,Dishani Saha,Vice President - Customer Success,E1,General Management,5.0,People Leadership,Builds Effective Teams,ordinal_4,4.0
LTM1034,Dishani Saha,Vice President - Customer Success,E1,General Management,5.0,People Leadership,Coaching Others,ordinal_4,4.0
LTM1034,Dishani Saha,Vice President - Customer Success,E1,General Management,5.0,Leading Change,Change Sponsorship,ordinal_4,4.0
LTM1034,Dishani Saha,Vice President - Customer Success,E1,General Management,5.0,Leading Change,Adaptability,ordinal_4,4.0
LTM1034,Dishani Saha,Vice President - Customer Success,E1,General Management,5.0,Leading Change,Resilience,ordinal_4,4.0
LTM1034,Dishani Saha,Vice President - Customer Success,E1,General Management,5.0,Stakeholder Engagement,Builds Trust,ordinal_4,4.0
LTM1034,Dishani Saha,Vice President - Customer Success,E1,General Management,5.0,Stakeholder Engagement,Customer Focus,ordinal_4,3.0
LTM1034,Dishani Saha,Vice President - Customer Success,E1,General Management,5.0,Stakeholder Engagement,Influences Others,ordinal_4,3.0
LTM1034,Dishani Saha,Vice President - Customer Success,E1,General Management,5.0,Positivity,Optimism,scale_100,58.0
LTM1034,Dishani Saha,Vice President - Customer Success,E1,General Management,5.0,Positivity,Situational Self-Awareness,scale_100,53.0
LTM1034,Dishani Saha,Vice President - Customer Success,E1,General Management,5.0,Positivity,Composure,scale_100,50.0
LTM1034,Dishani Saha,Vice President - Customer Success,E1,General Management,5.0,Striving,Credibility,scale_100,82.0
LTM1034,Dishani Saha,Vice President - Customer Success,E1,General Management,5.0,Striving,Confidence,scale_100,67.0
LTM1034,Dishani Saha,Vice President - Customer Success,E1,General Management,5.0,Striving,Need for Achievement,scale_100,68.0
LTM1034,Dishani Saha,Vice President - Customer Success,E1,General Management,5.0,Striving,Persistence,scale_100,61.0
LTM1034,Dishani Saha,Vice President - Customer Success,E1,General Management,5.0,Agreeableness,Affiliation,scale_100,63.0
LTM1034,Dishani Saha,Vice President - Customer Success,E1,General Management,5.0,Agreeableness,Humility,scale_100,74.0
LTM1034,Dishani Saha,Vice President - Customer Success,E1,General Management,5.0,Agreeableness,Trust,scale_100,64.0
LTM1034,Dishani Saha,Vice President - Customer Success,E1,General Management,5.0,Agreeableness,Openness to Differences,scale_100,70.0
LTM1034,Dishani Saha,Vice President - Customer Success,E1,General Management,5.0,Agility,Focus,scale_100,62.0
LTM1034,Dishani Saha,Vice President - Customer Success,E1,General Management,5.0,Agility,Curiosity,scale_100,61.0
LTM1034,Dishani Saha,Vice President - Customer Success,E1,General Management,5.0,Agility,Adaptability,scale_100,50.0
LTM1034,Dishani Saha,Vice President - Customer Success,E1,General Management,5.0,Agility,Risk Taking,scale_100,45.0
LTM1034,Dishani Saha,Vice President - Customer Success,E1,General Management,5.0,Agility,Tolerance of Ambiguity,scale_100,62.0
LTM1034,Dishani Saha,Vice President - Customer Success,E1,General Management,5.0,Presence,Empathy,scale_100,65.0
LTM1034,Dishani Saha,Vice President - Customer Success,E1,General Management,5.0,Presence,Assertiveness,scale_100,51.0
LTM1034,Dishani Saha,Vice President - Customer Success,E1,General Management,5.0,Presence,Sociability,scale_100,64.0
LTM1034,Dishani Saha,Vice President - Customer Success,E1,General Management,5.0,Presence,Influence,scale_100,65.0
LTM1034,Dishani Saha,Vice President - Customer Success,E1,General Management,5.0,Learning Agility,Mental Agility,scale_10,5.8
LTM1034,Dishani Saha,Vice President - Customer Success,E1,General Management,5.0,Learning Agility,People Agility,scale_10,6.8
LTM1034,Dishani Saha,Vice President - Customer Success,E1,General Management,5.0,Learning Agility,Change Agility,scale_10,7.8
LTM1034,Dishani Saha,Vice President - Customer Success,E1,General Management,5.0,Learning Agility,Results Agility,scale_10,7.8
LTM1034,Dishani Saha,Vice President - Customer Success,E1,General Management,5.0,Learning Agility,Situational Self-Awareness,scale_10,6.6
LTM1034,Dishani Saha,Vice President - Customer Success,E1,General Management,5.0,Drivers,Balance,drivers_60,44.0
LTM1034,Dishani Saha,Vice President - Customer Success,E1,General Management,5.0,Drivers,Collaboration,drivers_60,50.0
LTM1034,Dishani Saha,Vice President - Customer Success,E1,General Management,5.0,Drivers,Power,drivers_60,48.0
LTM1034,Dishani Saha,Vice President - Customer Success,E1,General Management,5.0,Drivers,Challenge,drivers_60,42.0
LTM1034,Dishani Saha,Vice President - Customer Success,E1,General Management,5.0,Drivers,Structure,drivers_60,39.0
LTM1034,Dishani Saha,Vice President - Customer Success,E1,General Management,5.0,Drivers,Independence,drivers_60,38.0
LTM1034,Dishani Saha,Vice President - Customer Success,E1,General Management,5.0,Risk Factor,Avoidant,risk_10,2.1
LTM1034,Dishani Saha,Vice President - Customer Success,E1,General Management,5.0,Risk Factor,Closed,risk_10,1.8
LTM1034,Dishani Saha,Vice President - Customer Success,E1,General Management,5.0,Risk Factor,Defensive,risk_10,2.2
LTM1034,Dishani Saha,Vice President - Customer Success,E1,General Management,5.0,Risk Factor,Egotistic,risk_10,1.8
LTM1034,Dishani Saha,Vice President - Customer Success,E1,General Management,5.0,Risk Factor,Micro Managing,risk_10,2.4
LTM1034,Dishani Saha,Vice President - Customer Success,E1,General Management,5.0,Risk Factor,Opportunistic,risk_10,1.8
LTM1034,Dishani Saha,Vice President - Customer Success,E1,General Management,5.0,Risk Factor,Restrained,risk_10,2.4
LTM1034,Dishani Saha,Vice President - Customer Success,E1,General Management,5.0,Risk Factor,Social Pleaser,risk_10,2.5
LTM1034,Dishani Saha,Vice President - Customer Success,E1,General Management,5.0,Risk Factor,Solitary,risk_10,1.0
LTM1034,Dishani Saha,Vice President - Customer Success,E1,General Management,5.0,Risk Factor,Suspicious,risk_10,1.0
LTM1034,Dishani Saha,Vice President - Customer Success,E1,General Management,5.0,Risk Factor,Volatile,risk_10,3.1
LTM1083,Farhan Devan,Director - Cloud Infrastructure,E2,Technology & Engineering,4.4,Strategic Thinking,Strategic Vision,ordinal_4,2.0
LTM1083,Farhan Devan,Director - Cloud Infrastructure,E2,Technology & Engineering,4.4,Strategic Thinking,Business Acumen,ordinal_4,2.0
LTM1083,Farhan Devan,Director - Cloud Infrastructure,E2,Technology & Engineering,4.4,Strategic Thinking,Market and External Awareness,ordinal_4,2.0
LTM1083,Farhan Devan,Director - Cloud Infrastructure,E2,Technology & Engineering,4.4,Operational Excellence,Drive for Results,ordinal_4,3.0
LTM1083,Farhan Devan,Director - Cloud Infrastructure,E2,Technology & Engineering,4.4,Operational Excellence,Process Optimization,ordinal_4,3.0
LTM1083,Farhan Devan,Director - Cloud Infrastructure,E2,Technology & Engineering,4.4,Operational Excellence,Quality Focus,ordinal_4,3.0
LTM1083,Farhan Devan,Director - Cloud Infrastructure,E2,Technology & Engineering,4.4,Decision Effectiveness,Analytical Thinking,ordinal_4,3.0
LTM1083,Farhan Devan,Director - Cloud Infrastructure,E2,Technology & Engineering,4.4,Decision Effectiveness,Sound Judgment,ordinal_4,2.0
LTM1083,Farhan Devan,Director - Cloud Infrastructure,E2,Technology & Engineering,4.4,Decision Effectiveness,Decisiveness Under Uncertainty,ordinal_4,2.0
LTM1083,Farhan Devan,Director - Cloud Infrastructure,E2,Technology & Engineering,4.4,People Leadership,Develops Talent,ordinal_4,2.0
LTM1083,Farhan Devan,Director - Cloud Infrastructure,E2,Technology & Engineering,4.4,People Leadership,Builds Effective Teams,ordinal_4,2.0
LTM1083,Farhan Devan,Director - Cloud Infrastructure,E2,Technology & Engineering,4.4,People Leadership,Coaching Others,ordinal_4,2.0
LTM1083,Farhan Devan,Director - Cloud Infrastructure,E2,Technology & Engineering,4.4,Leading Change,Change Sponsorship,ordinal_4,2.0
LTM1083,Farhan Devan,Director - Cloud Infrastructure,E2,Technology & Engineering,4.4,Leading Change,Adaptability,ordinal_4,2.0
LTM1083,Farhan Devan,Director - Cloud Infrastructure,E2,Technology & Engineering,4.4,Leading Change,Resilience,ordinal_4,2.0
LTM1083,Farhan Devan,Director - Cloud Infrastructure,E2,Technology & Engineering,4.4,Stakeholder Engagement,Builds Trust,ordinal_4,2.0
LTM1083,Farhan Devan,Director - Cloud Infrastructure,E2,Technology & Engineering,4.4,Stakeholder Engagement,Customer Focus,ordinal_4,2.0
LTM1083,Farhan Devan,Director - Cloud Infrastructure,E2,Technology & Engineering,4.4,Stakeholder Engagement,Influences Others,ordinal_4,2.0
LTM1083,Farhan Devan,Director - Cloud Infrastructure,E2,Technology & Engineering,4.4,Positivity,Optimism,scale_100,52.0
LTM1083,Farhan Devan,Director - Cloud Infrastructure,E2,Technology & Engineering,4.4,Positivity,Situational Self-Awareness,scale_100,57.0
LTM1083,Farhan Devan,Director - Cloud Infrastructure,E2,Technology & Engineering,4.4,Positivity,Composure,scale_100,55.0
LTM1083,Farhan Devan,Director - Cloud Infrastructure,E2,Technology & Engineering,4.4,Striving,Credibility,scale_100,50.0
LTM1083,Farhan Devan,Director - Cloud Infrastructure,E2,Technology & Engineering,4.4,Striving,Confidence,scale_100,41.0
LTM1083,Farhan Devan,Director - Cloud Infrastructure,E2,Technology & Engineering,4.4,Striving,Need for Achievement,scale_100,50.0
LTM1083,Farhan Devan,Director - Cloud Infrastructure,E2,Technology & Engineering,4.4,Striving,Persistence,scale_100,49.0
LTM1083,Farhan Devan,Director - Cloud Infrastructure,E2,Technology & Engineering,4.4,Agreeableness,Affiliation,scale_100,51.0
LTM1083,Farhan Devan,Director - Cloud Infrastructure,E2,Technology & Engineering,4.4,Agreeableness,Humility,scale_100,72.0
LTM1083,Farhan Devan,Director - Cloud Infrastructure,E2,Technology & Engineering,4.4,Agreeableness,Trust,scale_100,44.0
LTM1083,Farhan Devan,Director - Cloud Infrastructure,E2,Technology & Engineering,4.4,Agreeableness,Openness to Differences,scale_100,54.0
LTM1083,Farhan Devan,Director - Cloud Infrastructure,E2,Technology & Engineering,4.4,Agility,Focus,scale_100,66.0
LTM1083,Farhan Devan,Director - Cloud Infrastructure,E2,Technology & Engineering,4.4,Agility,Curiosity,scale_100,56.0
LTM1083,Farhan Devan,Director - Cloud Infrastructure,E2,Technology & Engineering,4.4,Agility,Adaptability,scale_100,79.0
LTM1083,Farhan Devan,Director - Cloud Infrastructure,E2,Technology & Engineering,4.4,Agility,Risk Taking,scale_100,52.0
LTM1083,Farhan Devan,Director - Cloud Infrastructure,E2,Technology & Engineering,4.4,Agility,Tolerance of Ambiguity,scale_100,59.0
LTM1083,Farhan Devan,Director - Cloud Infrastructure,E2,Technology & Engineering,4.4,Presence,Empathy,scale_100,42.0
LTM1083,Farhan Devan,Director - Cloud Infrastructure,E2,Technology & Engineering,4.4,Presence,Assertiveness,scale_100,46.0
LTM1083,Farhan Devan,Director - Cloud Infrastructure,E2,Technology & Engineering,4.4,Presence,Sociability,scale_100,52.0
LTM1083,Farhan Devan,Director - Cloud Infrastructure,E2,Technology & Engineering,4.4,Presence,Influence,scale_100,58.0
LTM1083,Farhan Devan,Director - Cloud Infrastructure,E2,Technology & Engineering,4.4,Learning Agility,Mental Agility,scale_10,6.4
LTM1083,Farhan Devan,Director - Cloud Infrastructure,E2,Technology & Engineering,4.4,Learning Agility,People Agility,scale_10,7.1
LTM1083,Farhan Devan,Director - Cloud Infrastructure,E2,Technology & Engineering,4.4,Learning Agility,Change Agility,scale_10,6.0
LTM1083,Farhan Devan,Director - Cloud Infrastructure,E2,Technology & Engineering,4.4,Learning Agility,Results Agility,scale_10,5.8
LTM1083,Farhan Devan,Director - Cloud Infrastructure,E2,Technology & Engineering,4.4,Learning Agility,Situational Self-Awareness,scale_10,8.3
LTM1083,Farhan Devan,Director - Cloud Infrastructure,E2,Technology & Engineering,4.4,Drivers,Balance,drivers_60,32.0
LTM1083,Farhan Devan,Director - Cloud Infrastructure,E2,Technology & Engineering,4.4,Drivers,Collaboration,drivers_60,24.0
LTM1083,Farhan Devan,Director - Cloud Infrastructure,E2,Technology & Engineering,4.4,Drivers,Power,drivers_60,24.0
LTM1083,Farhan Devan,Director - Cloud Infrastructure,E2,Technology & Engineering,4.4,Drivers,Challenge,drivers_60,22.0
LTM1083,Farhan Devan,Director - Cloud Infrastructure,E2,Technology & Engineering,4.4,Drivers,Structure,drivers_60,36.0
LTM1083,Farhan Devan,Director - Cloud Infrastructure,E2,Technology & Engineering,4.4,Drivers,Independence,drivers_60,26.0
LTM1083,Farhan Devan,Director - Cloud Infrastructure,E2,Technology & Engineering,4.4,Risk Factor,Avoidant,risk_10,4.2
LTM1083,Farhan Devan,Director - Cloud Infrastructure,E2,Technology & Engineering,4.4,Risk Factor,Closed,risk_10,4.1
LTM1083,Farhan Devan,Director - Cloud Infrastructure,E2,Technology & Engineering,4.4,Risk Factor,Defensive,risk_10,4.8
LTM1083,Farhan Devan,Director - Cloud Infrastructure,E2,Technology & Engineering,4.4,Risk Factor,Egotistic,risk_10,3.4
LTM1083,Farhan Devan,Director - Cloud Infrastructure,E2,Technology & Engineering,4.4,Risk Factor,Micro Managing,risk_10,3.2
LTM1083,Farhan Devan,Director - Cloud Infrastructure,E2,Technology & Engineering,4.4,Risk Factor,Opportunistic,risk_10,4.3
LTM1083,Farhan Devan,Director - Cloud Infrastructure,E2,Technology & Engineering,4.4,Risk Factor,Restrained,risk_10,4.7
LTM1083,Farhan Devan,Director - Cloud Infrastructure,E2,Technology & Engineering,4.4,Risk Factor,Social Pleaser,risk_10,4.4
LTM1083,Farhan Devan,Director - Cloud Infrastructure,E2,Technology & Engineering,4.4,Risk Factor,Solitary,risk_10,3.4
LTM1083,Farhan Devan,Director - Cloud Infrastructure,E2,Technology & Engineering,4.4,Risk Factor,Suspicious,risk_10,4.7
LTM1083,Farhan Devan,Director - Cloud Infrastructure,E2,Technology & Engineering,4.4,Risk Factor,Volatile,risk_10,3.5
LTM1035,Riaan Randhawa,Vice President - Operations,E1,Operations,4.5,Strategic Thinking,Strategic Vision,ordinal_4,2.0
LTM1035,Riaan Randhawa,Vice President - Operations,E1,Operations,4.5,Strategic Thinking,Business Acumen,ordinal_4,2.0
LTM1035,Riaan Randhawa,Vice President - Operations,E1,Operations,4.5,Strategic Thinking,Market and External Awareness,ordinal_4,3.0
LTM1035,Riaan Randhawa,Vice President - Operations,E1,Operations,4.5,Operational Excellence,Drive for Results,ordinal_4,3.0
LTM1035,Riaan Randhawa,Vice President - Operations,E1,Operations,4.5,Operational Excellence,Process Optimization,ordinal_4,3.0
LTM1035,Riaan Randhawa,Vice President - Operations,E1,Operations,4.5,Operational Excellence,Quality Focus,ordinal_4,3.0
LTM1035,Riaan Randhawa,Vice President - Operations,E1,Operations,4.5,Decision Effectiveness,Analytical Thinking,ordinal_4,4.0
LTM1035,Riaan Randhawa,Vice President - Operations,E1,Operations,4.5,Decision Effectiveness,Sound Judgment,ordinal_4,2.0
LTM1035,Riaan Randhawa,Vice President - Operations,E1,Operations,4.5,Decision Effectiveness,Decisiveness Under Uncertainty,ordinal_4,3.0
LTM1035,Riaan Randhawa,Vice President - Operations,E1,Operations,4.5,People Leadership,Develops Talent,ordinal_4,2.0
LTM1035,Riaan Randhawa,Vice President - Operations,E1,Operations,4.5,People Leadership,Builds Effective Teams,ordinal_4,2.0
LTM1035,Riaan Randhawa,Vice President - Operations,E1,Operations,4.5,People Leadership,Coaching Others,ordinal_4,2.0
LTM1035,Riaan Randhawa,Vice President - Operations,E1,Operations,4.5,Leading Change,Change Sponsorship,ordinal_4,2.0
LTM1035,Riaan Randhawa,Vice President - Operations,E1,Operations,4.5,Leading Change,Adaptability,ordinal_4,2.0
LTM1035,Riaan Randhawa,Vice President - Operations,E1,Operations,4.5,Leading Change,Resilience,ordinal_4,2.0
LTM1035,Riaan Randhawa,Vice President - Operations,E1,Operations,4.5,Stakeholder Engagement,Builds Trust,ordinal_4,2.0
LTM1035,Riaan Randhawa,Vice President - Operations,E1,Operations,4.5,Stakeholder Engagement,Customer Focus,ordinal_4,2.0
LTM1035,Riaan Randhawa,Vice President - Operations,E1,Operations,4.5,Stakeholder Engagement,Influences Others,ordinal_4,2.0
LTM1035,Riaan Randhawa,Vice President - Operations,E1,Operations,4.5,Positivity,Optimism,scale_100,57.0
LTM1035,Riaan Randhawa,Vice President - Operations,E1,Operations,4.5,Positivity,Situational Self-Awareness,scale_100,47.0
LTM1035,Riaan Randhawa,Vice President - Operations,E1,Operations,4.5,Positivity,Composure,scale_100,72.0
LTM1035,Riaan Randhawa,Vice President - Operations,E1,Operations,4.5,Striving,Credibility,scale_100,53.0
LTM1035,Riaan Randhawa,Vice President - Operations,E1,Operations,4.5,Striving,Confidence,scale_100,32.0
LTM1035,Riaan Randhawa,Vice President - Operations,E1,Operations,4.5,Striving,Need for Achievement,scale_100,41.0
LTM1035,Riaan Randhawa,Vice President - Operations,E1,Operations,4.5,Striving,Persistence,scale_100,33.0
LTM1035,Riaan Randhawa,Vice President - Operations,E1,Operations,4.5,Agreeableness,Affiliation,scale_100,51.0
LTM1035,Riaan Randhawa,Vice President - Operations,E1,Operations,4.5,Agreeableness,Humility,scale_100,49.0
LTM1035,Riaan Randhawa,Vice President - Operations,E1,Operations,4.5,Agreeableness,Trust,scale_100,46.0
LTM1035,Riaan Randhawa,Vice President - Operations,E1,Operations,4.5,Agreeableness,Openness to Differences,scale_100,71.0
LTM1035,Riaan Randhawa,Vice President - Operations,E1,Operations,4.5,Agility,Focus,scale_100,56.0
LTM1035,Riaan Randhawa,Vice President - Operations,E1,Operations,4.5,Agility,Curiosity,scale_100,58.0
LTM1035,Riaan Randhawa,Vice President - Operations,E1,Operations,4.5,Agility,Adaptability,scale_100,41.0
LTM1035,Riaan Randhawa,Vice President - Operations,E1,Operations,4.5,Agility,Risk Taking,scale_100,41.0
LTM1035,Riaan Randhawa,Vice President - Operations,E1,Operations,4.5,Agility,Tolerance of Ambiguity,scale_100,51.0
LTM1035,Riaan Randhawa,Vice President - Operations,E1,Operations,4.5,Presence,Empathy,scale_100,52.0
LTM1035,Riaan Randhawa,Vice President - Operations,E1,Operations,4.5,Presence,Assertiveness,scale_100,32.0
LTM1035,Riaan Randhawa,Vice President - Operations,E1,Operations,4.5,Presence,Sociability,scale_100,49.0
LTM1035,Riaan Randhawa,Vice President - Operations,E1,Operations,4.5,Presence,Influence,scale_100,51.0
LTM1035,Riaan Randhawa,Vice President - Operations,E1,Operations,4.5,Learning Agility,Mental Agility,scale_10,5.5
LTM1035,Riaan Randhawa,Vice President - Operations,E1,Operations,4.5,Learning Agility,People Agility,scale_10,5.0
LTM1035,Riaan Randhawa,Vice President - Operations,E1,Operations,4.5,Learning Agility,Change Agility,scale_10,5.2
LTM1035,Riaan Randhawa,Vice President - Operations,E1,Operations,4.5,Learning Agility,Results Agility,scale_10,5.5
LTM1035,Riaan Randhawa,Vice President - Operations,E1,Operations,4.5,Learning Agility,Situational Self-Awareness,scale_10,5.7
LTM1035,Riaan Randhawa,Vice President - Operations,E1,Operations,4.5,Drivers,Balance,drivers_60,39.0
LTM1035,Riaan Randhawa,Vice President - Operations,E1,Operations,4.5,Drivers,Collaboration,drivers_60,43.0
LTM1035,Riaan Randhawa,Vice President - Operations,E1,Operations,4.5,Drivers,Power,drivers_60,33.0
LTM1035,Riaan Randhawa,Vice President - Operations,E1,Operations,4.5,Drivers,Challenge,drivers_60,32.0
LTM1035,Riaan Randhawa,Vice President - Operations,E1,Operations,4.5,Drivers,Structure,drivers_60,38.0
LTM1035,Riaan Randhawa,Vice President - Operations,E1,Operations,4.5,Drivers,Independence,drivers_60,39.0
LTM1035,Riaan Randhawa,Vice President - Operations,E1,Operations,4.5,Risk Factor,Avoidant,risk_10,3.5
LTM1035,Riaan Randhawa,Vice President - Operations,E1,Operations,4.5,Risk Factor,Closed,risk_10,4.6
LTM1035,Riaan Randhawa,Vice President - Operations,E1,Operations,4.5,Risk Factor,Defensive,risk_10,4.7
LTM1035,Riaan Randhawa,Vice President - Operations,E1,Operations,4.5,Risk Factor,Egotistic,risk_10,5.0
LTM1035,Riaan Randhawa,Vice President - Operations,E1,Operations,4.5,Risk Factor,Micro Managing,risk_10,5.5
LTM1035,Riaan Randhawa,Vice President - Operations,E1,Operations,4.5,Risk Factor,Opportunistic,risk_10,3.1
LTM1035,Riaan Randhawa,Vice President - Operations,E1,Operations,4.5,Risk Factor,Restrained,risk_10,3.9
LTM1035,Riaan Randhawa,Vice President - Operations,E1,Operations,4.5,Risk Factor,Social Pleaser,risk_10,3.9
LTM1035,Riaan Randhawa,Vice President - Operations,E1,Operations,4.5,Risk Factor,Solitary,risk_10,3.8
LTM1035,Riaan Randhawa,Vice President - Operations,E1,Operations,4.5,Risk Factor,Suspicious,risk_10,3.3
LTM1035,Riaan Randhawa,Vice President - Operations,E1,Operations,4.5,Risk Factor,Volatile,risk_10,2.5
LTM1016,Heer Chadha,Vice President - Engineering,E1,Technology & Engineering,4.5,Strategic Thinking,Strategic Vision,ordinal_4,2.0
LTM1016,Heer Chadha,Vice President - Engineering,E1,Technology & Engineering,4.5,Strategic Thinking,Business Acumen,ordinal_4,2.0
LTM1016,Heer Chadha,Vice President - Engineering,E1,Technology & Engineering,4.5,Strategic Thinking,Market and External Awareness,ordinal_4,2.0
LTM1016,Heer Chadha,Vice President - Engineering,E1,Technology & Engineering,4.5,Operational Excellence,Drive for Results,ordinal_4,3.0
LTM1016,Heer Chadha,Vice President - Engineering,E1,Technology & Engineering,4.5,Operational Excellence,Process Optimization,ordinal_4,2.0
LTM1016,Heer Chadha,Vice President - Engineering,E1,Technology & Engineering,4.5,Operational Excellence,Quality Focus,ordinal_4,3.0
LTM1016,Heer Chadha,Vice President - Engineering,E1,Technology & Engineering,4.5,Decision Effectiveness,Analytical Thinking,ordinal_4,2.0
LTM1016,Heer Chadha,Vice President - Engineering,E1,Technology & Engineering,4.5,Decision Effectiveness,Sound Judgment,ordinal_4,2.0
LTM1016,Heer Chadha,Vice President - Engineering,E1,Technology & Engineering,4.5,Decision Effectiveness,Decisiveness Under Uncertainty,ordinal_4,3.0
LTM1016,Heer Chadha,Vice President - Engineering,E1,Technology & Engineering,4.5,People Leadership,Develops Talent,ordinal_4,2.0
LTM1016,Heer Chadha,Vice President - Engineering,E1,Technology & Engineering,4.5,People Leadership,Builds Effective Teams,ordinal_4,2.0
LTM1016,Heer Chadha,Vice President - Engineering,E1,Technology & Engineering,4.5,People Leadership,Coaching Others,ordinal_4,2.0
LTM1016,Heer Chadha,Vice President - Engineering,E1,Technology & Engineering,4.5,Leading Change,Change Sponsorship,ordinal_4,2.0
LTM1016,Heer Chadha,Vice President - Engineering,E1,Technology & Engineering,4.5,Leading Change,Adaptability,ordinal_4,3.0
LTM1016,Heer Chadha,Vice President - Engineering,E1,Technology & Engineering,4.5,Leading Change,Resilience,ordinal_4,2.0
LTM1016,Heer Chadha,Vice President - Engineering,E1,Technology & Engineering,4.5,Stakeholder Engagement,Builds Trust,ordinal_4,2.0
LTM1016,Heer Chadha,Vice President - Engineering,E1,Technology & Engineering,4.5,Stakeholder Engagement,Customer Focus,ordinal_4,2.0
LTM1016,Heer Chadha,Vice President - Engineering,E1,Technology & Engineering,4.5,Stakeholder Engagement,Influences Others,ordinal_4,2.0
LTM1016,Heer Chadha,Vice President - Engineering,E1,Technology & Engineering,4.5,Positivity,Optimism,scale_100,42.0
LTM1016,Heer Chadha,Vice President - Engineering,E1,Technology & Engineering,4.5,Positivity,Situational Self-Awareness,scale_100,48.0
LTM1016,Heer Chadha,Vice President - Engineering,E1,Technology & Engineering,4.5,Positivity,Composure,scale_100,63.0
LTM1016,Heer Chadha,Vice President - Engineering,E1,Technology & Engineering,4.5,Striving,Credibility,scale_100,43.0
LTM1016,Heer Chadha,Vice President - Engineering,E1,Technology & Engineering,4.5,Striving,Confidence,scale_100,37.0
LTM1016,Heer Chadha,Vice President - Engineering,E1,Technology & Engineering,4.5,Striving,Need for Achievement,scale_100,60.0
LTM1016,Heer Chadha,Vice President - Engineering,E1,Technology & Engineering,4.5,Striving,Persistence,scale_100,56.0
LTM1016,Heer Chadha,Vice President - Engineering,E1,Technology & Engineering,4.5,Agreeableness,Affiliation,scale_100,44.0
LTM1016,Heer Chadha,Vice President - Engineering,E1,Technology & Engineering,4.5,Agreeableness,Humility,scale_100,35.0
LTM1016,Heer Chadha,Vice President - Engineering,E1,Technology & Engineering,4.5,Agreeableness,Trust,scale_100,43.0
LTM1016,Heer Chadha,Vice President - Engineering,E1,Technology & Engineering,4.5,Agreeableness,Openness to Differences,scale_100,50.0
LTM1016,Heer Chadha,Vice President - Engineering,E1,Technology & Engineering,4.5,Agility,Focus,scale_100,68.0
LTM1016,Heer Chadha,Vice President - Engineering,E1,Technology & Engineering,4.5,Agility,Curiosity,scale_100,46.0
LTM1016,Heer Chadha,Vice President - Engineering,E1,Technology & Engineering,4.5,Agility,Adaptability,scale_100,56.0
LTM1016,Heer Chadha,Vice President - Engineering,E1,Technology & Engineering,4.5,Agility,Risk Taking,scale_100,63.0
LTM1016,Heer Chadha,Vice President - Engineering,E1,Technology & Engineering,4.5,Agility,Tolerance of Ambiguity,scale_100,33.0
LTM1016,Heer Chadha,Vice President - Engineering,E1,Technology & Engineering,4.5,Presence,Empathy,scale_100,61.0
LTM1016,Heer Chadha,Vice President - Engineering,E1,Technology & Engineering,4.5,Presence,Assertiveness,scale_100,39.0
LTM1016,Heer Chadha,Vice President - Engineering,E1,Technology & Engineering,4.5,Presence,Sociability,scale_100,54.0
LTM1016,Heer Chadha,Vice President - Engineering,E1,Technology & Engineering,4.5,Presence,Influence,scale_100,53.0
LTM1016,Heer Chadha,Vice President - Engineering,E1,Technology & Engineering,4.5,Learning Agility,Mental Agility,scale_10,7.1
LTM1016,Heer Chadha,Vice President - Engineering,E1,Technology & Engineering,4.5,Learning Agility,People Agility,scale_10,6.7
LTM1016,Heer Chadha,Vice President - Engineering,E1,Technology & Engineering,4.5,Learning Agility,Change Agility,scale_10,4.3
LTM1016,Heer Chadha,Vice President - Engineering,E1,Technology & Engineering,4.5,Learning Agility,Results Agility,scale_10,5.6
LTM1016,Heer Chadha,Vice President - Engineering,E1,Technology & Engineering,4.5,Learning Agility,Situational Self-Awareness,scale_10,6.3
LTM1016,Heer Chadha,Vice President - Engineering,E1,Technology & Engineering,4.5,Drivers,Balance,drivers_60,29.0
LTM1016,Heer Chadha,Vice President - Engineering,E1,Technology & Engineering,4.5,Drivers,Collaboration,drivers_60,34.0
LTM1016,Heer Chadha,Vice President - Engineering,E1,Technology & Engineering,4.5,Drivers,Power,drivers_60,36.0
LTM1016,Heer Chadha,Vice President - Engineering,E1,Technology & Engineering,4.5,Drivers,Challenge,drivers_60,34.0
LTM1016,Heer Chadha,Vice President - Engineering,E1,Technology & Engineering,4.5,Drivers,Structure,drivers_60,29.0
LTM1016,Heer Chadha,Vice President - Engineering,E1,Technology & Engineering,4.5,Drivers,Independence,drivers_60,17.0
LTM1016,Heer Chadha,Vice President - Engineering,E1,Technology & Engineering,4.5,Risk Factor,Avoidant,risk_10,3.4
LTM1016,Heer Chadha,Vice President - Engineering,E1,Technology & Engineering,4.5,Risk Factor,Closed,risk_10,4.2
LTM1016,Heer Chadha,Vice President - Engineering,E1,Technology & Engineering,4.5,Risk Factor,Defensive,risk_10,2.9
LTM1016,Heer Chadha,Vice President - Engineering,E1,Technology & Engineering,4.5,Risk Factor,Egotistic,risk_10,4.4
LTM1016,Heer Chadha,Vice President - Engineering,E1,Technology & Engineering,4.5,Risk Factor,Micro Managing,risk_10,4.7
LTM1016,Heer Chadha,Vice President - Engineering,E1,Technology & Engineering,4.5,Risk Factor,Opportunistic,risk_10,4.0
LTM1016,Heer Chadha,Vice President - Engineering,E1,Technology & Engineering,4.5,Risk Factor,Restrained,risk_10,1.1
LTM1016,Heer Chadha,Vice President - Engineering,E1,Technology & Engineering,4.5,Risk Factor,Social Pleaser,risk_10,2.7
LTM1016,Heer Chadha,Vice President - Engineering,E1,Technology & Engineering,4.5,Risk Factor,Solitary,risk_10,5.6
LTM1016,Heer Chadha,Vice President - Engineering,E1,Technology & Engineering,4.5,Risk Factor,Suspicious,risk_10,3.4
LTM1016,Heer Chadha,Vice President - Engineering,E1,Technology & Engineering,4.5,Risk Factor,Volatile,risk_10,2.1
LTM1038,Alia Bhandari,Director - Digital Transformation,E2,Technology & Engineering,4.6,Strategic Thinking,Strategic Vision,ordinal_4,3.0
LTM1038,Alia Bhandari,Director - Digital Transformation,E2,Technology & Engineering,4.6,Strategic Thinking,Business Acumen,ordinal_4,3.0
LTM1038,Alia Bhandari,Director - Digital Transformation,E2,Technology & Engineering,4.6,Strategic Thinking,Market and External Awareness,ordinal_4,3.0
LTM1038,Alia Bhandari,Director - Digital Transformation,E2,Technology & Engineering,4.6,Operational Excellence,Drive for Results,ordinal_4,3.0
LTM1038,Alia Bhandari,Director - Digital Transformation,E2,Technology & Engineering,4.6,Operational Excellence,Process Optimization,ordinal_4,3.0
LTM1038,Alia Bhandari,Director - Digital Transformation,E2,Technology & Engineering,4.6,Operational Excellence,Quality Focus,ordinal_4,3.0
LTM1038,Alia Bhandari,Director - Digital Transformation,E2,Technology & Engineering,4.6,Decision Effectiveness,Analytical Thinking,ordinal_4,3.0
LTM1038,Alia Bhandari,Director - Digital Transformation,E2,Technology & Engineering,4.6,Decision Effectiveness,Sound Judgment,ordinal_4,3.0
LTM1038,Alia Bhandari,Director - Digital Transformation,E2,Technology & Engineering,4.6,Decision Effectiveness,Decisiveness Under Uncertainty,ordinal_4,3.0
LTM1038,Alia Bhandari,Director - Digital Transformation,E2,Technology & Engineering,4.6,People Leadership,Develops Talent,ordinal_4,2.0
LTM1038,Alia Bhandari,Director - Digital Transformation,E2,Technology & Engineering,4.6,People Leadership,Builds Effective Teams,ordinal_4,3.0
LTM1038,Alia Bhandari,Director - Digital Transformation,E2,Technology & Engineering,4.6,People Leadership,Coaching Others,ordinal_4,3.0
LTM1038,Alia Bhandari,Director - Digital Transformation,E2,Technology & Engineering,4.6,Leading Change,Change Sponsorship,ordinal_4,3.0
LTM1038,Alia Bhandari,Director - Digital Transformation,E2,Technology & Engineering,4.6,Leading Change,Adaptability,ordinal_4,3.0
LTM1038,Alia Bhandari,Director - Digital Transformation,E2,Technology & Engineering,4.6,Leading Change,Resilience,ordinal_4,3.0
LTM1038,Alia Bhandari,Director - Digital Transformation,E2,Technology & Engineering,4.6,Stakeholder Engagement,Builds Trust,ordinal_4,3.0
LTM1038,Alia Bhandari,Director - Digital Transformation,E2,Technology & Engineering,4.6,Stakeholder Engagement,Customer Focus,ordinal_4,4.0
LTM1038,Alia Bhandari,Director - Digital Transformation,E2,Technology & Engineering,4.6,Stakeholder Engagement,Influences Others,ordinal_4,2.0
LTM1038,Alia Bhandari,Director - Digital Transformation,E2,Technology & Engineering,4.6,Positivity,Optimism,scale_100,50.0
LTM1038,Alia Bhandari,Director - Digital Transformation,E2,Technology & Engineering,4.6,Positivity,Situational Self-Awareness,scale_100,52.0
LTM1038,Alia Bhandari,Director - Digital Transformation,E2,Technology & Engineering,4.6,Positivity,Composure,scale_100,50.0
LTM1038,Alia Bhandari,Director - Digital Transformation,E2,Technology & Engineering,4.6,Striving,Credibility,scale_100,46.0
LTM1038,Alia Bhandari,Director - Digital Transformation,E2,Technology & Engineering,4.6,Striving,Confidence,scale_100,27.0
LTM1038,Alia Bhandari,Director - Digital Transformation,E2,Technology & Engineering,4.6,Striving,Need for Achievement,scale_100,51.0
LTM1038,Alia Bhandari,Director - Digital Transformation,E2,Technology & Engineering,4.6,Striving,Persistence,scale_100,59.0
LTM1038,Alia Bhandari,Director - Digital Transformation,E2,Technology & Engineering,4.6,Agreeableness,Affiliation,scale_100,50.0
LTM1038,Alia Bhandari,Director - Digital Transformation,E2,Technology & Engineering,4.6,Agreeableness,Humility,scale_100,74.0
LTM1038,Alia Bhandari,Director - Digital Transformation,E2,Technology & Engineering,4.6,Agreeableness,Trust,scale_100,55.0
LTM1038,Alia Bhandari,Director - Digital Transformation,E2,Technology & Engineering,4.6,Agreeableness,Openness to Differences,scale_100,68.0
LTM1038,Alia Bhandari,Director - Digital Transformation,E2,Technology & Engineering,4.6,Agility,Focus,scale_100,64.0
LTM1038,Alia Bhandari,Director - Digital Transformation,E2,Technology & Engineering,4.6,Agility,Curiosity,scale_100,69.0
LTM1038,Alia Bhandari,Director - Digital Transformation,E2,Technology & Engineering,4.6,Agility,Adaptability,scale_100,64.0
LTM1038,Alia Bhandari,Director - Digital Transformation,E2,Technology & Engineering,4.6,Agility,Risk Taking,scale_100,75.0
LTM1038,Alia Bhandari,Director - Digital Transformation,E2,Technology & Engineering,4.6,Agility,Tolerance of Ambiguity,scale_100,62.0
LTM1038,Alia Bhandari,Director - Digital Transformation,E2,Technology & Engineering,4.6,Presence,Empathy,scale_100,60.0
LTM1038,Alia Bhandari,Director - Digital Transformation,E2,Technology & Engineering,4.6,Presence,Assertiveness,scale_100,59.0
LTM1038,Alia Bhandari,Director - Digital Transformation,E2,Technology & Engineering,4.6,Presence,Sociability,scale_100,52.0
LTM1038,Alia Bhandari,Director - Digital Transformation,E2,Technology & Engineering,4.6,Presence,Influence,scale_100,59.0
LTM1038,Alia Bhandari,Director - Digital Transformation,E2,Technology & Engineering,4.6,Learning Agility,Mental Agility,scale_10,8.6
LTM1038,Alia Bhandari,Director - Digital Transformation,E2,Technology & Engineering,4.6,Learning Agility,People Agility,scale_10,6.6
LTM1038,Alia Bhandari,Director - Digital Transformation,E2,Technology & Engineering,4.6,Learning Agility,Change Agility,scale_10,7.2
LTM1038,Alia Bhandari,Director - Digital Transformation,E2,Technology & Engineering,4.6,Learning Agility,Results Agility,scale_10,7.9
LTM1038,Alia Bhandari,Director - Digital Transformation,E2,Technology & Engineering,4.6,Learning Agility,Situational Self-Awareness,scale_10,7.8
LTM1038,Alia Bhandari,Director - Digital Transformation,E2,Technology & Engineering,4.6,Drivers,Balance,drivers_60,34.0
LTM1038,Alia Bhandari,Director - Digital Transformation,E2,Technology & Engineering,4.6,Drivers,Collaboration,drivers_60,17.0
LTM1038,Alia Bhandari,Director - Digital Transformation,E2,Technology & Engineering,4.6,Drivers,Power,drivers_60,38.0
LTM1038,Alia Bhandari,Director - Digital Transformation,E2,Technology & Engineering,4.6,Drivers,Challenge,drivers_60,18.0
LTM1038,Alia Bhandari,Director - Digital Transformation,E2,Technology & Engineering,4.6,Drivers,Structure,drivers_60,44.0
LTM1038,Alia Bhandari,Director - Digital Transformation,E2,Technology & Engineering,4.6,Drivers,Independence,drivers_60,35.0
LTM1038,Alia Bhandari,Director - Digital Transformation,E2,Technology & Engineering,4.6,Risk Factor,Avoidant,risk_10,4.1
LTM1038,Alia Bhandari,Director - Digital Transformation,E2,Technology & Engineering,4.6,Risk Factor,Closed,risk_10,2.4
LTM1038,Alia Bhandari,Director - Digital Transformation,E2,Technology & Engineering,4.6,Risk Factor,Defensive,risk_10,1.9
LTM1038,Alia Bhandari,Director - Digital Transformation,E2,Technology & Engineering,4.6,Risk Factor,Egotistic,risk_10,3.5
LTM1038,Alia Bhandari,Director - Digital Transformation,E2,Technology & Engineering,4.6,Risk Factor,Micro Managing,risk_10,3.2
LTM1038,Alia Bhandari,Director - Digital Transformation,E2,Technology & Engineering,4.6,Risk Factor,Opportunistic,risk_10,2.8
LTM1038,Alia Bhandari,Director - Digital Transformation,E2,Technology & Engineering,4.6,Risk Factor,Restrained,risk_10,3.3
LTM1038,Alia Bhandari,Director - Digital Transformation,E2,Technology & Engineering,4.6,Risk Factor,Social Pleaser,risk_10,5.7
LTM1038,Alia Bhandari,Director - Digital Transformation,E2,Technology & Engineering,4.6,Risk Factor,Solitary,risk_10,4.0
LTM1038,Alia Bhandari,Director - Digital Transformation,E2,Technology & Engineering,4.6,Risk Factor,Suspicious,risk_10,4.2
LTM1038,Alia Bhandari,Director - Digital Transformation,E2,Technology & Engineering,4.6,Risk Factor,Volatile,risk_10,4.0
LTM1039,Faiyaz Sanghvi,Senior Director - Delivery,E2,Operations,4.2,Strategic Thinking,Strategic Vision,ordinal_4,2.0
LTM1039,Faiyaz Sanghvi,Senior Director - Delivery,E2,Operations,4.2,Strategic Thinking,Business Acumen,ordinal_4,2.0
LTM1039,Faiyaz Sanghvi,Senior Director - Delivery,E2,Operations,4.2,Strategic Thinking,Market and External Awareness,ordinal_4,1.0
LTM1039,Faiyaz Sanghvi,Senior Director - Delivery,E2,Operations,4.2,Operational Excellence,Drive for Results,ordinal_4,2.0
LTM1039,Faiyaz Sanghvi,Senior Director - Delivery,E2,Operations,4.2,Operational Excellence,Process Optimization,ordinal_4,3.0
LTM1039,Faiyaz Sanghvi,Senior Director - Delivery,E2,Operations,4.2,Operational Excellence,Quality Focus,ordinal_4,2.0
LTM1039,Faiyaz Sanghvi,Senior Director - Delivery,E2,Operations,4.2,Decision Effectiveness,Analytical Thinking,ordinal_4,2.0
LTM1039,Faiyaz Sanghvi,Senior Director - Delivery,E2,Operations,4.2,Decision Effectiveness,Sound Judgment,ordinal_4,2.0
LTM1039,Faiyaz Sanghvi,Senior Director - Delivery,E2,Operations,4.2,Decision Effectiveness,Decisiveness Under Uncertainty,ordinal_4,3.0
LTM1039,Faiyaz Sanghvi,Senior Director - Delivery,E2,Operations,4.2,People Leadership,Develops Talent,ordinal_4,2.0
LTM1039,Faiyaz Sanghvi,Senior Director - Delivery,E2,Operations,4.2,People Leadership,Builds Effective Teams,ordinal_4,2.0
LTM1039,Faiyaz Sanghvi,Senior Director - Delivery,E2,Operations,4.2,People Leadership,Coaching Others,ordinal_4,2.0
LTM1039,Faiyaz Sanghvi,Senior Director - Delivery,E2,Operations,4.2,Leading Change,Change Sponsorship,ordinal_4,2.0
LTM1039,Faiyaz Sanghvi,Senior Director - Delivery,E2,Operations,4.2,Leading Change,Adaptability,ordinal_4,2.0
LTM1039,Faiyaz Sanghvi,Senior Director - Delivery,E2,Operations,4.2,Leading Change,Resilience,ordinal_4,1.0
LTM1039,Faiyaz Sanghvi,Senior Director - Delivery,E2,Operations,4.2,Stakeholder Engagement,Builds Trust,ordinal_4,1.0
LTM1039,Faiyaz Sanghvi,Senior Director - Delivery,E2,Operations,4.2,Stakeholder Engagement,Customer Focus,ordinal_4,2.0
LTM1039,Faiyaz Sanghvi,Senior Director - Delivery,E2,Operations,4.2,Stakeholder Engagement,Influences Others,ordinal_4,2.0
LTM1039,Faiyaz Sanghvi,Senior Director - Delivery,E2,Operations,4.2,Positivity,Optimism,scale_100,56.0
LTM1039,Faiyaz Sanghvi,Senior Director - Delivery,E2,Operations,4.2,Positivity,Situational Self-Awareness,scale_100,60.0
LTM1039,Faiyaz Sanghvi,Senior Director - Delivery,E2,Operations,4.2,Positivity,Composure,scale_100,60.0
LTM1039,Faiyaz Sanghvi,Senior Director - Delivery,E2,Operations,4.2,Striving,Credibility,scale_100,34.0
LTM1039,Faiyaz Sanghvi,Senior Director - Delivery,E2,Operations,4.2,Striving,Confidence,scale_100,40.0
LTM1039,Faiyaz Sanghvi,Senior Director - Delivery,E2,Operations,4.2,Striving,Need for Achievement,scale_100,49.0
LTM1039,Faiyaz Sanghvi,Senior Director - Delivery,E2,Operations,4.2,Striving,Persistence,scale_100,69.0
LTM1039,Faiyaz Sanghvi,Senior Director - Delivery,E2,Operations,4.2,Agreeableness,Affiliation,scale_100,59.0
LTM1039,Faiyaz Sanghvi,Senior Director - Delivery,E2,Operations,4.2,Agreeableness,Humility,scale_100,55.0
LTM1039,Faiyaz Sanghvi,Senior Director - Delivery,E2,Operations,4.2,Agreeableness,Trust,scale_100,40.0
LTM1039,Faiyaz Sanghvi,Senior Director - Delivery,E2,Operations,4.2,Agreeableness,Openness to Differences,scale_100,35.0
LTM1039,Faiyaz Sanghvi,Senior Director - Delivery,E2,Operations,4.2,Agility,Focus,scale_100,52.0
LTM1039,Faiyaz Sanghvi,Senior Director - Delivery,E2,Operations,4.2,Agility,Curiosity,scale_100,33.0
LTM1039,Faiyaz Sanghvi,Senior Director - Delivery,E2,Operations,4.2,Agility,Adaptability,scale_100,42.0
LTM1039,Faiyaz Sanghvi,Senior Director - Delivery,E2,Operations,4.2,Agility,Risk Taking,scale_100,43.0
LTM1039,Faiyaz Sanghvi,Senior Director - Delivery,E2,Operations,4.2,Agility,Tolerance of Ambiguity,scale_100,60.0
LTM1039,Faiyaz Sanghvi,Senior Director - Delivery,E2,Operations,4.2,Presence,Empathy,scale_100,40.0
LTM1039,Faiyaz Sanghvi,Senior Director - Delivery,E2,Operations,4.2,Presence,Assertiveness,scale_100,20.0
LTM1039,Faiyaz Sanghvi,Senior Director - Delivery,E2,Operations,4.2,Presence,Sociability,scale_100,49.0
LTM1039,Faiyaz Sanghvi,Senior Director - Delivery,E2,Operations,4.2,Presence,Influence,scale_100,37.0
LTM1039,Faiyaz Sanghvi,Senior Director - Delivery,E2,Operations,4.2,Learning Agility,Mental Agility,scale_10,4.8
LTM1039,Faiyaz Sanghvi,Senior Director - Delivery,E2,Operations,4.2,Learning Agility,People Agility,scale_10,4.7
LTM1039,Faiyaz Sanghvi,Senior Director - Delivery,E2,Operations,4.2,Learning Agility,Change Agility,scale_10,4.5
LTM1039,Faiyaz Sanghvi,Senior Director - Delivery,E2,Operations,4.2,Learning Agility,Results Agility,scale_10,5.4
LTM1039,Faiyaz Sanghvi,Senior Director - Delivery,E2,Operations,4.2,Learning Agility,Situational Self-Awareness,scale_10,3.5
LTM1039,Faiyaz Sanghvi,Senior Director - Delivery,E2,Operations,4.2,Drivers,Balance,drivers_60,25.0
LTM1039,Faiyaz Sanghvi,Senior Director - Delivery,E2,Operations,4.2,Drivers,Collaboration,drivers_60,34.0
LTM1039,Faiyaz Sanghvi,Senior Director - Delivery,E2,Operations,4.2,Drivers,Power,drivers_60,25.0
LTM1039,Faiyaz Sanghvi,Senior Director - Delivery,E2,Operations,4.2,Drivers,Challenge,drivers_60,18.0
LTM1039,Faiyaz Sanghvi,Senior Director - Delivery,E2,Operations,4.2,Drivers,Structure,drivers_60,34.0
LTM1039,Faiyaz Sanghvi,Senior Director - Delivery,E2,Operations,4.2,Drivers,Independence,drivers_60,37.0
LTM1039,Faiyaz Sanghvi,Senior Director - Delivery,E2,Operations,4.2,Risk Factor,Avoidant,risk_10,5.0
LTM1039,Faiyaz Sanghvi,Senior Director - Delivery,E2,Operations,4.2,Risk Factor,Closed,risk_10,3.2
LTM1039,Faiyaz Sanghvi,Senior Director - Delivery,E2,Operations,4.2,Risk Factor,Defensive,risk_10,5.6
LTM1039,Faiyaz Sanghvi,Senior Director - Delivery,E2,Operations,4.2,Risk Factor,Egotistic,risk_10,3.5
LTM1039,Faiyaz Sanghvi,Senior Director - Delivery,E2,Operations,4.2,Risk Factor,Micro Managing,risk_10,5.3
LTM1039,Faiyaz Sanghvi,Senior Director - Delivery,E2,Operations,4.2,Risk Factor,Opportunistic,risk_10,4.2
LTM1039,Faiyaz Sanghvi,Senior Director - Delivery,E2,Operations,4.2,Risk Factor,Restrained,risk_10,4.0
LTM1039,Faiyaz Sanghvi,Senior Director - Delivery,E2,Operations,4.2,Risk Factor,Social Pleaser,risk_10,4.6
LTM1039,Faiyaz Sanghvi,Senior Director - Delivery,E2,Operations,4.2,Risk Factor,Solitary,risk_10,4.8
LTM1039,Faiyaz Sanghvi,Senior Director - Delivery,E2,Operations,4.2,Risk Factor,Suspicious,risk_10,4.4
LTM1039,Faiyaz Sanghvi,Senior Director - Delivery,E2,Operations,4.2,Risk Factor,Volatile,risk_10,5.5
LTM1040,Alisha Karan,Director - Digital Transformation,E2,Technology & Engineering,4.5,Strategic Thinking,Strategic Vision,ordinal_4,2.0
LTM1040,Alisha Karan,Director - Digital Transformation,E2,Technology & Engineering,4.5,Strategic Thinking,Business Acumen,ordinal_4,3.0
LTM1040,Alisha Karan,Director - Digital Transformation,E2,Technology & Engineering,4.5,Strategic Thinking,Market and External Awareness,ordinal_4,3.0
LTM1040,Alisha Karan,Director - Digital Transformation,E2,Technology & Engineering,4.5,Operational Excellence,Drive for Results,ordinal_4,3.0
LTM1040,Alisha Karan,Director - Digital Transformation,E2,Technology & Engineering,4.5,Operational Excellence,Process Optimization,ordinal_4,3.0
LTM1040,Alisha Karan,Director - Digital Transformation,E2,Technology & Engineering,4.5,Operational Excellence,Quality Focus,ordinal_4,3.0
LTM1040,Alisha Karan,Director - Digital Transformation,E2,Technology & Engineering,4.5,Decision Effectiveness,Analytical Thinking,ordinal_4,3.0
LTM1040,Alisha Karan,Director - Digital Transformation,E2,Technology & Engineering,4.5,Decision Effectiveness,Sound Judgment,ordinal_4,2.0
LTM1040,Alisha Karan,Director - Digital Transformation,E2,Technology & Engineering,4.5,Decision Effectiveness,Decisiveness Under Uncertainty,ordinal_4,2.0
LTM1040,Alisha Karan,Director - Digital Transformation,E2,Technology & Engineering,4.5,People Leadership,Develops Talent,ordinal_4,2.0
LTM1040,Alisha Karan,Director - Digital Transformation,E2,Technology & Engineering,4.5,People Leadership,Builds Effective Teams,ordinal_4,2.0
LTM1040,Alisha Karan,Director - Digital Transformation,E2,Technology & Engineering,4.5,People Leadership,Coaching Others,ordinal_4,3.0
LTM1040,Alisha Karan,Director - Digital Transformation,E2,Technology & Engineering,4.5,Leading Change,Change Sponsorship,ordinal_4,2.0
LTM1040,Alisha Karan,Director - Digital Transformation,E2,Technology & Engineering,4.5,Leading Change,Adaptability,ordinal_4,2.0
LTM1040,Alisha Karan,Director - Digital Transformation,E2,Technology & Engineering,4.5,Leading Change,Resilience,ordinal_4,3.0
LTM1040,Alisha Karan,Director - Digital Transformation,E2,Technology & Engineering,4.5,Stakeholder Engagement,Builds Trust,ordinal_4,3.0
LTM1040,Alisha Karan,Director - Digital Transformation,E2,Technology & Engineering,4.5,Stakeholder Engagement,Customer Focus,ordinal_4,2.0
LTM1040,Alisha Karan,Director - Digital Transformation,E2,Technology & Engineering,4.5,Stakeholder Engagement,Influences Others,ordinal_4,2.0
LTM1040,Alisha Karan,Director - Digital Transformation,E2,Technology & Engineering,4.5,Positivity,Optimism,scale_100,58.0
LTM1040,Alisha Karan,Director - Digital Transformation,E2,Technology & Engineering,4.5,Positivity,Situational Self-Awareness,scale_100,29.0
LTM1040,Alisha Karan,Director - Digital Transformation,E2,Technology & Engineering,4.5,Positivity,Composure,scale_100,34.0
LTM1040,Alisha Karan,Director - Digital Transformation,E2,Technology & Engineering,4.5,Striving,Credibility,scale_100,49.0
LTM1040,Alisha Karan,Director - Digital Transformation,E2,Technology & Engineering,4.5,Striving,Confidence,scale_100,68.0
LTM1040,Alisha Karan,Director - Digital Transformation,E2,Technology & Engineering,4.5,Striving,Need for Achievement,scale_100,48.0
LTM1040,Alisha Karan,Director - Digital Transformation,E2,Technology & Engineering,4.5,Striving,Persistence,scale_100,53.0
LTM1040,Alisha Karan,Director - Digital Transformation,E2,Technology & Engineering,4.5,Agreeableness,Affiliation,scale_100,64.0
LTM1040,Alisha Karan,Director - Digital Transformation,E2,Technology & Engineering,4.5,Agreeableness,Humility,scale_100,73.0
LTM1040,Alisha Karan,Director - Digital Transformation,E2,Technology & Engineering,4.5,Agreeableness,Trust,scale_100,46.0
LTM1040,Alisha Karan,Director - Digital Transformation,E2,Technology & Engineering,4.5,Agreeableness,Openness to Differences,scale_100,52.0
LTM1040,Alisha Karan,Director - Digital Transformation,E2,Technology & Engineering,4.5,Agility,Focus,scale_100,76.0
LTM1040,Alisha Karan,Director - Digital Transformation,E2,Technology & Engineering,4.5,Agility,Curiosity,scale_100,43.0
LTM1040,Alisha Karan,Director - Digital Transformation,E2,Technology & Engineering,4.5,Agility,Adaptability,scale_100,69.0
LTM1040,Alisha Karan,Director - Digital Transformation,E2,Technology & Engineering,4.5,Agility,Risk Taking,scale_100,48.0
LTM1040,Alisha Karan,Director - Digital Transformation,E2,Technology & Engineering,4.5,Agility,Tolerance of Ambiguity,scale_100,59.0
LTM1040,Alisha Karan,Director - Digital Transformation,E2,Technology & Engineering,4.5,Presence,Empathy,scale_100,50.0
LTM1040,Alisha Karan,Director - Digital Transformation,E2,Technology & Engineering,4.5,Presence,Assertiveness,scale_100,43.0
LTM1040,Alisha Karan,Director - Digital Transformation,E2,Technology & Engineering,4.5,Presence,Sociability,scale_100,42.0
LTM1040,Alisha Karan,Director - Digital Transformation,E2,Technology & Engineering,4.5,Presence,Influence,scale_100,55.0
LTM1040,Alisha Karan,Director - Digital Transformation,E2,Technology & Engineering,4.5,Learning Agility,Mental Agility,scale_10,7.3
LTM1040,Alisha Karan,Director - Digital Transformation,E2,Technology & Engineering,4.5,Learning Agility,People Agility,scale_10,6.4
LTM1040,Alisha Karan,Director - Digital Transformation,E2,Technology & Engineering,4.5,Learning Agility,Change Agility,scale_10,6.5
LTM1040,Alisha Karan,Director - Digital Transformation,E2,Technology & Engineering,4.5,Learning Agility,Results Agility,scale_10,6.9
LTM1040,Alisha Karan,Director - Digital Transformation,E2,Technology & Engineering,4.5,Learning Agility,Situational Self-Awareness,scale_10,5.7
LTM1040,Alisha Karan,Director - Digital Transformation,E2,Technology & Engineering,4.5,Drivers,Balance,drivers_60,37.0
LTM1040,Alisha Karan,Director - Digital Transformation,E2,Technology & Engineering,4.5,Drivers,Collaboration,drivers_60,37.0
LTM1040,Alisha Karan,Director - Digital Transformation,E2,Technology & Engineering,4.5,Drivers,Power,drivers_60,50.0
LTM1040,Alisha Karan,Director - Digital Transformation,E2,Technology & Engineering,4.5,Drivers,Challenge,drivers_60,29.0
LTM1040,Alisha Karan,Director - Digital Transformation,E2,Technology & Engineering,4.5,Drivers,Structure,drivers_60,28.0
LTM1040,Alisha Karan,Director - Digital Transformation,E2,Technology & Engineering,4.5,Drivers,Independence,drivers_60,37.0
LTM1040,Alisha Karan,Director - Digital Transformation,E2,Technology & Engineering,4.5,Risk Factor,Avoidant,risk_10,4.4
LTM1040,Alisha Karan,Director - Digital Transformation,E2,Technology & Engineering,4.5,Risk Factor,Closed,risk_10,3.2
LTM1040,Alisha Karan,Director - Digital Transformation,E2,Technology & Engineering,4.5,Risk Factor,Defensive,risk_10,3.3
LTM1040,Alisha Karan,Director - Digital Transformation,E2,Technology & Engineering,4.5,Risk Factor,Egotistic,risk_10,4.2
LTM1040,Alisha Karan,Director - Digital Transformation,E2,Technology & Engineering,4.5,Risk Factor,Micro Managing,risk_10,2.9
LTM1040,Alisha Karan,Director - Digital Transformation,E2,Technology & Engineering,4.5,Risk Factor,Opportunistic,risk_10,3.3
LTM1040,Alisha Karan,Director - Digital Transformation,E2,Technology & Engineering,4.5,Risk Factor,Restrained,risk_10,3.8
LTM1040,Alisha Karan,Director - Digital Transformation,E2,Technology & Engineering,4.5,Risk Factor,Social Pleaser,risk_10,4.6
LTM1040,Alisha Karan,Director - Digital Transformation,E2,Technology & Engineering,4.5,Risk Factor,Solitary,risk_10,3.1
LTM1040,Alisha Karan,Director - Digital Transformation,E2,Technology & Engineering,4.5,Risk Factor,Suspicious,risk_10,2.0
LTM1040,Alisha Karan,Director - Digital Transformation,E2,Technology & Engineering,4.5,Risk Factor,Volatile,risk_10,2.0
LTM1041,Ivana Dass,Senior Director - AI & Data,E2,Technology & Engineering,4.6,Strategic Thinking,Strategic Vision,ordinal_4,2.0
LTM1041,Ivana Dass,Senior Director - AI & Data,E2,Technology & Engineering,4.6,Strategic Thinking,Business Acumen,ordinal_4,2.0
LTM1041,Ivana Dass,Senior Director - AI & Data,E2,Technology & Engineering,4.6,Strategic Thinking,Market and External Awareness,ordinal_4,3.0
LTM1041,Ivana Dass,Senior Director - AI & Data,E2,Technology & Engineering,4.6,Operational Excellence,Drive for Results,ordinal_4,3.0
LTM1041,Ivana Dass,Senior Director - AI & Data,E2,Technology & Engineering,4.6,Operational Excellence,Process Optimization,ordinal_4,3.0
LTM1041,Ivana Dass,Senior Director - AI & Data,E2,Technology & Engineering,4.6,Operational Excellence,Quality Focus,ordinal_4,3.0
LTM1041,Ivana Dass,Senior Director - AI & Data,E2,Technology & Engineering,4.6,Decision Effectiveness,Analytical Thinking,ordinal_4,3.0
LTM1041,Ivana Dass,Senior Director - AI & Data,E2,Technology & Engineering,4.6,Decision Effectiveness,Sound Judgment,ordinal_4,3.0
LTM1041,Ivana Dass,Senior Director - AI & Data,E2,Technology & Engineering,4.6,Decision Effectiveness,Decisiveness Under Uncertainty,ordinal_4,3.0
LTM1041,Ivana Dass,Senior Director - AI & Data,E2,Technology & Engineering,4.6,People Leadership,Develops Talent,ordinal_4,3.0
LTM1041,Ivana Dass,Senior Director - AI & Data,E2,Technology & Engineering,4.6,People Leadership,Builds Effective Teams,ordinal_4,3.0
LTM1041,Ivana Dass,Senior Director - AI & Data,E2,Technology & Engineering,4.6,People Leadership,Coaching Others,ordinal_4,3.0
LTM1041,Ivana Dass,Senior Director - AI & Data,E2,Technology & Engineering,4.6,Leading Change,Change Sponsorship,ordinal_4,3.0
LTM1041,Ivana Dass,Senior Director - AI & Data,E2,Technology & Engineering,4.6,Leading Change,Adaptability,ordinal_4,3.0
LTM1041,Ivana Dass,Senior Director - AI & Data,E2,Technology & Engineering,4.6,Leading Change,Resilience,ordinal_4,2.0
LTM1041,Ivana Dass,Senior Director - AI & Data,E2,Technology & Engineering,4.6,Stakeholder Engagement,Builds Trust,ordinal_4,3.0
LTM1041,Ivana Dass,Senior Director - AI & Data,E2,Technology & Engineering,4.6,Stakeholder Engagement,Customer Focus,ordinal_4,2.0
LTM1041,Ivana Dass,Senior Director - AI & Data,E2,Technology & Engineering,4.6,Stakeholder Engagement,Influences Others,ordinal_4,3.0
LTM1041,Ivana Dass,Senior Director - AI & Data,E2,Technology & Engineering,4.6,Positivity,Optimism,scale_100,63.0
LTM1041,Ivana Dass,Senior Director - AI & Data,E2,Technology & Engineering,4.6,Positivity,Situational Self-Awareness,scale_100,52.0
LTM1041,Ivana Dass,Senior Director - AI & Data,E2,Technology & Engineering,4.6,Positivity,Composure,scale_100,73.0
LTM1041,Ivana Dass,Senior Director - AI & Data,E2,Technology & Engineering,4.6,Striving,Credibility,scale_100,46.0
LTM1041,Ivana Dass,Senior Director - AI & Data,E2,Technology & Engineering,4.6,Striving,Confidence,scale_100,57.0
LTM1041,Ivana Dass,Senior Director - AI & Data,E2,Technology & Engineering,4.6,Striving,Need for Achievement,scale_100,55.0
LTM1041,Ivana Dass,Senior Director - AI & Data,E2,Technology & Engineering,4.6,Striving,Persistence,scale_100,54.0
LTM1041,Ivana Dass,Senior Director - AI & Data,E2,Technology & Engineering,4.6,Agreeableness,Affiliation,scale_100,54.0
LTM1041,Ivana Dass,Senior Director - AI & Data,E2,Technology & Engineering,4.6,Agreeableness,Humility,scale_100,56.0
LTM1041,Ivana Dass,Senior Director - AI & Data,E2,Technology & Engineering,4.6,Agreeableness,Trust,scale_100,63.0
LTM1041,Ivana Dass,Senior Director - AI & Data,E2,Technology & Engineering,4.6,Agreeableness,Openness to Differences,scale_100,69.0
LTM1041,Ivana Dass,Senior Director - AI & Data,E2,Technology & Engineering,4.6,Agility,Focus,scale_100,61.0
LTM1041,Ivana Dass,Senior Director - AI & Data,E2,Technology & Engineering,4.6,Agility,Curiosity,scale_100,69.0
LTM1041,Ivana Dass,Senior Director - AI & Data,E2,Technology & Engineering,4.6,Agility,Adaptability,scale_100,54.0
LTM1041,Ivana Dass,Senior Director - AI & Data,E2,Technology & Engineering,4.6,Agility,Risk Taking,scale_100,69.0
LTM1041,Ivana Dass,Senior Director - AI & Data,E2,Technology & Engineering,4.6,Agility,Tolerance of Ambiguity,scale_100,53.0
LTM1041,Ivana Dass,Senior Director - AI & Data,E2,Technology & Engineering,4.6,Presence,Empathy,scale_100,66.0
LTM1041,Ivana Dass,Senior Director - AI & Data,E2,Technology & Engineering,4.6,Presence,Assertiveness,scale_100,77.0
LTM1041,Ivana Dass,Senior Director - AI & Data,E2,Technology & Engineering,4.6,Presence,Sociability,scale_100,54.0
LTM1041,Ivana Dass,Senior Director - AI & Data,E2,Technology & Engineering,4.6,Presence,Influence,scale_100,33.0
LTM1041,Ivana Dass,Senior Director - AI & Data,E2,Technology & Engineering,4.6,Learning Agility,Mental Agility,scale_10,6.4
LTM1041,Ivana Dass,Senior Director - AI & Data,E2,Technology & Engineering,4.6,Learning Agility,People Agility,scale_10,7.8
LTM1041,Ivana Dass,Senior Director - AI & Data,E2,Technology & Engineering,4.6,Learning Agility,Change Agility,scale_10,7.3
LTM1041,Ivana Dass,Senior Director - AI & Data,E2,Technology & Engineering,4.6,Learning Agility,Results Agility,scale_10,7.0
LTM1041,Ivana Dass,Senior Director - AI & Data,E2,Technology & Engineering,4.6,Learning Agility,Situational Self-Awareness,scale_10,7.7
LTM1041,Ivana Dass,Senior Director - AI & Data,E2,Technology & Engineering,4.6,Drivers,Balance,drivers_60,37.0
LTM1041,Ivana Dass,Senior Director - AI & Data,E2,Technology & Engineering,4.6,Drivers,Collaboration,drivers_60,43.0
LTM1041,Ivana Dass,Senior Director - AI & Data,E2,Technology & Engineering,4.6,Drivers,Power,drivers_60,40.0
LTM1041,Ivana Dass,Senior Director - AI & Data,E2,Technology & Engineering,4.6,Drivers,Challenge,drivers_60,45.0
LTM1041,Ivana Dass,Senior Director - AI & Data,E2,Technology & Engineering,4.6,Drivers,Structure,drivers_60,37.0
LTM1041,Ivana Dass,Senior Director - AI & Data,E2,Technology & Engineering,4.6,Drivers,Independence,drivers_60,40.0
LTM1041,Ivana Dass,Senior Director - AI & Data,E2,Technology & Engineering,4.6,Risk Factor,Avoidant,risk_10,3.0
LTM1041,Ivana Dass,Senior Director - AI & Data,E2,Technology & Engineering,4.6,Risk Factor,Closed,risk_10,2.7
LTM1041,Ivana Dass,Senior Director - AI & Data,E2,Technology & Engineering,4.6,Risk Factor,Defensive,risk_10,4.8
LTM1041,Ivana Dass,Senior Director - AI & Data,E2,Technology & Engineering,4.6,Risk Factor,Egotistic,risk_10,3.4
LTM1041,Ivana Dass,Senior Director - AI & Data,E2,Technology & Engineering,4.6,Risk Factor,Micro Managing,risk_10,4.0
LTM1041,Ivana Dass,Senior Director - AI & Data,E2,Technology & Engineering,4.6,Risk Factor,Opportunistic,risk_10,3.4
LTM1041,Ivana Dass,Senior Director - AI & Data,E2,Technology & Engineering,4.6,Risk Factor,Restrained,risk_10,2.7
LTM1041,Ivana Dass,Senior Director - AI & Data,E2,Technology & Engineering,4.6,Risk Factor,Social Pleaser,risk_10,3.3
LTM1041,Ivana Dass,Senior Director - AI & Data,E2,Technology & Engineering,4.6,Risk Factor,Solitary,risk_10,4.5
LTM1041,Ivana Dass,Senior Director - AI & Data,E2,Technology & Engineering,4.6,Risk Factor,Suspicious,risk_10,3.7
LTM1041,Ivana Dass,Senior Director - AI & Data,E2,Technology & Engineering,4.6,Risk Factor,Volatile,risk_10,1.7
LTM1059,Rhea Lad,Director - Cloud Infrastructure,E2,Technology & Engineering,4.5,Strategic Thinking,Strategic Vision,ordinal_4,2.0
LTM1059,Rhea Lad,Director - Cloud Infrastructure,E2,Technology & Engineering,4.5,Strategic Thinking,Business Acumen,ordinal_4,3.0
LTM1059,Rhea Lad,Director - Cloud Infrastructure,E2,Technology & Engineering,4.5,Strategic Thinking,Market and External Awareness,ordinal_4,2.0
LTM1059,Rhea Lad,Director - Cloud Infrastructure,E2,Technology & Engineering,4.5,Operational Excellence,Drive for Results,ordinal_4,2.0
LTM1059,Rhea Lad,Director - Cloud Infrastructure,E2,Technology & Engineering,4.5,Operational Excellence,Process Optimization,ordinal_4,4.0
LTM1059,Rhea Lad,Director - Cloud Infrastructure,E2,Technology & Engineering,4.5,Operational Excellence,Quality Focus,ordinal_4,3.0
LTM1059,Rhea Lad,Director - Cloud Infrastructure,E2,Technology & Engineering,4.5,Decision Effectiveness,Analytical Thinking,ordinal_4,2.0
LTM1059,Rhea Lad,Director - Cloud Infrastructure,E2,Technology & Engineering,4.5,Decision Effectiveness,Sound Judgment,ordinal_4,2.0
LTM1059,Rhea Lad,Director - Cloud Infrastructure,E2,Technology & Engineering,4.5,Decision Effectiveness,Decisiveness Under Uncertainty,ordinal_4,3.0
LTM1059,Rhea Lad,Director - Cloud Infrastructure,E2,Technology & Engineering,4.5,People Leadership,Develops Talent,ordinal_4,2.0
LTM1059,Rhea Lad,Director - Cloud Infrastructure,E2,Technology & Engineering,4.5,People Leadership,Builds Effective Teams,ordinal_4,3.0
LTM1059,Rhea Lad,Director - Cloud Infrastructure,E2,Technology & Engineering,4.5,People Leadership,Coaching Others,ordinal_4,3.0
LTM1059,Rhea Lad,Director - Cloud Infrastructure,E2,Technology & Engineering,4.5,Leading Change,Change Sponsorship,ordinal_4,3.0
LTM1059,Rhea Lad,Director - Cloud Infrastructure,E2,Technology & Engineering,4.5,Leading Change,Adaptability,ordinal_4,2.0
LTM1059,Rhea Lad,Director - Cloud Infrastructure,E2,Technology & Engineering,4.5,Leading Change,Resilience,ordinal_4,2.0
LTM1059,Rhea Lad,Director - Cloud Infrastructure,E2,Technology & Engineering,4.5,Stakeholder Engagement,Builds Trust,ordinal_4,3.0
LTM1059,Rhea Lad,Director - Cloud Infrastructure,E2,Technology & Engineering,4.5,Stakeholder Engagement,Customer Focus,ordinal_4,2.0
LTM1059,Rhea Lad,Director - Cloud Infrastructure,E2,Technology & Engineering,4.5,Stakeholder Engagement,Influences Others,ordinal_4,2.0
LTM1059,Rhea Lad,Director - Cloud Infrastructure,E2,Technology & Engineering,4.5,Positivity,Optimism,scale_100,58.0
LTM1059,Rhea Lad,Director - Cloud Infrastructure,E2,Technology & Engineering,4.5,Positivity,Situational Self-Awareness,scale_100,59.0
LTM1059,Rhea Lad,Director - Cloud Infrastructure,E2,Technology & Engineering,4.5,Positivity,Composure,scale_100,57.0
LTM1059,Rhea Lad,Director - Cloud Infrastructure,E2,Technology & Engineering,4.5,Striving,Credibility,scale_100,56.0
LTM1059,Rhea Lad,Director - Cloud Infrastructure,E2,Technology & Engineering,4.5,Striving,Confidence,scale_100,49.0
LTM1059,Rhea Lad,Director - Cloud Infrastructure,E2,Technology & Engineering,4.5,Striving,Need for Achievement,scale_100,60.0
LTM1059,Rhea Lad,Director - Cloud Infrastructure,E2,Technology & Engineering,4.5,Striving,Persistence,scale_100,52.0
LTM1059,Rhea Lad,Director - Cloud Infrastructure,E2,Technology & Engineering,4.5,Agreeableness,Affiliation,scale_100,47.0
LTM1059,Rhea Lad,Director - Cloud Infrastructure,E2,Technology & Engineering,4.5,Agreeableness,Humility,scale_100,49.0
LTM1059,Rhea Lad,Director - Cloud Infrastructure,E2,Technology & Engineering,4.5,Agreeableness,Trust,scale_100,72.0
LTM1059,Rhea Lad,Director - Cloud Infrastructure,E2,Technology & Engineering,4.5,Agreeableness,Openness to Differences,scale_100,35.0
LTM1059,Rhea Lad,Director - Cloud Infrastructure,E2,Technology & Engineering,4.5,Agility,Focus,scale_100,63.0
LTM1059,Rhea Lad,Director - Cloud Infrastructure,E2,Technology & Engineering,4.5,Agility,Curiosity,scale_100,41.0
LTM1059,Rhea Lad,Director - Cloud Infrastructure,E2,Technology & Engineering,4.5,Agility,Adaptability,scale_100,57.0
LTM1059,Rhea Lad,Director - Cloud Infrastructure,E2,Technology & Engineering,4.5,Agility,Risk Taking,scale_100,54.0
LTM1059,Rhea Lad,Director - Cloud Infrastructure,E2,Technology & Engineering,4.5,Agility,Tolerance of Ambiguity,scale_100,37.0
LTM1059,Rhea Lad,Director - Cloud Infrastructure,E2,Technology & Engineering,4.5,Presence,Empathy,scale_100,56.0
LTM1059,Rhea Lad,Director - Cloud Infrastructure,E2,Technology & Engineering,4.5,Presence,Assertiveness,scale_100,48.0
LTM1059,Rhea Lad,Director - Cloud Infrastructure,E2,Technology & Engineering,4.5,Presence,Sociability,scale_100,31.0
LTM1059,Rhea Lad,Director - Cloud Infrastructure,E2,Technology & Engineering,4.5,Presence,Influence,scale_100,61.0
LTM1059,Rhea Lad,Director - Cloud Infrastructure,E2,Technology & Engineering,4.5,Learning Agility,Mental Agility,scale_10,7.6
LTM1059,Rhea Lad,Director - Cloud Infrastructure,E2,Technology & Engineering,4.5,Learning Agility,People Agility,scale_10,7.7
LTM1059,Rhea Lad,Director - Cloud Infrastructure,E2,Technology & Engineering,4.5,Learning Agility,Change Agility,scale_10,6.8
LTM1059,Rhea Lad,Director - Cloud Infrastructure,E2,Technology & Engineering,4.5,Learning Agility,Results Agility,scale_10,6.5
LTM1059,Rhea Lad,Director - Cloud Infrastructure,E2,Technology & Engineering,4.5,Learning Agility,Situational Self-Awareness,scale_10,7.5
LTM1059,Rhea Lad,Director - Cloud Infrastructure,E2,Technology & Engineering,4.5,Drivers,Balance,drivers_60,43.0
LTM1059,Rhea Lad,Director - Cloud Infrastructure,E2,Technology & Engineering,4.5,Drivers,Collaboration,drivers_60,39.0
LTM1059,Rhea Lad,Director - Cloud Infrastructure,E2,Technology & Engineering,4.5,Drivers,Power,drivers_60,25.0
LTM1059,Rhea Lad,Director - Cloud Infrastructure,E2,Technology & Engineering,4.5,Drivers,Challenge,drivers_60,33.0
LTM1059,Rhea Lad,Director - Cloud Infrastructure,E2,Technology & Engineering,4.5,Drivers,Structure,drivers_60,35.0
LTM1059,Rhea Lad,Director - Cloud Infrastructure,E2,Technology & Engineering,4.5,Drivers,Independence,drivers_60,19.0
LTM1059,Rhea Lad,Director - Cloud Infrastructure,E2,Technology & Engineering,4.5,Risk Factor,Avoidant,risk_10,4.1
LTM1059,Rhea Lad,Director - Cloud Infrastructure,E2,Technology & Engineering,4.5,Risk Factor,Closed,risk_10,5.7
LTM1059,Rhea Lad,Director - Cloud Infrastructure,E2,Technology & Engineering,4.5,Risk Factor,Defensive,risk_10,4.3
LTM1059,Rhea Lad,Director - Cloud Infrastructure,E2,Technology & Engineering,4.5,Risk Factor,Egotistic,risk_10,5.0
LTM1059,Rhea Lad,Director - Cloud Infrastructure,E2,Technology & Engineering,4.5,Risk Factor,Micro Managing,risk_10,3.9
LTM1059,Rhea Lad,Director - Cloud Infrastructure,E2,Technology & Engineering,4.5,Risk Factor,Opportunistic,risk_10,3.6
LTM1059,Rhea Lad,Director - Cloud Infrastructure,E2,Technology & Engineering,4.5,Risk Factor,Restrained,risk_10,4.0
LTM1059,Rhea Lad,Director - Cloud Infrastructure,E2,Technology & Engineering,4.5,Risk Factor,Social Pleaser,risk_10,3.0
LTM1059,Rhea Lad,Director - Cloud Infrastructure,E2,Technology & Engineering,4.5,Risk Factor,Solitary,risk_10,2.8
LTM1059,Rhea Lad,Director - Cloud Infrastructure,E2,Technology & Engineering,4.5,Risk Factor,Suspicious,risk_10,4.8
LTM1059,Rhea Lad,Director - Cloud Infrastructure,E2,Technology & Engineering,4.5,Risk Factor,Volatile,risk_10,4.9
LTM1043,Kiaan Karpe,Vice President - Operations,E1,Operations,4.7,Strategic Thinking,Strategic Vision,ordinal_4,2.0
LTM1043,Kiaan Karpe,Vice President - Operations,E1,Operations,4.7,Strategic Thinking,Business Acumen,ordinal_4,3.0
LTM1043,Kiaan Karpe,Vice President - Operations,E1,Operations,4.7,Strategic Thinking,Market and External Awareness,ordinal_4,3.0
LTM1043,Kiaan Karpe,Vice President - Operations,E1,Operations,4.7,Operational Excellence,Drive for Results,ordinal_4,3.0
LTM1043,Kiaan Karpe,Vice President - Operations,E1,Operations,4.7,Operational Excellence,Process Optimization,ordinal_4,3.0
LTM1043,Kiaan Karpe,Vice President - Operations,E1,Operations,4.7,Operational Excellence,Quality Focus,ordinal_4,4.0
LTM1043,Kiaan Karpe,Vice President - Operations,E1,Operations,4.7,Decision Effectiveness,Analytical Thinking,ordinal_4,3.0
LTM1043,Kiaan Karpe,Vice President - Operations,E1,Operations,4.7,Decision Effectiveness,Sound Judgment,ordinal_4,4.0
LTM1043,Kiaan Karpe,Vice President - Operations,E1,Operations,4.7,Decision Effectiveness,Decisiveness Under Uncertainty,ordinal_4,3.0
LTM1043,Kiaan Karpe,Vice President - Operations,E1,Operations,4.7,People Leadership,Develops Talent,ordinal_4,3.0
LTM1043,Kiaan Karpe,Vice President - Operations,E1,Operations,4.7,People Leadership,Builds Effective Teams,ordinal_4,2.0
LTM1043,Kiaan Karpe,Vice President - Operations,E1,Operations,4.7,People Leadership,Coaching Others,ordinal_4,3.0
LTM1043,Kiaan Karpe,Vice President - Operations,E1,Operations,4.7,Leading Change,Change Sponsorship,ordinal_4,3.0
LTM1043,Kiaan Karpe,Vice President - Operations,E1,Operations,4.7,Leading Change,Adaptability,ordinal_4,3.0
LTM1043,Kiaan Karpe,Vice President - Operations,E1,Operations,4.7,Leading Change,Resilience,ordinal_4,2.0
LTM1043,Kiaan Karpe,Vice President - Operations,E1,Operations,4.7,Stakeholder Engagement,Builds Trust,ordinal_4,2.0
LTM1043,Kiaan Karpe,Vice President - Operations,E1,Operations,4.7,Stakeholder Engagement,Customer Focus,ordinal_4,3.0
LTM1043,Kiaan Karpe,Vice President - Operations,E1,Operations,4.7,Stakeholder Engagement,Influences Others,ordinal_4,3.0
LTM1043,Kiaan Karpe,Vice President - Operations,E1,Operations,4.7,Positivity,Optimism,scale_100,37.0
LTM1043,Kiaan Karpe,Vice President - Operations,E1,Operations,4.7,Positivity,Situational Self-Awareness,scale_100,66.0
LTM1043,Kiaan Karpe,Vice President - Operations,E1,Operations,4.7,Positivity,Composure,scale_100,51.0
LTM1043,Kiaan Karpe,Vice President - Operations,E1,Operations,4.7,Striving,Credibility,scale_100,70.0
LTM1043,Kiaan Karpe,Vice President - Operations,E1,Operations,4.7,Striving,Confidence,scale_100,55.0
LTM1043,Kiaan Karpe,Vice President - Operations,E1,Operations,4.7,Striving,Need for Achievement,scale_100,58.0
LTM1043,Kiaan Karpe,Vice President - Operations,E1,Operations,4.7,Striving,Persistence,scale_100,68.0
LTM1043,Kiaan Karpe,Vice President - Operations,E1,Operations,4.7,Agreeableness,Affiliation,scale_100,47.0
LTM1043,Kiaan Karpe,Vice President - Operations,E1,Operations,4.7,Agreeableness,Humility,scale_100,46.0
LTM1043,Kiaan Karpe,Vice President - Operations,E1,Operations,4.7,Agreeableness,Trust,scale_100,54.0
LTM1043,Kiaan Karpe,Vice President - Operations,E1,Operations,4.7,Agreeableness,Openness to Differences,scale_100,64.0
LTM1043,Kiaan Karpe,Vice President - Operations,E1,Operations,4.7,Agility,Focus,scale_100,43.0
LTM1043,Kiaan Karpe,Vice President - Operations,E1,Operations,4.7,Agility,Curiosity,scale_100,39.0
LTM1043,Kiaan Karpe,Vice President - Operations,E1,Operations,4.7,Agility,Adaptability,scale_100,64.0
LTM1043,Kiaan Karpe,Vice President - Operations,E1,Operations,4.7,Agility,Risk Taking,scale_100,50.0
LTM1043,Kiaan Karpe,Vice President - Operations,E1,Operations,4.7,Agility,Tolerance of Ambiguity,scale_100,52.0
LTM1043,Kiaan Karpe,Vice President - Operations,E1,Operations,4.7,Presence,Empathy,scale_100,38.0
LTM1043,Kiaan Karpe,Vice President - Operations,E1,Operations,4.7,Presence,Assertiveness,scale_100,49.0
LTM1043,Kiaan Karpe,Vice President - Operations,E1,Operations,4.7,Presence,Sociability,scale_100,56.0
LTM1043,Kiaan Karpe,Vice President - Operations,E1,Operations,4.7,Presence,Influence,scale_100,65.0
LTM1043,Kiaan Karpe,Vice President - Operations,E1,Operations,4.7,Learning Agility,Mental Agility,scale_10,5.8
LTM1043,Kiaan Karpe,Vice President - Operations,E1,Operations,4.7,Learning Agility,People Agility,scale_10,7.7
LTM1043,Kiaan Karpe,Vice President - Operations,E1,Operations,4.7,Learning Agility,Change Agility,scale_10,5.8
LTM1043,Kiaan Karpe,Vice President - Operations,E1,Operations,4.7,Learning Agility,Results Agility,scale_10,5.8
LTM1043,Kiaan Karpe,Vice President - Operations,E1,Operations,4.7,Learning Agility,Situational Self-Awareness,scale_10,7.6
LTM1043,Kiaan Karpe,Vice President - Operations,E1,Operations,4.7,Drivers,Balance,drivers_60,42.0
LTM1043,Kiaan Karpe,Vice President - Operations,E1,Operations,4.7,Drivers,Collaboration,drivers_60,36.0
LTM1043,Kiaan Karpe,Vice President - Operations,E1,Operations,4.7,Drivers,Power,drivers_60,39.0
LTM1043,Kiaan Karpe,Vice President - Operations,E1,Operations,4.7,Drivers,Challenge,drivers_60,50.0
LTM1043,Kiaan Karpe,Vice President - Operations,E1,Operations,4.7,Drivers,Structure,drivers_60,50.0
LTM1043,Kiaan Karpe,Vice President - Operations,E1,Operations,4.7,Drivers,Independence,drivers_60,34.0
LTM1043,Kiaan Karpe,Vice President - Operations,E1,Operations,4.7,Risk Factor,Avoidant,risk_10,2.9
LTM1043,Kiaan Karpe,Vice President - Operations,E1,Operations,4.7,Risk Factor,Closed,risk_10,3.1
LTM1043,Kiaan Karpe,Vice President - Operations,E1,Operations,4.7,Risk Factor,Defensive,risk_10,2.1
LTM1043,Kiaan Karpe,Vice President - Operations,E1,Operations,4.7,Risk Factor,Egotistic,risk_10,2.9
LTM1043,Kiaan Karpe,Vice President - Operations,E1,Operations,4.7,Risk Factor,Micro Managing,risk_10,3.0
LTM1043,Kiaan Karpe,Vice President - Operations,E1,Operations,4.7,Risk Factor,Opportunistic,risk_10,4.0
LTM1043,Kiaan Karpe,Vice President - Operations,E1,Operations,4.7,Risk Factor,Restrained,risk_10,4.1
LTM1043,Kiaan Karpe,Vice President - Operations,E1,Operations,4.7,Risk Factor,Social Pleaser,risk_10,2.7
LTM1043,Kiaan Karpe,Vice President - Operations,E1,Operations,4.7,Risk Factor,Solitary,risk_10,2.8
LTM1043,Kiaan Karpe,Vice President - Operations,E1,Operations,4.7,Risk Factor,Suspicious,risk_10,3.6
LTM1043,Kiaan Karpe,Vice President - Operations,E1,Operations,4.7,Risk Factor,Volatile,risk_10,2.5
LTM1019,Taimur Sahni,Director - Enterprise Applications,E2,Technology & Engineering,4.7,Strategic Thinking,Strategic Vision,ordinal_4,3.0
LTM1019,Taimur Sahni,Director - Enterprise Applications,E2,Technology & Engineering,4.7,Strategic Thinking,Business Acumen,ordinal_4,3.0
LTM1019,Taimur Sahni,Director - Enterprise Applications,E2,Technology & Engineering,4.7,Strategic Thinking,Market and External Awareness,ordinal_4,3.0
LTM1019,Taimur Sahni,Director - Enterprise Applications,E2,Technology & Engineering,4.7,Operational Excellence,Drive for Results,ordinal_4,3.0
LTM1019,Taimur Sahni,Director - Enterprise Applications,E2,Technology & Engineering,4.7,Operational Excellence,Process Optimization,ordinal_4,4.0
LTM1019,Taimur Sahni,Director - Enterprise Applications,E2,Technology & Engineering,4.7,Operational Excellence,Quality Focus,ordinal_4,3.0
LTM1019,Taimur Sahni,Director - Enterprise Applications,E2,Technology & Engineering,4.7,Decision Effectiveness,Analytical Thinking,ordinal_4,3.0
LTM1019,Taimur Sahni,Director - Enterprise Applications,E2,Technology & Engineering,4.7,Decision Effectiveness,Sound Judgment,ordinal_4,3.0
LTM1019,Taimur Sahni,Director - Enterprise Applications,E2,Technology & Engineering,4.7,Decision Effectiveness,Decisiveness Under Uncertainty,ordinal_4,3.0
LTM1019,Taimur Sahni,Director - Enterprise Applications,E2,Technology & Engineering,4.7,People Leadership,Develops Talent,ordinal_4,4.0
LTM1019,Taimur Sahni,Director - Enterprise Applications,E2,Technology & Engineering,4.7,People Leadership,Builds Effective Teams,ordinal_4,3.0
LTM1019,Taimur Sahni,Director - Enterprise Applications,E2,Technology & Engineering,4.7,People Leadership,Coaching Others,ordinal_4,2.0
LTM1019,Taimur Sahni,Director - Enterprise Applications,E2,Technology & Engineering,4.7,Leading Change,Change Sponsorship,ordinal_4,3.0
LTM1019,Taimur Sahni,Director - Enterprise Applications,E2,Technology & Engineering,4.7,Leading Change,Adaptability,ordinal_4,3.0
LTM1019,Taimur Sahni,Director - Enterprise Applications,E2,Technology & Engineering,4.7,Leading Change,Resilience,ordinal_4,3.0
LTM1019,Taimur Sahni,Director - Enterprise Applications,E2,Technology & Engineering,4.7,Stakeholder Engagement,Builds Trust,ordinal_4,3.0
LTM1019,Taimur Sahni,Director - Enterprise Applications,E2,Technology & Engineering,4.7,Stakeholder Engagement,Customer Focus,ordinal_4,3.0
LTM1019,Taimur Sahni,Director - Enterprise Applications,E2,Technology & Engineering,4.7,Stakeholder Engagement,Influences Others,ordinal_4,3.0
LTM1019,Taimur Sahni,Director - Enterprise Applications,E2,Technology & Engineering,4.7,Positivity,Optimism,scale_100,56.0
LTM1019,Taimur Sahni,Director - Enterprise Applications,E2,Technology & Engineering,4.7,Positivity,Situational Self-Awareness,scale_100,62.0
LTM1019,Taimur Sahni,Director - Enterprise Applications,E2,Technology & Engineering,4.7,Positivity,Composure,scale_100,48.0
LTM1019,Taimur Sahni,Director - Enterprise Applications,E2,Technology & Engineering,4.7,Striving,Credibility,scale_100,51.0
LTM1019,Taimur Sahni,Director - Enterprise Applications,E2,Technology & Engineering,4.7,Striving,Confidence,scale_100,54.0
LTM1019,Taimur Sahni,Director - Enterprise Applications,E2,Technology & Engineering,4.7,Striving,Need for Achievement,scale_100,43.0
LTM1019,Taimur Sahni,Director - Enterprise Applications,E2,Technology & Engineering,4.7,Striving,Persistence,scale_100,54.0
LTM1019,Taimur Sahni,Director - Enterprise Applications,E2,Technology & Engineering,4.7,Agreeableness,Affiliation,scale_100,59.0
LTM1019,Taimur Sahni,Director - Enterprise Applications,E2,Technology & Engineering,4.7,Agreeableness,Humility,scale_100,54.0
LTM1019,Taimur Sahni,Director - Enterprise Applications,E2,Technology & Engineering,4.7,Agreeableness,Trust,scale_100,55.0
LTM1019,Taimur Sahni,Director - Enterprise Applications,E2,Technology & Engineering,4.7,Agreeableness,Openness to Differences,scale_100,58.0
LTM1019,Taimur Sahni,Director - Enterprise Applications,E2,Technology & Engineering,4.7,Agility,Focus,scale_100,57.0
LTM1019,Taimur Sahni,Director - Enterprise Applications,E2,Technology & Engineering,4.7,Agility,Curiosity,scale_100,71.0
LTM1019,Taimur Sahni,Director - Enterprise Applications,E2,Technology & Engineering,4.7,Agility,Adaptability,scale_100,78.0
LTM1019,Taimur Sahni,Director - Enterprise Applications,E2,Technology & Engineering,4.7,Agility,Risk Taking,scale_100,59.0
LTM1019,Taimur Sahni,Director - Enterprise Applications,E2,Technology & Engineering,4.7,Agility,Tolerance of Ambiguity,scale_100,69.0
LTM1019,Taimur Sahni,Director - Enterprise Applications,E2,Technology & Engineering,4.7,Presence,Empathy,scale_100,55.0
LTM1019,Taimur Sahni,Director - Enterprise Applications,E2,Technology & Engineering,4.7,Presence,Assertiveness,scale_100,61.0
LTM1019,Taimur Sahni,Director - Enterprise Applications,E2,Technology & Engineering,4.7,Presence,Sociability,scale_100,73.0
LTM1019,Taimur Sahni,Director - Enterprise Applications,E2,Technology & Engineering,4.7,Presence,Influence,scale_100,63.0
LTM1019,Taimur Sahni,Director - Enterprise Applications,E2,Technology & Engineering,4.7,Learning Agility,Mental Agility,scale_10,5.8
LTM1019,Taimur Sahni,Director - Enterprise Applications,E2,Technology & Engineering,4.7,Learning Agility,People Agility,scale_10,7.6
LTM1019,Taimur Sahni,Director - Enterprise Applications,E2,Technology & Engineering,4.7,Learning Agility,Change Agility,scale_10,8.2
LTM1019,Taimur Sahni,Director - Enterprise Applications,E2,Technology & Engineering,4.7,Learning Agility,Results Agility,scale_10,7.0
LTM1019,Taimur Sahni,Director - Enterprise Applications,E2,Technology & Engineering,4.7,Learning Agility,Situational Self-Awareness,scale_10,8.0
LTM1019,Taimur Sahni,Director - Enterprise Applications,E2,Technology & Engineering,4.7,Drivers,Balance,drivers_60,32.0
LTM1019,Taimur Sahni,Director - Enterprise Applications,E2,Technology & Engineering,4.7,Drivers,Collaboration,drivers_60,26.0
LTM1019,Taimur Sahni,Director - Enterprise Applications,E2,Technology & Engineering,4.7,Drivers,Power,drivers_60,37.0
LTM1019,Taimur Sahni,Director - Enterprise Applications,E2,Technology & Engineering,4.7,Drivers,Challenge,drivers_60,24.0
LTM1019,Taimur Sahni,Director - Enterprise Applications,E2,Technology & Engineering,4.7,Drivers,Structure,drivers_60,35.0
LTM1019,Taimur Sahni,Director - Enterprise Applications,E2,Technology & Engineering,4.7,Drivers,Independence,drivers_60,46.0
LTM1019,Taimur Sahni,Director - Enterprise Applications,E2,Technology & Engineering,4.7,Risk Factor,Avoidant,risk_10,1.1
LTM1019,Taimur Sahni,Director - Enterprise Applications,E2,Technology & Engineering,4.7,Risk Factor,Closed,risk_10,1.7
LTM1019,Taimur Sahni,Director - Enterprise Applications,E2,Technology & Engineering,4.7,Risk Factor,Defensive,risk_10,1.9
LTM1019,Taimur Sahni,Director - Enterprise Applications,E2,Technology & Engineering,4.7,Risk Factor,Egotistic,risk_10,2.8
LTM1019,Taimur Sahni,Director - Enterprise Applications,E2,Technology & Engineering,4.7,Risk Factor,Micro Managing,risk_10,2.5
LTM1019,Taimur Sahni,Director - Enterprise Applications,E2,Technology & Engineering,4.7,Risk Factor,Opportunistic,risk_10,4.1
LTM1019,Taimur Sahni,Director - Enterprise Applications,E2,Technology & Engineering,4.7,Risk Factor,Restrained,risk_10,3.7
LTM1019,Taimur Sahni,Director - Enterprise Applications,E2,Technology & Engineering,4.7,Risk Factor,Social Pleaser,risk_10,3.3
LTM1019,Taimur Sahni,Director - Enterprise Applications,E2,Technology & Engineering,4.7,Risk Factor,Solitary,risk_10,2.9
LTM1019,Taimur Sahni,Director - Enterprise Applications,E2,Technology & Engineering,4.7,Risk Factor,Suspicious,risk_10,3.2
LTM1019,Taimur Sahni,Director - Enterprise Applications,E2,Technology & Engineering,4.7,Risk Factor,Volatile,risk_10,2.0
LTM1045,Drishya Deol,Senior Director - AI & Data,E2,Technology & Engineering,5.0,Strategic Thinking,Strategic Vision,ordinal_4,4.0
LTM1045,Drishya Deol,Senior Director - AI & Data,E2,Technology & Engineering,5.0,Strategic Thinking,Business Acumen,ordinal_4,3.0
LTM1045,Drishya Deol,Senior Director - AI & Data,E2,Technology & Engineering,5.0,Strategic Thinking,Market and External Awareness,ordinal_4,4.0
LTM1045,Drishya Deol,Senior Director - AI & Data,E2,Technology & Engineering,5.0,Operational Excellence,Drive for Results,ordinal_4,4.0
LTM1045,Drishya Deol,Senior Director - AI & Data,E2,Technology & Engineering,5.0,Operational Excellence,Process Optimization,ordinal_4,4.0
LTM1045,Drishya Deol,Senior Director - AI & Data,E2,Technology & Engineering,5.0,Operational Excellence,Quality Focus,ordinal_4,4.0
LTM1045,Drishya Deol,Senior Director - AI & Data,E2,Technology & Engineering,5.0,Decision Effectiveness,Analytical Thinking,ordinal_4,4.0
LTM1045,Drishya Deol,Senior Director - AI & Data,E2,Technology & Engineering,5.0,Decision Effectiveness,Sound Judgment,ordinal_4,3.0
LTM1045,Drishya Deol,Senior Director - AI & Data,E2,Technology & Engineering,5.0,Decision Effectiveness,Decisiveness Under Uncertainty,ordinal_4,4.0
LTM1045,Drishya Deol,Senior Director - AI & Data,E2,Technology & Engineering,5.0,People Leadership,Develops Talent,ordinal_4,4.0
LTM1045,Drishya Deol,Senior Director - AI & Data,E2,Technology & Engineering,5.0,People Leadership,Builds Effective Teams,ordinal_4,4.0
LTM1045,Drishya Deol,Senior Director - AI & Data,E2,Technology & Engineering,5.0,People Leadership,Coaching Others,ordinal_4,4.0
LTM1045,Drishya Deol,Senior Director - AI & Data,E2,Technology & Engineering,5.0,Leading Change,Change Sponsorship,ordinal_4,4.0
LTM1045,Drishya Deol,Senior Director - AI & Data,E2,Technology & Engineering,5.0,Leading Change,Adaptability,ordinal_4,3.0
LTM1045,Drishya Deol,Senior Director - AI & Data,E2,Technology & Engineering,5.0,Leading Change,Resilience,ordinal_4,4.0
LTM1045,Drishya Deol,Senior Director - AI & Data,E2,Technology & Engineering,5.0,Stakeholder Engagement,Builds Trust,ordinal_4,4.0
LTM1045,Drishya Deol,Senior Director - AI & Data,E2,Technology & Engineering,5.0,Stakeholder Engagement,Customer Focus,ordinal_4,4.0
LTM1045,Drishya Deol,Senior Director - AI & Data,E2,Technology & Engineering,5.0,Stakeholder Engagement,Influences Others,ordinal_4,4.0
LTM1045,Drishya Deol,Senior Director - AI & Data,E2,Technology & Engineering,5.0,Positivity,Optimism,scale_100,76.0
LTM1045,Drishya Deol,Senior Director - AI & Data,E2,Technology & Engineering,5.0,Positivity,Situational Self-Awareness,scale_100,55.0
LTM1045,Drishya Deol,Senior Director - AI & Data,E2,Technology & Engineering,5.0,Positivity,Composure,scale_100,68.0
LTM1045,Drishya Deol,Senior Director - AI & Data,E2,Technology & Engineering,5.0,Striving,Credibility,scale_100,79.0
LTM1045,Drishya Deol,Senior Director - AI & Data,E2,Technology & Engineering,5.0,Striving,Confidence,scale_100,49.0
LTM1045,Drishya Deol,Senior Director - AI & Data,E2,Technology & Engineering,5.0,Striving,Need for Achievement,scale_100,68.0
LTM1045,Drishya Deol,Senior Director - AI & Data,E2,Technology & Engineering,5.0,Striving,Persistence,scale_100,60.0
LTM1045,Drishya Deol,Senior Director - AI & Data,E2,Technology & Engineering,5.0,Agreeableness,Affiliation,scale_100,62.0
LTM1045,Drishya Deol,Senior Director - AI & Data,E2,Technology & Engineering,5.0,Agreeableness,Humility,scale_100,57.0
LTM1045,Drishya Deol,Senior Director - AI & Data,E2,Technology & Engineering,5.0,Agreeableness,Trust,scale_100,64.0
LTM1045,Drishya Deol,Senior Director - AI & Data,E2,Technology & Engineering,5.0,Agreeableness,Openness to Differences,scale_100,84.0
LTM1045,Drishya Deol,Senior Director - AI & Data,E2,Technology & Engineering,5.0,Agility,Focus,scale_100,59.0
LTM1045,Drishya Deol,Senior Director - AI & Data,E2,Technology & Engineering,5.0,Agility,Curiosity,scale_100,60.0
LTM1045,Drishya Deol,Senior Director - AI & Data,E2,Technology & Engineering,5.0,Agility,Adaptability,scale_100,59.0
LTM1045,Drishya Deol,Senior Director - AI & Data,E2,Technology & Engineering,5.0,Agility,Risk Taking,scale_100,89.0
LTM1045,Drishya Deol,Senior Director - AI & Data,E2,Technology & Engineering,5.0,Agility,Tolerance of Ambiguity,scale_100,67.0
LTM1045,Drishya Deol,Senior Director - AI & Data,E2,Technology & Engineering,5.0,Presence,Empathy,scale_100,66.0
LTM1045,Drishya Deol,Senior Director - AI & Data,E2,Technology & Engineering,5.0,Presence,Assertiveness,scale_100,62.0
LTM1045,Drishya Deol,Senior Director - AI & Data,E2,Technology & Engineering,5.0,Presence,Sociability,scale_100,57.0
LTM1045,Drishya Deol,Senior Director - AI & Data,E2,Technology & Engineering,5.0,Presence,Influence,scale_100,64.0
LTM1045,Drishya Deol,Senior Director - AI & Data,E2,Technology & Engineering,5.0,Learning Agility,Mental Agility,scale_10,10.0
LTM1045,Drishya Deol,Senior Director - AI & Data,E2,Technology & Engineering,5.0,Learning Agility,People Agility,scale_10,9.5
LTM1045,Drishya Deol,Senior Director - AI & Data,E2,Technology & Engineering,5.0,Learning Agility,Change Agility,scale_10,7.7
LTM1045,Drishya Deol,Senior Director - AI & Data,E2,Technology & Engineering,5.0,Learning Agility,Results Agility,scale_10,8.9
LTM1045,Drishya Deol,Senior Director - AI & Data,E2,Technology & Engineering,5.0,Learning Agility,Situational Self-Awareness,scale_10,7.7
LTM1045,Drishya Deol,Senior Director - AI & Data,E2,Technology & Engineering,5.0,Drivers,Balance,drivers_60,32.0
LTM1045,Drishya Deol,Senior Director - AI & Data,E2,Technology & Engineering,5.0,Drivers,Collaboration,drivers_60,51.0
LTM1045,Drishya Deol,Senior Director - AI & Data,E2,Technology & Engineering,5.0,Drivers,Power,drivers_60,52.0
LTM1045,Drishya Deol,Senior Director - AI & Data,E2,Technology & Engineering,5.0,Drivers,Challenge,drivers_60,51.0
LTM1045,Drishya Deol,Senior Director - AI & Data,E2,Technology & Engineering,5.0,Drivers,Structure,drivers_60,41.0
LTM1045,Drishya Deol,Senior Director - AI & Data,E2,Technology & Engineering,5.0,Drivers,Independence,drivers_60,43.0
LTM1045,Drishya Deol,Senior Director - AI & Data,E2,Technology & Engineering,5.0,Risk Factor,Avoidant,risk_10,2.2
LTM1045,Drishya Deol,Senior Director - AI & Data,E2,Technology & Engineering,5.0,Risk Factor,Closed,risk_10,1.9
LTM1045,Drishya Deol,Senior Director - AI & Data,E2,Technology & Engineering,5.0,Risk Factor,Defensive,risk_10,1.1
LTM1045,Drishya Deol,Senior Director - AI & Data,E2,Technology & Engineering,5.0,Risk Factor,Egotistic,risk_10,1.0
LTM1045,Drishya Deol,Senior Director - AI & Data,E2,Technology & Engineering,5.0,Risk Factor,Micro Managing,risk_10,1.6
LTM1045,Drishya Deol,Senior Director - AI & Data,E2,Technology & Engineering,5.0,Risk Factor,Opportunistic,risk_10,2.5
LTM1045,Drishya Deol,Senior Director - AI & Data,E2,Technology & Engineering,5.0,Risk Factor,Restrained,risk_10,1.0
LTM1045,Drishya Deol,Senior Director - AI & Data,E2,Technology & Engineering,5.0,Risk Factor,Social Pleaser,risk_10,2.1
LTM1045,Drishya Deol,Senior Director - AI & Data,E2,Technology & Engineering,5.0,Risk Factor,Solitary,risk_10,1.8
LTM1045,Drishya Deol,Senior Director - AI & Data,E2,Technology & Engineering,5.0,Risk Factor,Suspicious,risk_10,2.2
LTM1045,Drishya Deol,Senior Director - AI & Data,E2,Technology & Engineering,5.0,Risk Factor,Volatile,risk_10,2.3
LTM1046,Yuvaan Handa,Senior Director - AI & Data,E2,Technology & Engineering,4.8,Strategic Thinking,Strategic Vision,ordinal_4,3.0
LTM1046,Yuvaan Handa,Senior Director - AI & Data,E2,Technology & Engineering,4.8,Strategic Thinking,Business Acumen,ordinal_4,3.0
LTM1046,Yuvaan Handa,Senior Director - AI & Data,E2,Technology & Engineering,4.8,Strategic Thinking,Market and External Awareness,ordinal_4,3.0
LTM1046,Yuvaan Handa,Senior Director - AI & Data,E2,Technology & Engineering,4.8,Operational Excellence,Drive for Results,ordinal_4,4.0
LTM1046,Yuvaan Handa,Senior Director - AI & Data,E2,Technology & Engineering,4.8,Operational Excellence,Process Optimization,ordinal_4,4.0
LTM1046,Yuvaan Handa,Senior Director - AI & Data,E2,Technology & Engineering,4.8,Operational Excellence,Quality Focus,ordinal_4,4.0
LTM1046,Yuvaan Handa,Senior Director - AI & Data,E2,Technology & Engineering,4.8,Decision Effectiveness,Analytical Thinking,ordinal_4,3.0
LTM1046,Yuvaan Handa,Senior Director - AI & Data,E2,Technology & Engineering,4.8,Decision Effectiveness,Sound Judgment,ordinal_4,4.0
LTM1046,Yuvaan Handa,Senior Director - AI & Data,E2,Technology & Engineering,4.8,Decision Effectiveness,Decisiveness Under Uncertainty,ordinal_4,3.0
LTM1046,Yuvaan Handa,Senior Director - AI & Data,E2,Technology & Engineering,4.8,People Leadership,Develops Talent,ordinal_4,3.0
LTM1046,Yuvaan Handa,Senior Director - AI & Data,E2,Technology & Engineering,4.8,People Leadership,Builds Effective Teams,ordinal_4,4.0
LTM1046,Yuvaan Handa,Senior Director - AI & Data,E2,Technology & Engineering,4.8,People Leadership,Coaching Others,ordinal_4,3.0
LTM1046,Yuvaan Handa,Senior Director - AI & Data,E2,Technology & Engineering,4.8,Leading Change,Change Sponsorship,ordinal_4,3.0
LTM1046,Yuvaan Handa,Senior Director - AI & Data,E2,Technology & Engineering,4.8,Leading Change,Adaptability,ordinal_4,3.0
LTM1046,Yuvaan Handa,Senior Director - AI & Data,E2,Technology & Engineering,4.8,Leading Change,Resilience,ordinal_4,3.0
LTM1046,Yuvaan Handa,Senior Director - AI & Data,E2,Technology & Engineering,4.8,Stakeholder Engagement,Builds Trust,ordinal_4,4.0
LTM1046,Yuvaan Handa,Senior Director - AI & Data,E2,Technology & Engineering,4.8,Stakeholder Engagement,Customer Focus,ordinal_4,3.0
LTM1046,Yuvaan Handa,Senior Director - AI & Data,E2,Technology & Engineering,4.8,Stakeholder Engagement,Influences Others,ordinal_4,3.0
LTM1046,Yuvaan Handa,Senior Director - AI & Data,E2,Technology & Engineering,4.8,Positivity,Optimism,scale_100,65.0
LTM1046,Yuvaan Handa,Senior Director - AI & Data,E2,Technology & Engineering,4.8,Positivity,Situational Self-Awareness,scale_100,50.0
LTM1046,Yuvaan Handa,Senior Director - AI & Data,E2,Technology & Engineering,4.8,Positivity,Composure,scale_100,76.0
LTM1046,Yuvaan Handa,Senior Director - AI & Data,E2,Technology & Engineering,4.8,Striving,Credibility,scale_100,54.0
LTM1046,Yuvaan Handa,Senior Director - AI & Data,E2,Technology & Engineering,4.8,Striving,Confidence,scale_100,66.0
LTM1046,Yuvaan Handa,Senior Director - AI & Data,E2,Technology & Engineering,4.8,Striving,Need for Achievement,scale_100,71.0
LTM1046,Yuvaan Handa,Senior Director - AI & Data,E2,Technology & Engineering,4.8,Striving,Persistence,scale_100,64.0
LTM1046,Yuvaan Handa,Senior Director - AI & Data,E2,Technology & Engineering,4.8,Agreeableness,Affiliation,scale_100,61.0
LTM1046,Yuvaan Handa,Senior Director - AI & Data,E2,Technology & Engineering,4.8,Agreeableness,Humility,scale_100,61.0
LTM1046,Yuvaan Handa,Senior Director - AI & Data,E2,Technology & Engineering,4.8,Agreeableness,Trust,scale_100,60.0
LTM1046,Yuvaan Handa,Senior Director - AI & Data,E2,Technology & Engineering,4.8,Agreeableness,Openness to Differences,scale_100,55.0
LTM1046,Yuvaan Handa,Senior Director - AI & Data,E2,Technology & Engineering,4.8,Agility,Focus,scale_100,62.0
LTM1046,Yuvaan Handa,Senior Director - AI & Data,E2,Technology & Engineering,4.8,Agility,Curiosity,scale_100,81.0
LTM1046,Yuvaan Handa,Senior Director - AI & Data,E2,Technology & Engineering,4.8,Agility,Adaptability,scale_100,65.0
LTM1046,Yuvaan Handa,Senior Director - AI & Data,E2,Technology & Engineering,4.8,Agility,Risk Taking,scale_100,59.0
LTM1046,Yuvaan Handa,Senior Director - AI & Data,E2,Technology & Engineering,4.8,Agility,Tolerance of Ambiguity,scale_100,61.0
LTM1046,Yuvaan Handa,Senior Director - AI & Data,E2,Technology & Engineering,4.8,Presence,Empathy,scale_100,72.0
LTM1046,Yuvaan Handa,Senior Director - AI & Data,E2,Technology & Engineering,4.8,Presence,Assertiveness,scale_100,67.0
LTM1046,Yuvaan Handa,Senior Director - AI & Data,E2,Technology & Engineering,4.8,Presence,Sociability,scale_100,66.0
LTM1046,Yuvaan Handa,Senior Director - AI & Data,E2,Technology & Engineering,4.8,Presence,Influence,scale_100,58.0
LTM1046,Yuvaan Handa,Senior Director - AI & Data,E2,Technology & Engineering,4.8,Learning Agility,Mental Agility,scale_10,8.1
LTM1046,Yuvaan Handa,Senior Director - AI & Data,E2,Technology & Engineering,4.8,Learning Agility,People Agility,scale_10,7.1
LTM1046,Yuvaan Handa,Senior Director - AI & Data,E2,Technology & Engineering,4.8,Learning Agility,Change Agility,scale_10,7.4
LTM1046,Yuvaan Handa,Senior Director - AI & Data,E2,Technology & Engineering,4.8,Learning Agility,Results Agility,scale_10,8.4
LTM1046,Yuvaan Handa,Senior Director - AI & Data,E2,Technology & Engineering,4.8,Learning Agility,Situational Self-Awareness,scale_10,8.3
LTM1046,Yuvaan Handa,Senior Director - AI & Data,E2,Technology & Engineering,4.8,Drivers,Balance,drivers_60,32.0
LTM1046,Yuvaan Handa,Senior Director - AI & Data,E2,Technology & Engineering,4.8,Drivers,Collaboration,drivers_60,33.0
LTM1046,Yuvaan Handa,Senior Director - AI & Data,E2,Technology & Engineering,4.8,Drivers,Power,drivers_60,40.0
LTM1046,Yuvaan Handa,Senior Director - AI & Data,E2,Technology & Engineering,4.8,Drivers,Challenge,drivers_60,51.0
LTM1046,Yuvaan Handa,Senior Director - AI & Data,E2,Technology & Engineering,4.8,Drivers,Structure,drivers_60,26.0
LTM1046,Yuvaan Handa,Senior Director - AI & Data,E2,Technology & Engineering,4.8,Drivers,Independence,drivers_60,41.0
LTM1046,Yuvaan Handa,Senior Director - AI & Data,E2,Technology & Engineering,4.8,Risk Factor,Avoidant,risk_10,1.1
LTM1046,Yuvaan Handa,Senior Director - AI & Data,E2,Technology & Engineering,4.8,Risk Factor,Closed,risk_10,1.8
LTM1046,Yuvaan Handa,Senior Director - AI & Data,E2,Technology & Engineering,4.8,Risk Factor,Defensive,risk_10,2.0
LTM1046,Yuvaan Handa,Senior Director - AI & Data,E2,Technology & Engineering,4.8,Risk Factor,Egotistic,risk_10,2.0
LTM1046,Yuvaan Handa,Senior Director - AI & Data,E2,Technology & Engineering,4.8,Risk Factor,Micro Managing,risk_10,1.9
LTM1046,Yuvaan Handa,Senior Director - AI & Data,E2,Technology & Engineering,4.8,Risk Factor,Opportunistic,risk_10,2.4
LTM1046,Yuvaan Handa,Senior Director - AI & Data,E2,Technology & Engineering,4.8,Risk Factor,Restrained,risk_10,1.9
LTM1046,Yuvaan Handa,Senior Director - AI & Data,E2,Technology & Engineering,4.8,Risk Factor,Social Pleaser,risk_10,1.1
LTM1046,Yuvaan Handa,Senior Director - AI & Data,E2,Technology & Engineering,4.8,Risk Factor,Solitary,risk_10,3.1
LTM1046,Yuvaan Handa,Senior Director - AI & Data,E2,Technology & Engineering,4.8,Risk Factor,Suspicious,risk_10,3.1
LTM1046,Yuvaan Handa,Senior Director - AI & Data,E2,Technology & Engineering,4.8,Risk Factor,Volatile,risk_10,3.1
LTM1061,Ishita Rege,Director - Digital Transformation,E2,Technology & Engineering,4.9,Strategic Thinking,Strategic Vision,ordinal_4,3.0
LTM1061,Ishita Rege,Director - Digital Transformation,E2,Technology & Engineering,4.9,Strategic Thinking,Business Acumen,ordinal_4,4.0
LTM1061,Ishita Rege,Director - Digital Transformation,E2,Technology & Engineering,4.9,Strategic Thinking,Market and External Awareness,ordinal_4,4.0
LTM1061,Ishita Rege,Director - Digital Transformation,E2,Technology & Engineering,4.9,Operational Excellence,Drive for Results,ordinal_4,4.0
LTM1061,Ishita Rege,Director - Digital Transformation,E2,Technology & Engineering,4.9,Operational Excellence,Process Optimization,ordinal_4,4.0
LTM1061,Ishita Rege,Director - Digital Transformation,E2,Technology & Engineering,4.9,Operational Excellence,Quality Focus,ordinal_4,4.0
LTM1061,Ishita Rege,Director - Digital Transformation,E2,Technology & Engineering,4.9,Decision Effectiveness,Analytical Thinking,ordinal_4,4.0
LTM1061,Ishita Rege,Director - Digital Transformation,E2,Technology & Engineering,4.9,Decision Effectiveness,Sound Judgment,ordinal_4,4.0
LTM1061,Ishita Rege,Director - Digital Transformation,E2,Technology & Engineering,4.9,Decision Effectiveness,Decisiveness Under Uncertainty,ordinal_4,3.0
LTM1061,Ishita Rege,Director - Digital Transformation,E2,Technology & Engineering,4.9,People Leadership,Develops Talent,ordinal_4,4.0
LTM1061,Ishita Rege,Director - Digital Transformation,E2,Technology & Engineering,4.9,People Leadership,Builds Effective Teams,ordinal_4,3.0
LTM1061,Ishita Rege,Director - Digital Transformation,E2,Technology & Engineering,4.9,People Leadership,Coaching Others,ordinal_4,4.0
LTM1061,Ishita Rege,Director - Digital Transformation,E2,Technology & Engineering,4.9,Leading Change,Change Sponsorship,ordinal_4,4.0
LTM1061,Ishita Rege,Director - Digital Transformation,E2,Technology & Engineering,4.9,Leading Change,Adaptability,ordinal_4,3.0
LTM1061,Ishita Rege,Director - Digital Transformation,E2,Technology & Engineering,4.9,Leading Change,Resilience,ordinal_4,4.0
LTM1061,Ishita Rege,Director - Digital Transformation,E2,Technology & Engineering,4.9,Stakeholder Engagement,Builds Trust,ordinal_4,3.0
LTM1061,Ishita Rege,Director - Digital Transformation,E2,Technology & Engineering,4.9,Stakeholder Engagement,Customer Focus,ordinal_4,4.0
LTM1061,Ishita Rege,Director - Digital Transformation,E2,Technology & Engineering,4.9,Stakeholder Engagement,Influences Others,ordinal_4,4.0
LTM1061,Ishita Rege,Director - Digital Transformation,E2,Technology & Engineering,4.9,Positivity,Optimism,scale_100,75.0
LTM1061,Ishita Rege,Director - Digital Transformation,E2,Technology & Engineering,4.9,Positivity,Situational Self-Awareness,scale_100,64.0
LTM1061,Ishita Rege,Director - Digital Transformation,E2,Technology & Engineering,4.9,Positivity,Composure,scale_100,62.0
LTM1061,Ishita Rege,Director - Digital Transformation,E2,Technology & Engineering,4.9,Striving,Credibility,scale_100,74.0
LTM1061,Ishita Rege,Director - Digital Transformation,E2,Technology & Engineering,4.9,Striving,Confidence,scale_100,69.0
LTM1061,Ishita Rege,Director - Digital Transformation,E2,Technology & Engineering,4.9,Striving,Need for Achievement,scale_100,71.0
LTM1061,Ishita Rege,Director - Digital Transformation,E2,Technology & Engineering,4.9,Striving,Persistence,scale_100,57.0
LTM1061,Ishita Rege,Director - Digital Transformation,E2,Technology & Engineering,4.9,Agreeableness,Affiliation,scale_100,53.0
LTM1061,Ishita Rege,Director - Digital Transformation,E2,Technology & Engineering,4.9,Agreeableness,Humility,scale_100,58.0
LTM1061,Ishita Rege,Director - Digital Transformation,E2,Technology & Engineering,4.9,Agreeableness,Trust,scale_100,57.0
LTM1061,Ishita Rege,Director - Digital Transformation,E2,Technology & Engineering,4.9,Agreeableness,Openness to Differences,scale_100,71.0
LTM1061,Ishita Rege,Director - Digital Transformation,E2,Technology & Engineering,4.9,Agility,Focus,scale_100,79.0
LTM1061,Ishita Rege,Director - Digital Transformation,E2,Technology & Engineering,4.9,Agility,Curiosity,scale_100,68.0
LTM1061,Ishita Rege,Director - Digital Transformation,E2,Technology & Engineering,4.9,Agility,Adaptability,scale_100,84.0
LTM1061,Ishita Rege,Director - Digital Transformation,E2,Technology & Engineering,4.9,Agility,Risk Taking,scale_100,83.0
LTM1061,Ishita Rege,Director - Digital Transformation,E2,Technology & Engineering,4.9,Agility,Tolerance of Ambiguity,scale_100,72.0
LTM1061,Ishita Rege,Director - Digital Transformation,E2,Technology & Engineering,4.9,Presence,Empathy,scale_100,55.0
LTM1061,Ishita Rege,Director - Digital Transformation,E2,Technology & Engineering,4.9,Presence,Assertiveness,scale_100,79.0
LTM1061,Ishita Rege,Director - Digital Transformation,E2,Technology & Engineering,4.9,Presence,Sociability,scale_100,63.0
LTM1061,Ishita Rege,Director - Digital Transformation,E2,Technology & Engineering,4.9,Presence,Influence,scale_100,65.0
LTM1061,Ishita Rege,Director - Digital Transformation,E2,Technology & Engineering,4.9,Learning Agility,Mental Agility,scale_10,7.7
LTM1061,Ishita Rege,Director - Digital Transformation,E2,Technology & Engineering,4.9,Learning Agility,People Agility,scale_10,7.3
LTM1061,Ishita Rege,Director - Digital Transformation,E2,Technology & Engineering,4.9,Learning Agility,Change Agility,scale_10,6.8
LTM1061,Ishita Rege,Director - Digital Transformation,E2,Technology & Engineering,4.9,Learning Agility,Results Agility,scale_10,8.5
LTM1061,Ishita Rege,Director - Digital Transformation,E2,Technology & Engineering,4.9,Learning Agility,Situational Self-Awareness,scale_10,7.3
LTM1061,Ishita Rege,Director - Digital Transformation,E2,Technology & Engineering,4.9,Drivers,Balance,drivers_60,60.0
LTM1061,Ishita Rege,Director - Digital Transformation,E2,Technology & Engineering,4.9,Drivers,Collaboration,drivers_60,34.0
LTM1061,Ishita Rege,Director - Digital Transformation,E2,Technology & Engineering,4.9,Drivers,Power,drivers_60,33.0
LTM1061,Ishita Rege,Director - Digital Transformation,E2,Technology & Engineering,4.9,Drivers,Challenge,drivers_60,45.0
LTM1061,Ishita Rege,Director - Digital Transformation,E2,Technology & Engineering,4.9,Drivers,Structure,drivers_60,52.0
LTM1061,Ishita Rege,Director - Digital Transformation,E2,Technology & Engineering,4.9,Drivers,Independence,drivers_60,42.0
LTM1061,Ishita Rege,Director - Digital Transformation,E2,Technology & Engineering,4.9,Risk Factor,Avoidant,risk_10,2.5
LTM1061,Ishita Rege,Director - Digital Transformation,E2,Technology & Engineering,4.9,Risk Factor,Closed,risk_10,1.0
LTM1061,Ishita Rege,Director - Digital Transformation,E2,Technology & Engineering,4.9,Risk Factor,Defensive,risk_10,1.3
LTM1061,Ishita Rege,Director - Digital Transformation,E2,Technology & Engineering,4.9,Risk Factor,Egotistic,risk_10,1.0
LTM1061,Ishita Rege,Director - Digital Transformation,E2,Technology & Engineering,4.9,Risk Factor,Micro Managing,risk_10,1.0
LTM1061,Ishita Rege,Director - Digital Transformation,E2,Technology & Engineering,4.9,Risk Factor,Opportunistic,risk_10,2.0
LTM1061,Ishita Rege,Director - Digital Transformation,E2,Technology & Engineering,4.9,Risk Factor,Restrained,risk_10,1.0
LTM1061,Ishita Rege,Director - Digital Transformation,E2,Technology & Engineering,4.9,Risk Factor,Social Pleaser,risk_10,1.0
LTM1061,Ishita Rege,Director - Digital Transformation,E2,Technology & Engineering,4.9,Risk Factor,Solitary,risk_10,1.5
LTM1061,Ishita Rege,Director - Digital Transformation,E2,Technology & Engineering,4.9,Risk Factor,Suspicious,risk_10,1.2
LTM1061,Ishita Rege,Director - Digital Transformation,E2,Technology & Engineering,4.9,Risk Factor,Volatile,risk_10,2.3
LTM1020,Saksham Doctor,AVP - Human Resources,E1,Human Resources,4.8,Strategic Thinking,Strategic Vision,ordinal_4,3.0
LTM1020,Saksham Doctor,AVP - Human Resources,E1,Human Resources,4.8,Strategic Thinking,Business Acumen,ordinal_4,3.0
LTM1020,Saksham Doctor,AVP - Human Resources,E1,Human Resources,4.8,Strategic Thinking,Market and External Awareness,ordinal_4,3.0
LTM1020,Saksham Doctor,AVP - Human Resources,E1,Human Resources,4.8,Operational Excellence,Drive for Results,ordinal_4,3.0
LTM1020,Saksham Doctor,AVP - Human Resources,E1,Human Resources,4.8,Operational Excellence,Process Optimization,ordinal_4,3.0
LTM1020,Saksham Doctor,AVP - Human Resources,E1,Human Resources,4.8,Operational Excellence,Quality Focus,ordinal_4,3.0
LTM1020,Saksham Doctor,AVP - Human Resources,E1,Human Resources,4.8,Decision Effectiveness,Analytical Thinking,ordinal_4,3.0
LTM1020,Saksham Doctor,AVP - Human Resources,E1,Human Resources,4.8,Decision Effectiveness,Sound Judgment,ordinal_4,3.0
LTM1020,Saksham Doctor,AVP - Human Resources,E1,Human Resources,4.8,Decision Effectiveness,Decisiveness Under Uncertainty,ordinal_4,3.0
LTM1020,Saksham Doctor,AVP - Human Resources,E1,Human Resources,4.8,People Leadership,Develops Talent,ordinal_4,3.0
LTM1020,Saksham Doctor,AVP - Human Resources,E1,Human Resources,4.8,People Leadership,Builds Effective Teams,ordinal_4,3.0
LTM1020,Saksham Doctor,AVP - Human Resources,E1,Human Resources,4.8,People Leadership,Coaching Others,ordinal_4,4.0
LTM1020,Saksham Doctor,AVP - Human Resources,E1,Human Resources,4.8,Leading Change,Change Sponsorship,ordinal_4,3.0
LTM1020,Saksham Doctor,AVP - Human Resources,E1,Human Resources,4.8,Leading Change,Adaptability,ordinal_4,3.0
LTM1020,Saksham Doctor,AVP - Human Resources,E1,Human Resources,4.8,Leading Change,Resilience,ordinal_4,3.0
LTM1020,Saksham Doctor,AVP - Human Resources,E1,Human Resources,4.8,Stakeholder Engagement,Builds Trust,ordinal_4,3.0
LTM1020,Saksham Doctor,AVP - Human Resources,E1,Human Resources,4.8,Stakeholder Engagement,Customer Focus,ordinal_4,3.0
LTM1020,Saksham Doctor,AVP - Human Resources,E1,Human Resources,4.8,Stakeholder Engagement,Influences Others,ordinal_4,3.0
LTM1020,Saksham Doctor,AVP - Human Resources,E1,Human Resources,4.8,Positivity,Optimism,scale_100,56.0
LTM1020,Saksham Doctor,AVP - Human Resources,E1,Human Resources,4.8,Positivity,Situational Self-Awareness,scale_100,73.0
LTM1020,Saksham Doctor,AVP - Human Resources,E1,Human Resources,4.8,Positivity,Composure,scale_100,59.0
LTM1020,Saksham Doctor,AVP - Human Resources,E1,Human Resources,4.8,Striving,Credibility,scale_100,45.0
LTM1020,Saksham Doctor,AVP - Human Resources,E1,Human Resources,4.8,Striving,Confidence,scale_100,69.0
LTM1020,Saksham Doctor,AVP - Human Resources,E1,Human Resources,4.8,Striving,Need for Achievement,scale_100,53.0
LTM1020,Saksham Doctor,AVP - Human Resources,E1,Human Resources,4.8,Striving,Persistence,scale_100,55.0
LTM1020,Saksham Doctor,AVP - Human Resources,E1,Human Resources,4.8,Agreeableness,Affiliation,scale_100,65.0
LTM1020,Saksham Doctor,AVP - Human Resources,E1,Human Resources,4.8,Agreeableness,Humility,scale_100,76.0
LTM1020,Saksham Doctor,AVP - Human Resources,E1,Human Resources,4.8,Agreeableness,Trust,scale_100,65.0
LTM1020,Saksham Doctor,AVP - Human Resources,E1,Human Resources,4.8,Agreeableness,Openness to Differences,scale_100,53.0
LTM1020,Saksham Doctor,AVP - Human Resources,E1,Human Resources,4.8,Agility,Focus,scale_100,64.0
LTM1020,Saksham Doctor,AVP - Human Resources,E1,Human Resources,4.8,Agility,Curiosity,scale_100,54.0
LTM1020,Saksham Doctor,AVP - Human Resources,E1,Human Resources,4.8,Agility,Adaptability,scale_100,78.0
LTM1020,Saksham Doctor,AVP - Human Resources,E1,Human Resources,4.8,Agility,Risk Taking,scale_100,59.0
LTM1020,Saksham Doctor,AVP - Human Resources,E1,Human Resources,4.8,Agility,Tolerance of Ambiguity,scale_100,36.0
LTM1020,Saksham Doctor,AVP - Human Resources,E1,Human Resources,4.8,Presence,Empathy,scale_100,62.0
LTM1020,Saksham Doctor,AVP - Human Resources,E1,Human Resources,4.8,Presence,Assertiveness,scale_100,78.0
LTM1020,Saksham Doctor,AVP - Human Resources,E1,Human Resources,4.8,Presence,Sociability,scale_100,75.0
LTM1020,Saksham Doctor,AVP - Human Resources,E1,Human Resources,4.8,Presence,Influence,scale_100,77.0
LTM1020,Saksham Doctor,AVP - Human Resources,E1,Human Resources,4.8,Learning Agility,Mental Agility,scale_10,5.9
LTM1020,Saksham Doctor,AVP - Human Resources,E1,Human Resources,4.8,Learning Agility,People Agility,scale_10,7.5
LTM1020,Saksham Doctor,AVP - Human Resources,E1,Human Resources,4.8,Learning Agility,Change Agility,scale_10,6.2
LTM1020,Saksham Doctor,AVP - Human Resources,E1,Human Resources,4.8,Learning Agility,Results Agility,scale_10,6.9
LTM1020,Saksham Doctor,AVP - Human Resources,E1,Human Resources,4.8,Learning Agility,Situational Self-Awareness,scale_10,5.7
LTM1020,Saksham Doctor,AVP - Human Resources,E1,Human Resources,4.8,Drivers,Balance,drivers_60,33.0
LTM1020,Saksham Doctor,AVP - Human Resources,E1,Human Resources,4.8,Drivers,Collaboration,drivers_60,33.0
LTM1020,Saksham Doctor,AVP - Human Resources,E1,Human Resources,4.8,Drivers,Power,drivers_60,44.0
LTM1020,Saksham Doctor,AVP - Human Resources,E1,Human Resources,4.8,Drivers,Challenge,drivers_60,43.0
LTM1020,Saksham Doctor,AVP - Human Resources,E1,Human Resources,4.8,Drivers,Structure,drivers_60,40.0
LTM1020,Saksham Doctor,AVP - Human Resources,E1,Human Resources,4.8,Drivers,Independence,drivers_60,28.0
LTM1020,Saksham Doctor,AVP - Human Resources,E1,Human Resources,4.8,Risk Factor,Avoidant,risk_10,2.3
LTM1020,Saksham Doctor,AVP - Human Resources,E1,Human Resources,4.8,Risk Factor,Closed,risk_10,1.9
LTM1020,Saksham Doctor,AVP - Human Resources,E1,Human Resources,4.8,Risk Factor,Defensive,risk_10,3.3
LTM1020,Saksham Doctor,AVP - Human Resources,E1,Human Resources,4.8,Risk Factor,Egotistic,risk_10,3.6
LTM1020,Saksham Doctor,AVP - Human Resources,E1,Human Resources,4.8,Risk Factor,Micro Managing,risk_10,3.5
LTM1020,Saksham Doctor,AVP - Human Resources,E1,Human Resources,4.8,Risk Factor,Opportunistic,risk_10,1.9
LTM1020,Saksham Doctor,AVP - Human Resources,E1,Human Resources,4.8,Risk Factor,Restrained,risk_10,1.0
LTM1020,Saksham Doctor,AVP - Human Resources,E1,Human Resources,4.8,Risk Factor,Social Pleaser,risk_10,1.0
LTM1020,Saksham Doctor,AVP - Human Resources,E1,Human Resources,4.8,Risk Factor,Solitary,risk_10,3.8
LTM1020,Saksham Doctor,AVP - Human Resources,E1,Human Resources,4.8,Risk Factor,Suspicious,risk_10,2.2
LTM1020,Saksham Doctor,AVP - Human Resources,E1,Human Resources,4.8,Risk Factor,Volatile,risk_10,1.9
LTM1049,Azad Dhaliwal,Senior Director - Delivery,E2,Operations,4.4,Strategic Thinking,Strategic Vision,ordinal_4,3.0
LTM1049,Azad Dhaliwal,Senior Director - Delivery,E2,Operations,4.4,Strategic Thinking,Business Acumen,ordinal_4,3.0
LTM1049,Azad Dhaliwal,Senior Director - Delivery,E2,Operations,4.4,Strategic Thinking,Market and External Awareness,ordinal_4,2.0
LTM1049,Azad Dhaliwal,Senior Director - Delivery,E2,Operations,4.4,Operational Excellence,Drive for Results,ordinal_4,3.0
LTM1049,Azad Dhaliwal,Senior Director - Delivery,E2,Operations,4.4,Operational Excellence,Process Optimization,ordinal_4,3.0
LTM1049,Azad Dhaliwal,Senior Director - Delivery,E2,Operations,4.4,Operational Excellence,Quality Focus,ordinal_4,3.0
LTM1049,Azad Dhaliwal,Senior Director - Delivery,E2,Operations,4.4,Decision Effectiveness,Analytical Thinking,ordinal_4,3.0
LTM1049,Azad Dhaliwal,Senior Director - Delivery,E2,Operations,4.4,Decision Effectiveness,Sound Judgment,ordinal_4,3.0
LTM1049,Azad Dhaliwal,Senior Director - Delivery,E2,Operations,4.4,Decision Effectiveness,Decisiveness Under Uncertainty,ordinal_4,3.0
LTM1049,Azad Dhaliwal,Senior Director - Delivery,E2,Operations,4.4,People Leadership,Develops Talent,ordinal_4,3.0
LTM1049,Azad Dhaliwal,Senior Director - Delivery,E2,Operations,4.4,People Leadership,Builds Effective Teams,ordinal_4,2.0
LTM1049,Azad Dhaliwal,Senior Director - Delivery,E2,Operations,4.4,People Leadership,Coaching Others,ordinal_4,2.0
LTM1049,Azad Dhaliwal,Senior Director - Delivery,E2,Operations,4.4,Leading Change,Change Sponsorship,ordinal_4,2.0
LTM1049,Azad Dhaliwal,Senior Director - Delivery,E2,Operations,4.4,Leading Change,Adaptability,ordinal_4,1.0
LTM1049,Azad Dhaliwal,Senior Director - Delivery,E2,Operations,4.4,Leading Change,Resilience,ordinal_4,2.0
LTM1049,Azad Dhaliwal,Senior Director - Delivery,E2,Operations,4.4,Stakeholder Engagement,Builds Trust,ordinal_4,2.0
LTM1049,Azad Dhaliwal,Senior Director - Delivery,E2,Operations,4.4,Stakeholder Engagement,Customer Focus,ordinal_4,2.0
LTM1049,Azad Dhaliwal,Senior Director - Delivery,E2,Operations,4.4,Stakeholder Engagement,Influences Others,ordinal_4,2.0
LTM1049,Azad Dhaliwal,Senior Director - Delivery,E2,Operations,4.4,Positivity,Optimism,scale_100,51.0
LTM1049,Azad Dhaliwal,Senior Director - Delivery,E2,Operations,4.4,Positivity,Situational Self-Awareness,scale_100,69.0
LTM1049,Azad Dhaliwal,Senior Director - Delivery,E2,Operations,4.4,Positivity,Composure,scale_100,37.0
LTM1049,Azad Dhaliwal,Senior Director - Delivery,E2,Operations,4.4,Striving,Credibility,scale_100,49.0
LTM1049,Azad Dhaliwal,Senior Director - Delivery,E2,Operations,4.4,Striving,Confidence,scale_100,53.0
LTM1049,Azad Dhaliwal,Senior Director - Delivery,E2,Operations,4.4,Striving,Need for Achievement,scale_100,42.0
LTM1049,Azad Dhaliwal,Senior Director - Delivery,E2,Operations,4.4,Striving,Persistence,scale_100,50.0
LTM1049,Azad Dhaliwal,Senior Director - Delivery,E2,Operations,4.4,Agreeableness,Affiliation,scale_100,34.0
LTM1049,Azad Dhaliwal,Senior Director - Delivery,E2,Operations,4.4,Agreeableness,Humility,scale_100,64.0
LTM1049,Azad Dhaliwal,Senior Director - Delivery,E2,Operations,4.4,Agreeableness,Trust,scale_100,43.0
LTM1049,Azad Dhaliwal,Senior Director - Delivery,E2,Operations,4.4,Agreeableness,Openness to Differences,scale_100,70.0
LTM1049,Azad Dhaliwal,Senior Director - Delivery,E2,Operations,4.4,Agility,Focus,scale_100,49.0
LTM1049,Azad Dhaliwal,Senior Director - Delivery,E2,Operations,4.4,Agility,Curiosity,scale_100,60.0
LTM1049,Azad Dhaliwal,Senior Director - Delivery,E2,Operations,4.4,Agility,Adaptability,scale_100,49.0
LTM1049,Azad Dhaliwal,Senior Director - Delivery,E2,Operations,4.4,Agility,Risk Taking,scale_100,49.0
LTM1049,Azad Dhaliwal,Senior Director - Delivery,E2,Operations,4.4,Agility,Tolerance of Ambiguity,scale_100,44.0
LTM1049,Azad Dhaliwal,Senior Director - Delivery,E2,Operations,4.4,Presence,Empathy,scale_100,51.0
LTM1049,Azad Dhaliwal,Senior Director - Delivery,E2,Operations,4.4,Presence,Assertiveness,scale_100,53.0
LTM1049,Azad Dhaliwal,Senior Director - Delivery,E2,Operations,4.4,Presence,Sociability,scale_100,42.0
LTM1049,Azad Dhaliwal,Senior Director - Delivery,E2,Operations,4.4,Presence,Influence,scale_100,48.0
LTM1049,Azad Dhaliwal,Senior Director - Delivery,E2,Operations,4.4,Learning Agility,Mental Agility,scale_10,5.0
LTM1049,Azad Dhaliwal,Senior Director - Delivery,E2,Operations,4.4,Learning Agility,People Agility,scale_10,7.3
LTM1049,Azad Dhaliwal,Senior Director - Delivery,E2,Operations,4.4,Learning Agility,Change Agility,scale_10,5.4
LTM1049,Azad Dhaliwal,Senior Director - Delivery,E2,Operations,4.4,Learning Agility,Results Agility,scale_10,6.7
LTM1049,Azad Dhaliwal,Senior Director - Delivery,E2,Operations,4.4,Learning Agility,Situational Self-Awareness,scale_10,5.3
LTM1049,Azad Dhaliwal,Senior Director - Delivery,E2,Operations,4.4,Drivers,Balance,drivers_60,36.0
LTM1049,Azad Dhaliwal,Senior Director - Delivery,E2,Operations,4.4,Drivers,Collaboration,drivers_60,25.0
LTM1049,Azad Dhaliwal,Senior Director - Delivery,E2,Operations,4.4,Drivers,Power,drivers_60,31.0
LTM1049,Azad Dhaliwal,Senior Director - Delivery,E2,Operations,4.4,Drivers,Challenge,drivers_60,35.0
LTM1049,Azad Dhaliwal,Senior Director - Delivery,E2,Operations,4.4,Drivers,Structure,drivers_60,45.0
LTM1049,Azad Dhaliwal,Senior Director - Delivery,E2,Operations,4.4,Drivers,Independence,drivers_60,36.0
LTM1049,Azad Dhaliwal,Senior Director - Delivery,E2,Operations,4.4,Risk Factor,Avoidant,risk_10,5.4
LTM1049,Azad Dhaliwal,Senior Director - Delivery,E2,Operations,4.4,Risk Factor,Closed,risk_10,4.7
LTM1049,Azad Dhaliwal,Senior Director - Delivery,E2,Operations,4.4,Risk Factor,Defensive,risk_10,5.6
LTM1049,Azad Dhaliwal,Senior Director - Delivery,E2,Operations,4.4,Risk Factor,Egotistic,risk_10,4.1
LTM1049,Azad Dhaliwal,Senior Director - Delivery,E2,Operations,4.4,Risk Factor,Micro Managing,risk_10,6.3
LTM1049,Azad Dhaliwal,Senior Director - Delivery,E2,Operations,4.4,Risk Factor,Opportunistic,risk_10,3.7
LTM1049,Azad Dhaliwal,Senior Director - Delivery,E2,Operations,4.4,Risk Factor,Restrained,risk_10,3.4
LTM1049,Azad Dhaliwal,Senior Director - Delivery,E2,Operations,4.4,Risk Factor,Social Pleaser,risk_10,3.0
LTM1049,Azad Dhaliwal,Senior Director - Delivery,E2,Operations,4.4,Risk Factor,Solitary,risk_10,6.2
LTM1049,Azad Dhaliwal,Senior Director - Delivery,E2,Operations,4.4,Risk Factor,Suspicious,risk_10,4.9
LTM1049,Azad Dhaliwal,Senior Director - Delivery,E2,Operations,4.4,Risk Factor,Volatile,risk_10,3.8
LTM1048,Tejas Raja,Vice President - Engineering,E1,Technology & Engineering,4.7,Strategic Thinking,Strategic Vision,ordinal_4,3.0
LTM1048,Tejas Raja,Vice President - Engineering,E1,Technology & Engineering,4.7,Strategic Thinking,Business Acumen,ordinal_4,3.0
LTM1048,Tejas Raja,Vice President - Engineering,E1,Technology & Engineering,4.7,Strategic Thinking,Market and External Awareness,ordinal_4,3.0
LTM1048,Tejas Raja,Vice President - Engineering,E1,Technology & Engineering,4.7,Operational Excellence,Drive for Results,ordinal_4,3.0
LTM1048,Tejas Raja,Vice President - Engineering,E1,Technology & Engineering,4.7,Operational Excellence,Process Optimization,ordinal_4,3.0
LTM1048,Tejas Raja,Vice President - Engineering,E1,Technology & Engineering,4.7,Operational Excellence,Quality Focus,ordinal_4,3.0
LTM1048,Tejas Raja,Vice President - Engineering,E1,Technology & Engineering,4.7,Decision Effectiveness,Analytical Thinking,ordinal_4,2.0
LTM1048,Tejas Raja,Vice President - Engineering,E1,Technology & Engineering,4.7,Decision Effectiveness,Sound Judgment,ordinal_4,3.0
LTM1048,Tejas Raja,Vice President - Engineering,E1,Technology & Engineering,4.7,Decision Effectiveness,Decisiveness Under Uncertainty,ordinal_4,3.0
LTM1048,Tejas Raja,Vice President - Engineering,E1,Technology & Engineering,4.7,People Leadership,Develops Talent,ordinal_4,3.0
LTM1048,Tejas Raja,Vice President - Engineering,E1,Technology & Engineering,4.7,People Leadership,Builds Effective Teams,ordinal_4,4.0
LTM1048,Tejas Raja,Vice President - Engineering,E1,Technology & Engineering,4.7,People Leadership,Coaching Others,ordinal_4,3.0
LTM1048,Tejas Raja,Vice President - Engineering,E1,Technology & Engineering,4.7,Leading Change,Change Sponsorship,ordinal_4,3.0
LTM1048,Tejas Raja,Vice President - Engineering,E1,Technology & Engineering,4.7,Leading Change,Adaptability,ordinal_4,3.0
LTM1048,Tejas Raja,Vice President - Engineering,E1,Technology & Engineering,4.7,Leading Change,Resilience,ordinal_4,3.0
LTM1048,Tejas Raja,Vice President - Engineering,E1,Technology & Engineering,4.7,Stakeholder Engagement,Builds Trust,ordinal_4,3.0
LTM1048,Tejas Raja,Vice President - Engineering,E1,Technology & Engineering,4.7,Stakeholder Engagement,Customer Focus,ordinal_4,3.0
LTM1048,Tejas Raja,Vice President - Engineering,E1,Technology & Engineering,4.7,Stakeholder Engagement,Influences Others,ordinal_4,3.0
LTM1048,Tejas Raja,Vice President - Engineering,E1,Technology & Engineering,4.7,Positivity,Optimism,scale_100,60.0
LTM1048,Tejas Raja,Vice President - Engineering,E1,Technology & Engineering,4.7,Positivity,Situational Self-Awareness,scale_100,36.0
LTM1048,Tejas Raja,Vice President - Engineering,E1,Technology & Engineering,4.7,Positivity,Composure,scale_100,44.0
LTM1048,Tejas Raja,Vice President - Engineering,E1,Technology & Engineering,4.7,Striving,Credibility,scale_100,71.0
LTM1048,Tejas Raja,Vice President - Engineering,E1,Technology & Engineering,4.7,Striving,Confidence,scale_100,60.0
LTM1048,Tejas Raja,Vice President - Engineering,E1,Technology & Engineering,4.7,Striving,Need for Achievement,scale_100,48.0
LTM1048,Tejas Raja,Vice President - Engineering,E1,Technology & Engineering,4.7,Striving,Persistence,scale_100,54.0
LTM1048,Tejas Raja,Vice President - Engineering,E1,Technology & Engineering,4.7,Agreeableness,Affiliation,scale_100,56.0
LTM1048,Tejas Raja,Vice President - Engineering,E1,Technology & Engineering,4.7,Agreeableness,Humility,scale_100,63.0
LTM1048,Tejas Raja,Vice President - Engineering,E1,Technology & Engineering,4.7,Agreeableness,Trust,scale_100,43.0
LTM1048,Tejas Raja,Vice President - Engineering,E1,Technology & Engineering,4.7,Agreeableness,Openness to Differences,scale_100,48.0
LTM1048,Tejas Raja,Vice President - Engineering,E1,Technology & Engineering,4.7,Agility,Focus,scale_100,65.0
LTM1048,Tejas Raja,Vice President - Engineering,E1,Technology & Engineering,4.7,Agility,Curiosity,scale_100,61.0
LTM1048,Tejas Raja,Vice President - Engineering,E1,Technology & Engineering,4.7,Agility,Adaptability,scale_100,68.0
LTM1048,Tejas Raja,Vice President - Engineering,E1,Technology & Engineering,4.7,Agility,Risk Taking,scale_100,50.0
LTM1048,Tejas Raja,Vice President - Engineering,E1,Technology & Engineering,4.7,Agility,Tolerance of Ambiguity,scale_100,66.0
LTM1048,Tejas Raja,Vice President - Engineering,E1,Technology & Engineering,4.7,Presence,Empathy,scale_100,67.0
LTM1048,Tejas Raja,Vice President - Engineering,E1,Technology & Engineering,4.7,Presence,Assertiveness,scale_100,61.0
LTM1048,Tejas Raja,Vice President - Engineering,E1,Technology & Engineering,4.7,Presence,Sociability,scale_100,57.0
LTM1048,Tejas Raja,Vice President - Engineering,E1,Technology & Engineering,4.7,Presence,Influence,scale_100,55.0
LTM1048,Tejas Raja,Vice President - Engineering,E1,Technology & Engineering,4.7,Learning Agility,Mental Agility,scale_10,6.3
LTM1048,Tejas Raja,Vice President - Engineering,E1,Technology & Engineering,4.7,Learning Agility,People Agility,scale_10,6.9
LTM1048,Tejas Raja,Vice President - Engineering,E1,Technology & Engineering,4.7,Learning Agility,Change Agility,scale_10,8.0
LTM1048,Tejas Raja,Vice President - Engineering,E1,Technology & Engineering,4.7,Learning Agility,Results Agility,scale_10,6.9
LTM1048,Tejas Raja,Vice President - Engineering,E1,Technology & Engineering,4.7,Learning Agility,Situational Self-Awareness,scale_10,6.3
LTM1048,Tejas Raja,Vice President - Engineering,E1,Technology & Engineering,4.7,Drivers,Balance,drivers_60,32.0
LTM1048,Tejas Raja,Vice President - Engineering,E1,Technology & Engineering,4.7,Drivers,Collaboration,drivers_60,37.0
LTM1048,Tejas Raja,Vice President - Engineering,E1,Technology & Engineering,4.7,Drivers,Power,drivers_60,33.0
LTM1048,Tejas Raja,Vice President - Engineering,E1,Technology & Engineering,4.7,Drivers,Challenge,drivers_60,39.0
LTM1048,Tejas Raja,Vice President - Engineering,E1,Technology & Engineering,4.7,Drivers,Structure,drivers_60,39.0
LTM1048,Tejas Raja,Vice President - Engineering,E1,Technology & Engineering,4.7,Drivers,Independence,drivers_60,41.0
LTM1048,Tejas Raja,Vice President - Engineering,E1,Technology & Engineering,4.7,Risk Factor,Avoidant,risk_10,4.3
LTM1048,Tejas Raja,Vice President - Engineering,E1,Technology & Engineering,4.7,Risk Factor,Closed,risk_10,3.9
LTM1048,Tejas Raja,Vice President - Engineering,E1,Technology & Engineering,4.7,Risk Factor,Defensive,risk_10,2.1
LTM1048,Tejas Raja,Vice President - Engineering,E1,Technology & Engineering,4.7,Risk Factor,Egotistic,risk_10,2.2
LTM1048,Tejas Raja,Vice President - Engineering,E1,Technology & Engineering,4.7,Risk Factor,Micro Managing,risk_10,2.9
LTM1048,Tejas Raja,Vice President - Engineering,E1,Technology & Engineering,4.7,Risk Factor,Opportunistic,risk_10,2.6
LTM1048,Tejas Raja,Vice President - Engineering,E1,Technology & Engineering,4.7,Risk Factor,Restrained,risk_10,2.0
LTM1048,Tejas Raja,Vice President - Engineering,E1,Technology & Engineering,4.7,Risk Factor,Social Pleaser,risk_10,2.6
LTM1048,Tejas Raja,Vice President - Engineering,E1,Technology & Engineering,4.7,Risk Factor,Solitary,risk_10,2.6
LTM1048,Tejas Raja,Vice President - Engineering,E1,Technology & Engineering,4.7,Risk Factor,Suspicious,risk_10,2.4
LTM1048,Tejas Raja,Vice President - Engineering,E1,Technology & Engineering,4.7,Risk Factor,Volatile,risk_10,2.7
LTM1051,Miraya Mall,Director - Enterprise Applications,E2,Technology & Engineering,4.6,Strategic Thinking,Strategic Vision,ordinal_4,3.0
LTM1051,Miraya Mall,Director - Enterprise Applications,E2,Technology & Engineering,4.6,Strategic Thinking,Business Acumen,ordinal_4,3.0
LTM1051,Miraya Mall,Director - Enterprise Applications,E2,Technology & Engineering,4.6,Strategic Thinking,Market and External Awareness,ordinal_4,3.0
LTM1051,Miraya Mall,Director - Enterprise Applications,E2,Technology & Engineering,4.6,Operational Excellence,Drive for Results,ordinal_4,3.0
LTM1051,Miraya Mall,Director - Enterprise Applications,E2,Technology & Engineering,4.6,Operational Excellence,Process Optimization,ordinal_4,3.0
LTM1051,Miraya Mall,Director - Enterprise Applications,E2,Technology & Engineering,4.6,Operational Excellence,Quality Focus,ordinal_4,3.0
LTM1051,Miraya Mall,Director - Enterprise Applications,E2,Technology & Engineering,4.6,Decision Effectiveness,Analytical Thinking,ordinal_4,3.0
LTM1051,Miraya Mall,Director - Enterprise Applications,E2,Technology & Engineering,4.6,Decision Effectiveness,Sound Judgment,ordinal_4,3.0
LTM1051,Miraya Mall,Director - Enterprise Applications,E2,Technology & Engineering,4.6,Decision Effectiveness,Decisiveness Under Uncertainty,ordinal_4,3.0
LTM1051,Miraya Mall,Director - Enterprise Applications,E2,Technology & Engineering,4.6,People Leadership,Develops Talent,ordinal_4,2.0
LTM1051,Miraya Mall,Director - Enterprise Applications,E2,Technology & Engineering,4.6,People Leadership,Builds Effective Teams,ordinal_4,3.0
LTM1051,Miraya Mall,Director - Enterprise Applications,E2,Technology & Engineering,4.6,People Leadership,Coaching Others,ordinal_4,3.0
LTM1051,Miraya Mall,Director - Enterprise Applications,E2,Technology & Engineering,4.6,Leading Change,Change Sponsorship,ordinal_4,2.0
LTM1051,Miraya Mall,Director - Enterprise Applications,E2,Technology & Engineering,4.6,Leading Change,Adaptability,ordinal_4,3.0
LTM1051,Miraya Mall,Director - Enterprise Applications,E2,Technology & Engineering,4.6,Leading Change,Resilience,ordinal_4,3.0
LTM1051,Miraya Mall,Director - Enterprise Applications,E2,Technology & Engineering,4.6,Stakeholder Engagement,Builds Trust,ordinal_4,2.0
LTM1051,Miraya Mall,Director - Enterprise Applications,E2,Technology & Engineering,4.6,Stakeholder Engagement,Customer Focus,ordinal_4,3.0
LTM1051,Miraya Mall,Director - Enterprise Applications,E2,Technology & Engineering,4.6,Stakeholder Engagement,Influences Others,ordinal_4,2.0
LTM1051,Miraya Mall,Director - Enterprise Applications,E2,Technology & Engineering,4.6,Positivity,Optimism,scale_100,42.0
LTM1051,Miraya Mall,Director - Enterprise Applications,E2,Technology & Engineering,4.6,Positivity,Situational Self-Awareness,scale_100,65.0
LTM1051,Miraya Mall,Director - Enterprise Applications,E2,Technology & Engineering,4.6,Positivity,Composure,scale_100,50.0
LTM1051,Miraya Mall,Director - Enterprise Applications,E2,Technology & Engineering,4.6,Striving,Credibility,scale_100,44.0
LTM1051,Miraya Mall,Director - Enterprise Applications,E2,Technology & Engineering,4.6,Striving,Confidence,scale_100,57.0
LTM1051,Miraya Mall,Director - Enterprise Applications,E2,Technology & Engineering,4.6,Striving,Need for Achievement,scale_100,50.0
LTM1051,Miraya Mall,Director - Enterprise Applications,E2,Technology & Engineering,4.6,Striving,Persistence,scale_100,50.0
LTM1051,Miraya Mall,Director - Enterprise Applications,E2,Technology & Engineering,4.6,Agreeableness,Affiliation,scale_100,62.0
LTM1051,Miraya Mall,Director - Enterprise Applications,E2,Technology & Engineering,4.6,Agreeableness,Humility,scale_100,43.0
LTM1051,Miraya Mall,Director - Enterprise Applications,E2,Technology & Engineering,4.6,Agreeableness,Trust,scale_100,46.0
LTM1051,Miraya Mall,Director - Enterprise Applications,E2,Technology & Engineering,4.6,Agreeableness,Openness to Differences,scale_100,57.0
LTM1051,Miraya Mall,Director - Enterprise Applications,E2,Technology & Engineering,4.6,Agility,Focus,scale_100,71.0
LTM1051,Miraya Mall,Director - Enterprise Applications,E2,Technology & Engineering,4.6,Agility,Curiosity,scale_100,73.0
LTM1051,Miraya Mall,Director - Enterprise Applications,E2,Technology & Engineering,4.6,Agility,Adaptability,scale_100,54.0
LTM1051,Miraya Mall,Director - Enterprise Applications,E2,Technology & Engineering,4.6,Agility,Risk Taking,scale_100,70.0
LTM1051,Miraya Mall,Director - Enterprise Applications,E2,Technology & Engineering,4.6,Agility,Tolerance of Ambiguity,scale_100,53.0
LTM1051,Miraya Mall,Director - Enterprise Applications,E2,Technology & Engineering,4.6,Presence,Empathy,scale_100,73.0
LTM1051,Miraya Mall,Director - Enterprise Applications,E2,Technology & Engineering,4.6,Presence,Assertiveness,scale_100,44.0
LTM1051,Miraya Mall,Director - Enterprise Applications,E2,Technology & Engineering,4.6,Presence,Sociability,scale_100,68.0
LTM1051,Miraya Mall,Director - Enterprise Applications,E2,Technology & Engineering,4.6,Presence,Influence,scale_100,48.0
LTM1051,Miraya Mall,Director - Enterprise Applications,E2,Technology & Engineering,4.6,Learning Agility,Mental Agility,scale_10,8.5
LTM1051,Miraya Mall,Director - Enterprise Applications,E2,Technology & Engineering,4.6,Learning Agility,People Agility,scale_10,7.3
LTM1051,Miraya Mall,Director - Enterprise Applications,E2,Technology & Engineering,4.6,Learning Agility,Change Agility,scale_10,6.0
LTM1051,Miraya Mall,Director - Enterprise Applications,E2,Technology & Engineering,4.6,Learning Agility,Results Agility,scale_10,6.4
LTM1051,Miraya Mall,Director - Enterprise Applications,E2,Technology & Engineering,4.6,Learning Agility,Situational Self-Awareness,scale_10,7.5
LTM1051,Miraya Mall,Director - Enterprise Applications,E2,Technology & Engineering,4.6,Drivers,Balance,drivers_60,41.0
LTM1051,Miraya Mall,Director - Enterprise Applications,E2,Technology & Engineering,4.6,Drivers,Collaboration,drivers_60,34.0
LTM1051,Miraya Mall,Director - Enterprise Applications,E2,Technology & Engineering,4.6,Drivers,Power,drivers_60,34.0
LTM1051,Miraya Mall,Director - Enterprise Applications,E2,Technology & Engineering,4.6,Drivers,Challenge,drivers_60,39.0
LTM1051,Miraya Mall,Director - Enterprise Applications,E2,Technology & Engineering,4.6,Drivers,Structure,drivers_60,35.0
LTM1051,Miraya Mall,Director - Enterprise Applications,E2,Technology & Engineering,4.6,Drivers,Independence,drivers_60,25.0
LTM1051,Miraya Mall,Director - Enterprise Applications,E2,Technology & Engineering,4.6,Risk Factor,Avoidant,risk_10,2.5
LTM1051,Miraya Mall,Director - Enterprise Applications,E2,Technology & Engineering,4.6,Risk Factor,Closed,risk_10,3.5
LTM1051,Miraya Mall,Director - Enterprise Applications,E2,Technology & Engineering,4.6,Risk Factor,Defensive,risk_10,4.3
LTM1051,Miraya Mall,Director - Enterprise Applications,E2,Technology & Engineering,4.6,Risk Factor,Egotistic,risk_10,4.7
LTM1051,Miraya Mall,Director - Enterprise Applications,E2,Technology & Engineering,4.6,Risk Factor,Micro Managing,risk_10,4.0
LTM1051,Miraya Mall,Director - Enterprise Applications,E2,Technology & Engineering,4.6,Risk Factor,Opportunistic,risk_10,3.5
LTM1051,Miraya Mall,Director - Enterprise Applications,E2,Technology & Engineering,4.6,Risk Factor,Restrained,risk_10,3.9
LTM1051,Miraya Mall,Director - Enterprise Applications,E2,Technology & Engineering,4.6,Risk Factor,Social Pleaser,risk_10,2.6
LTM1051,Miraya Mall,Director - Enterprise Applications,E2,Technology & Engineering,4.6,Risk Factor,Solitary,risk_10,3.1
LTM1051,Miraya Mall,Director - Enterprise Applications,E2,Technology & Engineering,4.6,Risk Factor,Suspicious,risk_10,2.5
LTM1051,Miraya Mall,Director - Enterprise Applications,E2,Technology & Engineering,4.6,Risk Factor,Volatile,risk_10,2.1
LTM1028,Saira Gopal,Senior Director - AI & Data,E2,Technology & Engineering,4.6,Strategic Thinking,Strategic Vision,ordinal_4,3.0
LTM1028,Saira Gopal,Senior Director - AI & Data,E2,Technology & Engineering,4.6,Strategic Thinking,Business Acumen,ordinal_4,3.0
LTM1028,Saira Gopal,Senior Director - AI & Data,E2,Technology & Engineering,4.6,Strategic Thinking,Market and External Awareness,ordinal_4,3.0
LTM1028,Saira Gopal,Senior Director - AI & Data,E2,Technology & Engineering,4.6,Operational Excellence,Drive for Results,ordinal_4,3.0
LTM1028,Saira Gopal,Senior Director - AI & Data,E2,Technology & Engineering,4.6,Operational Excellence,Process Optimization,ordinal_4,3.0
LTM1028,Saira Gopal,Senior Director - AI & Data,E2,Technology & Engineering,4.6,Operational Excellence,Quality Focus,ordinal_4,3.0
LTM1028,Saira Gopal,Senior Director - AI & Data,E2,Technology & Engineering,4.6,Decision Effectiveness,Analytical Thinking,ordinal_4,3.0
LTM1028,Saira Gopal,Senior Director - AI & Data,E2,Technology & Engineering,4.6,Decision Effectiveness,Sound Judgment,ordinal_4,3.0
LTM1028,Saira Gopal,Senior Director - AI & Data,E2,Technology & Engineering,4.6,Decision Effectiveness,Decisiveness Under Uncertainty,ordinal_4,2.0
LTM1028,Saira Gopal,Senior Director - AI & Data,E2,Technology & Engineering,4.6,People Leadership,Develops Talent,ordinal_4,3.0
LTM1028,Saira Gopal,Senior Director - AI & Data,E2,Technology & Engineering,4.6,People Leadership,Builds Effective Teams,ordinal_4,3.0
LTM1028,Saira Gopal,Senior Director - AI & Data,E2,Technology & Engineering,4.6,People Leadership,Coaching Others,ordinal_4,2.0
LTM1028,Saira Gopal,Senior Director - AI & Data,E2,Technology & Engineering,4.6,Leading Change,Change Sponsorship,ordinal_4,3.0
LTM1028,Saira Gopal,Senior Director - AI & Data,E2,Technology & Engineering,4.6,Leading Change,Adaptability,ordinal_4,3.0
LTM1028,Saira Gopal,Senior Director - AI & Data,E2,Technology & Engineering,4.6,Leading Change,Resilience,ordinal_4,3.0
LTM1028,Saira Gopal,Senior Director - AI & Data,E2,Technology & Engineering,4.6,Stakeholder Engagement,Builds Trust,ordinal_4,2.0
LTM1028,Saira Gopal,Senior Director - AI & Data,E2,Technology & Engineering,4.6,Stakeholder Engagement,Customer Focus,ordinal_4,3.0
LTM1028,Saira Gopal,Senior Director - AI & Data,E2,Technology & Engineering,4.6,Stakeholder Engagement,Influences Others,ordinal_4,3.0
LTM1028,Saira Gopal,Senior Director - AI & Data,E2,Technology & Engineering,4.6,Positivity,Optimism,scale_100,60.0
LTM1028,Saira Gopal,Senior Director - AI & Data,E2,Technology & Engineering,4.6,Positivity,Situational Self-Awareness,scale_100,75.0
LTM1028,Saira Gopal,Senior Director - AI & Data,E2,Technology & Engineering,4.6,Positivity,Composure,scale_100,53.0
LTM1028,Saira Gopal,Senior Director - AI & Data,E2,Technology & Engineering,4.6,Striving,Credibility,scale_100,85.0
LTM1028,Saira Gopal,Senior Director - AI & Data,E2,Technology & Engineering,4.6,Striving,Confidence,scale_100,53.0
LTM1028,Saira Gopal,Senior Director - AI & Data,E2,Technology & Engineering,4.6,Striving,Need for Achievement,scale_100,58.0
LTM1028,Saira Gopal,Senior Director - AI & Data,E2,Technology & Engineering,4.6,Striving,Persistence,scale_100,51.0
LTM1028,Saira Gopal,Senior Director - AI & Data,E2,Technology & Engineering,4.6,Agreeableness,Affiliation,scale_100,59.0
LTM1028,Saira Gopal,Senior Director - AI & Data,E2,Technology & Engineering,4.6,Agreeableness,Humility,scale_100,63.0
LTM1028,Saira Gopal,Senior Director - AI & Data,E2,Technology & Engineering,4.6,Agreeableness,Trust,scale_100,54.0
LTM1028,Saira Gopal,Senior Director - AI & Data,E2,Technology & Engineering,4.6,Agreeableness,Openness to Differences,scale_100,73.0
LTM1028,Saira Gopal,Senior Director - AI & Data,E2,Technology & Engineering,4.6,Agility,Focus,scale_100,63.0
LTM1028,Saira Gopal,Senior Director - AI & Data,E2,Technology & Engineering,4.6,Agility,Curiosity,scale_100,64.0
LTM1028,Saira Gopal,Senior Director - AI & Data,E2,Technology & Engineering,4.6,Agility,Adaptability,scale_100,52.0
LTM1028,Saira Gopal,Senior Director - AI & Data,E2,Technology & Engineering,4.6,Agility,Risk Taking,scale_100,65.0
LTM1028,Saira Gopal,Senior Director - AI & Data,E2,Technology & Engineering,4.6,Agility,Tolerance of Ambiguity,scale_100,60.0
LTM1028,Saira Gopal,Senior Director - AI & Data,E2,Technology & Engineering,4.6,Presence,Empathy,scale_100,49.0
LTM1028,Saira Gopal,Senior Director - AI & Data,E2,Technology & Engineering,4.6,Presence,Assertiveness,scale_100,47.0
LTM1028,Saira Gopal,Senior Director - AI & Data,E2,Technology & Engineering,4.6,Presence,Sociability,scale_100,82.0
LTM1028,Saira Gopal,Senior Director - AI & Data,E2,Technology & Engineering,4.6,Presence,Influence,scale_100,52.0
LTM1028,Saira Gopal,Senior Director - AI & Data,E2,Technology & Engineering,4.6,Learning Agility,Mental Agility,scale_10,5.7
LTM1028,Saira Gopal,Senior Director - AI & Data,E2,Technology & Engineering,4.6,Learning Agility,People Agility,scale_10,6.3
LTM1028,Saira Gopal,Senior Director - AI & Data,E2,Technology & Engineering,4.6,Learning Agility,Change Agility,scale_10,6.8
LTM1028,Saira Gopal,Senior Director - AI & Data,E2,Technology & Engineering,4.6,Learning Agility,Results Agility,scale_10,7.3
LTM1028,Saira Gopal,Senior Director - AI & Data,E2,Technology & Engineering,4.6,Learning Agility,Situational Self-Awareness,scale_10,7.3
LTM1028,Saira Gopal,Senior Director - AI & Data,E2,Technology & Engineering,4.6,Drivers,Balance,drivers_60,39.0
LTM1028,Saira Gopal,Senior Director - AI & Data,E2,Technology & Engineering,4.6,Drivers,Collaboration,drivers_60,29.0
LTM1028,Saira Gopal,Senior Director - AI & Data,E2,Technology & Engineering,4.6,Drivers,Power,drivers_60,36.0
LTM1028,Saira Gopal,Senior Director - AI & Data,E2,Technology & Engineering,4.6,Drivers,Challenge,drivers_60,28.0
LTM1028,Saira Gopal,Senior Director - AI & Data,E2,Technology & Engineering,4.6,Drivers,Structure,drivers_60,30.0
LTM1028,Saira Gopal,Senior Director - AI & Data,E2,Technology & Engineering,4.6,Drivers,Independence,drivers_60,28.0
LTM1028,Saira Gopal,Senior Director - AI & Data,E2,Technology & Engineering,4.6,Risk Factor,Avoidant,risk_10,2.2
LTM1028,Saira Gopal,Senior Director - AI & Data,E2,Technology & Engineering,4.6,Risk Factor,Closed,risk_10,4.2
LTM1028,Saira Gopal,Senior Director - AI & Data,E2,Technology & Engineering,4.6,Risk Factor,Defensive,risk_10,3.9
LTM1028,Saira Gopal,Senior Director - AI & Data,E2,Technology & Engineering,4.6,Risk Factor,Egotistic,risk_10,4.1
LTM1028,Saira Gopal,Senior Director - AI & Data,E2,Technology & Engineering,4.6,Risk Factor,Micro Managing,risk_10,3.3
LTM1028,Saira Gopal,Senior Director - AI & Data,E2,Technology & Engineering,4.6,Risk Factor,Opportunistic,risk_10,3.9
LTM1028,Saira Gopal,Senior Director - AI & Data,E2,Technology & Engineering,4.6,Risk Factor,Restrained,risk_10,1.7
LTM1028,Saira Gopal,Senior Director - AI & Data,E2,Technology & Engineering,4.6,Risk Factor,Social Pleaser,risk_10,4.0
LTM1028,Saira Gopal,Senior Director - AI & Data,E2,Technology & Engineering,4.6,Risk Factor,Solitary,risk_10,3.4
LTM1028,Saira Gopal,Senior Director - AI & Data,E2,Technology & Engineering,4.6,Risk Factor,Suspicious,risk_10,3.8
LTM1028,Saira Gopal,Senior Director - AI & Data,E2,Technology & Engineering,4.6,Risk Factor,Volatile,risk_10,3.6
LTM1098,Baiju Luthra,Chief Strategy Officer,E2,Strategy & Corporate Development,4.5,Strategic Thinking,Strategic Vision,ordinal_4,3.0
LTM1098,Baiju Luthra,Chief Strategy Officer,E2,Strategy & Corporate Development,4.5,Strategic Thinking,Business Acumen,ordinal_4,3.0
LTM1098,Baiju Luthra,Chief Strategy Officer,E2,Strategy & Corporate Development,4.5,Strategic Thinking,Market and External Awareness,ordinal_4,3.0
LTM1098,Baiju Luthra,Chief Strategy Officer,E2,Strategy & Corporate Development,4.5,Operational Excellence,Drive for Results,ordinal_4,3.0
LTM1098,Baiju Luthra,Chief Strategy Officer,E2,Strategy & Corporate Development,4.5,Operational Excellence,Process Optimization,ordinal_4,3.0
LTM1098,Baiju Luthra,Chief Strategy Officer,E2,Strategy & Corporate Development,4.5,Operational Excellence,Quality Focus,ordinal_4,2.0
LTM1098,Baiju Luthra,Chief Strategy Officer,E2,Strategy & Corporate Development,4.5,Decision Effectiveness,Analytical Thinking,ordinal_4,3.0
LTM1098,Baiju Luthra,Chief Strategy Officer,E2,Strategy & Corporate Development,4.5,Decision Effectiveness,Sound Judgment,ordinal_4,3.0
LTM1098,Baiju Luthra,Chief Strategy Officer,E2,Strategy & Corporate Development,4.5,Decision Effectiveness,Decisiveness Under Uncertainty,ordinal_4,3.0
LTM1098,Baiju Luthra,Chief Strategy Officer,E2,Strategy & Corporate Development,4.5,People Leadership,Develops Talent,ordinal_4,2.0
LTM1098,Baiju Luthra,Chief Strategy Officer,E2,Strategy & Corporate Development,4.5,People Leadership,Builds Effective Teams,ordinal_4,2.0
LTM1098,Baiju Luthra,Chief Strategy Officer,E2,Strategy & Corporate Development,4.5,People Leadership,Coaching Others,ordinal_4,2.0
LTM1098,Baiju Luthra,Chief Strategy Officer,E2,Strategy & Corporate Development,4.5,Leading Change,Change Sponsorship,ordinal_4,2.0
LTM1098,Baiju Luthra,Chief Strategy Officer,E2,Strategy & Corporate Development,4.5,Leading Change,Adaptability,ordinal_4,2.0
LTM1098,Baiju Luthra,Chief Strategy Officer,E2,Strategy & Corporate Development,4.5,Leading Change,Resilience,ordinal_4,2.0
LTM1098,Baiju Luthra,Chief Strategy Officer,E2,Strategy & Corporate Development,4.5,Stakeholder Engagement,Builds Trust,ordinal_4,3.0
LTM1098,Baiju Luthra,Chief Strategy Officer,E2,Strategy & Corporate Development,4.5,Stakeholder Engagement,Customer Focus,ordinal_4,3.0
LTM1098,Baiju Luthra,Chief Strategy Officer,E2,Strategy & Corporate Development,4.5,Stakeholder Engagement,Influences Others,ordinal_4,3.0
LTM1098,Baiju Luthra,Chief Strategy Officer,E2,Strategy & Corporate Development,4.5,Positivity,Optimism,scale_100,62.0
LTM1098,Baiju Luthra,Chief Strategy Officer,E2,Strategy & Corporate Development,4.5,Positivity,Situational Self-Awareness,scale_100,48.0
LTM1098,Baiju Luthra,Chief Strategy Officer,E2,Strategy & Corporate Development,4.5,Positivity,Composure,scale_100,47.0
LTM1098,Baiju Luthra,Chief Strategy Officer,E2,Strategy & Corporate Development,4.5,Striving,Credibility,scale_100,64.0
LTM1098,Baiju Luthra,Chief Strategy Officer,E2,Strategy & Corporate Development,4.5,Striving,Confidence,scale_100,49.0
LTM1098,Baiju Luthra,Chief Strategy Officer,E2,Strategy & Corporate Development,4.5,Striving,Need for Achievement,scale_100,63.0
LTM1098,Baiju Luthra,Chief Strategy Officer,E2,Strategy & Corporate Development,4.5,Striving,Persistence,scale_100,57.0
LTM1098,Baiju Luthra,Chief Strategy Officer,E2,Strategy & Corporate Development,4.5,Agreeableness,Affiliation,scale_100,49.0
LTM1098,Baiju Luthra,Chief Strategy Officer,E2,Strategy & Corporate Development,4.5,Agreeableness,Humility,scale_100,57.0
LTM1098,Baiju Luthra,Chief Strategy Officer,E2,Strategy & Corporate Development,4.5,Agreeableness,Trust,scale_100,55.0
LTM1098,Baiju Luthra,Chief Strategy Officer,E2,Strategy & Corporate Development,4.5,Agreeableness,Openness to Differences,scale_100,62.0
LTM1098,Baiju Luthra,Chief Strategy Officer,E2,Strategy & Corporate Development,4.5,Agility,Focus,scale_100,47.0
LTM1098,Baiju Luthra,Chief Strategy Officer,E2,Strategy & Corporate Development,4.5,Agility,Curiosity,scale_100,53.0
LTM1098,Baiju Luthra,Chief Strategy Officer,E2,Strategy & Corporate Development,4.5,Agility,Adaptability,scale_100,52.0
LTM1098,Baiju Luthra,Chief Strategy Officer,E2,Strategy & Corporate Development,4.5,Agility,Risk Taking,scale_100,59.0
LTM1098,Baiju Luthra,Chief Strategy Officer,E2,Strategy & Corporate Development,4.5,Agility,Tolerance of Ambiguity,scale_100,42.0
LTM1098,Baiju Luthra,Chief Strategy Officer,E2,Strategy & Corporate Development,4.5,Presence,Empathy,scale_100,62.0
LTM1098,Baiju Luthra,Chief Strategy Officer,E2,Strategy & Corporate Development,4.5,Presence,Assertiveness,scale_100,57.0
LTM1098,Baiju Luthra,Chief Strategy Officer,E2,Strategy & Corporate Development,4.5,Presence,Sociability,scale_100,39.0
LTM1098,Baiju Luthra,Chief Strategy Officer,E2,Strategy & Corporate Development,4.5,Presence,Influence,scale_100,64.0
LTM1098,Baiju Luthra,Chief Strategy Officer,E2,Strategy & Corporate Development,4.5,Learning Agility,Mental Agility,scale_10,7.7
LTM1098,Baiju Luthra,Chief Strategy Officer,E2,Strategy & Corporate Development,4.5,Learning Agility,People Agility,scale_10,6.7
LTM1098,Baiju Luthra,Chief Strategy Officer,E2,Strategy & Corporate Development,4.5,Learning Agility,Change Agility,scale_10,7.0
LTM1098,Baiju Luthra,Chief Strategy Officer,E2,Strategy & Corporate Development,4.5,Learning Agility,Results Agility,scale_10,5.9
LTM1098,Baiju Luthra,Chief Strategy Officer,E2,Strategy & Corporate Development,4.5,Learning Agility,Situational Self-Awareness,scale_10,4.5
LTM1098,Baiju Luthra,Chief Strategy Officer,E2,Strategy & Corporate Development,4.5,Drivers,Balance,drivers_60,19.0
LTM1098,Baiju Luthra,Chief Strategy Officer,E2,Strategy & Corporate Development,4.5,Drivers,Collaboration,drivers_60,33.0
LTM1098,Baiju Luthra,Chief Strategy Officer,E2,Strategy & Corporate Development,4.5,Drivers,Power,drivers_60,27.0
LTM1098,Baiju Luthra,Chief Strategy Officer,E2,Strategy & Corporate Development,4.5,Drivers,Challenge,drivers_60,25.0
LTM1098,Baiju Luthra,Chief Strategy Officer,E2,Strategy & Corporate Development,4.5,Drivers,Structure,drivers_60,31.0
LTM1098,Baiju Luthra,Chief Strategy Officer,E2,Strategy & Corporate Development,4.5,Drivers,Independence,drivers_60,36.0
LTM1098,Baiju Luthra,Chief Strategy Officer,E2,Strategy & Corporate Development,4.5,Risk Factor,Avoidant,risk_10,2.4
LTM1098,Baiju Luthra,Chief Strategy Officer,E2,Strategy & Corporate Development,4.5,Risk Factor,Closed,risk_10,3.3
LTM1098,Baiju Luthra,Chief Strategy Officer,E2,Strategy & Corporate Development,4.5,Risk Factor,Defensive,risk_10,5.0
LTM1098,Baiju Luthra,Chief Strategy Officer,E2,Strategy & Corporate Development,4.5,Risk Factor,Egotistic,risk_10,2.7
LTM1098,Baiju Luthra,Chief Strategy Officer,E2,Strategy & Corporate Development,4.5,Risk Factor,Micro Managing,risk_10,4.5
LTM1098,Baiju Luthra,Chief Strategy Officer,E2,Strategy & Corporate Development,4.5,Risk Factor,Opportunistic,risk_10,3.3
LTM1098,Baiju Luthra,Chief Strategy Officer,E2,Strategy & Corporate Development,4.5,Risk Factor,Restrained,risk_10,4.2
LTM1098,Baiju Luthra,Chief Strategy Officer,E2,Strategy & Corporate Development,4.5,Risk Factor,Social Pleaser,risk_10,4.7
LTM1098,Baiju Luthra,Chief Strategy Officer,E2,Strategy & Corporate Development,4.5,Risk Factor,Solitary,risk_10,4.4
LTM1098,Baiju Luthra,Chief Strategy Officer,E2,Strategy & Corporate Development,4.5,Risk Factor,Suspicious,risk_10,4.5
LTM1098,Baiju Luthra,Chief Strategy Officer,E2,Strategy & Corporate Development,4.5,Risk Factor,Volatile,risk_10,2.7
LTM1069,Samiha Tailor,Vice President - Customer Success,E1,General Management,4.5,Strategic Thinking,Strategic Vision,ordinal_4,3.0
LTM1069,Samiha Tailor,Vice President - Customer Success,E1,General Management,4.5,Strategic Thinking,Business Acumen,ordinal_4,3.0
LTM1069,Samiha Tailor,Vice President - Customer Success,E1,General Management,4.5,Strategic Thinking,Market and External Awareness,ordinal_4,3.0
LTM1069,Samiha Tailor,Vice President - Customer Success,E1,General Management,4.5,Operational Excellence,Drive for Results,ordinal_4,2.0
LTM1069,Samiha Tailor,Vice President - Customer Success,E1,General Management,4.5,Operational Excellence,Process Optimization,ordinal_4,2.0
LTM1069,Samiha Tailor,Vice President - Customer Success,E1,General Management,4.5,Operational Excellence,Quality Focus,ordinal_4,2.0
LTM1069,Samiha Tailor,Vice President - Customer Success,E1,General Management,4.5,Decision Effectiveness,Analytical Thinking,ordinal_4,2.0
LTM1069,Samiha Tailor,Vice President - Customer Success,E1,General Management,4.5,Decision Effectiveness,Sound Judgment,ordinal_4,2.0
LTM1069,Samiha Tailor,Vice President - Customer Success,E1,General Management,4.5,Decision Effectiveness,Decisiveness Under Uncertainty,ordinal_4,3.0
LTM1069,Samiha Tailor,Vice President - Customer Success,E1,General Management,4.5,People Leadership,Develops Talent,ordinal_4,3.0
LTM1069,Samiha Tailor,Vice President - Customer Success,E1,General Management,4.5,People Leadership,Builds Effective Teams,ordinal_4,3.0
LTM1069,Samiha Tailor,Vice President - Customer Success,E1,General Management,4.5,People Leadership,Coaching Others,ordinal_4,3.0
LTM1069,Samiha Tailor,Vice President - Customer Success,E1,General Management,4.5,Leading Change,Change Sponsorship,ordinal_4,2.0
LTM1069,Samiha Tailor,Vice President - Customer Success,E1,General Management,4.5,Leading Change,Adaptability,ordinal_4,3.0
LTM1069,Samiha Tailor,Vice President - Customer Success,E1,General Management,4.5,Leading Change,Resilience,ordinal_4,3.0
LTM1069,Samiha Tailor,Vice President - Customer Success,E1,General Management,4.5,Stakeholder Engagement,Builds Trust,ordinal_4,2.0
LTM1069,Samiha Tailor,Vice President - Customer Success,E1,General Management,4.5,Stakeholder Engagement,Customer Focus,ordinal_4,2.0
LTM1069,Samiha Tailor,Vice President - Customer Success,E1,General Management,4.5,Stakeholder Engagement,Influences Others,ordinal_4,3.0
LTM1069,Samiha Tailor,Vice President - Customer Success,E1,General Management,4.5,Positivity,Optimism,scale_100,42.0
LTM1069,Samiha Tailor,Vice President - Customer Success,E1,General Management,4.5,Positivity,Situational Self-Awareness,scale_100,47.0
LTM1069,Samiha Tailor,Vice President - Customer Success,E1,General Management,4.5,Positivity,Composure,scale_100,52.0
LTM1069,Samiha Tailor,Vice President - Customer Success,E1,General Management,4.5,Striving,Credibility,scale_100,40.0
LTM1069,Samiha Tailor,Vice President - Customer Success,E1,General Management,4.5,Striving,Confidence,scale_100,54.0
LTM1069,Samiha Tailor,Vice President - Customer Success,E1,General Management,4.5,Striving,Need for Achievement,scale_100,67.0
LTM1069,Samiha Tailor,Vice President - Customer Success,E1,General Management,4.5,Striving,Persistence,scale_100,46.0
LTM1069,Samiha Tailor,Vice President - Customer Success,E1,General Management,4.5,Agreeableness,Affiliation,scale_100,55.0
LTM1069,Samiha Tailor,Vice President - Customer Success,E1,General Management,4.5,Agreeableness,Humility,scale_100,23.0
LTM1069,Samiha Tailor,Vice President - Customer Success,E1,General Management,4.5,Agreeableness,Trust,scale_100,50.0
LTM1069,Samiha Tailor,Vice President - Customer Success,E1,General Management,4.5,Agreeableness,Openness to Differences,scale_100,47.0
LTM1069,Samiha Tailor,Vice President - Customer Success,E1,General Management,4.5,Agility,Focus,scale_100,42.0
LTM1069,Samiha Tailor,Vice President - Customer Success,E1,General Management,4.5,Agility,Curiosity,scale_100,61.0
LTM1069,Samiha Tailor,Vice President - Customer Success,E1,General Management,4.5,Agility,Adaptability,scale_100,47.0
LTM1069,Samiha Tailor,Vice President - Customer Success,E1,General Management,4.5,Agility,Risk Taking,scale_100,49.0
LTM1069,Samiha Tailor,Vice President - Customer Success,E1,General Management,4.5,Agility,Tolerance of Ambiguity,scale_100,47.0
LTM1069,Samiha Tailor,Vice President - Customer Success,E1,General Management,4.5,Presence,Empathy,scale_100,31.0
LTM1069,Samiha Tailor,Vice President - Customer Success,E1,General Management,4.5,Presence,Assertiveness,scale_100,39.0
LTM1069,Samiha Tailor,Vice President - Customer Success,E1,General Management,4.5,Presence,Sociability,scale_100,60.0
LTM1069,Samiha Tailor,Vice President - Customer Success,E1,General Management,4.5,Presence,Influence,scale_100,29.0
LTM1069,Samiha Tailor,Vice President - Customer Success,E1,General Management,4.5,Learning Agility,Mental Agility,scale_10,5.0
LTM1069,Samiha Tailor,Vice President - Customer Success,E1,General Management,4.5,Learning Agility,People Agility,scale_10,5.3
LTM1069,Samiha Tailor,Vice President - Customer Success,E1,General Management,4.5,Learning Agility,Change Agility,scale_10,7.0
LTM1069,Samiha Tailor,Vice President - Customer Success,E1,General Management,4.5,Learning Agility,Results Agility,scale_10,6.2
LTM1069,Samiha Tailor,Vice President - Customer Success,E1,General Management,4.5,Learning Agility,Situational Self-Awareness,scale_10,5.2
LTM1069,Samiha Tailor,Vice President - Customer Success,E1,General Management,4.5,Drivers,Balance,drivers_60,39.0
LTM1069,Samiha Tailor,Vice President - Customer Success,E1,General Management,4.5,Drivers,Collaboration,drivers_60,25.0
LTM1069,Samiha Tailor,Vice President - Customer Success,E1,General Management,4.5,Drivers,Power,drivers_60,37.0
LTM1069,Samiha Tailor,Vice President - Customer Success,E1,General Management,4.5,Drivers,Challenge,drivers_60,21.0
LTM1069,Samiha Tailor,Vice President - Customer Success,E1,General Management,4.5,Drivers,Structure,drivers_60,38.0
LTM1069,Samiha Tailor,Vice President - Customer Success,E1,General Management,4.5,Drivers,Independence,drivers_60,27.0
LTM1069,Samiha Tailor,Vice President - Customer Success,E1,General Management,4.5,Risk Factor,Avoidant,risk_10,2.9
LTM1069,Samiha Tailor,Vice President - Customer Success,E1,General Management,4.5,Risk Factor,Closed,risk_10,3.7
LTM1069,Samiha Tailor,Vice President - Customer Success,E1,General Management,4.5,Risk Factor,Defensive,risk_10,4.1
LTM1069,Samiha Tailor,Vice President - Customer Success,E1,General Management,4.5,Risk Factor,Egotistic,risk_10,3.4
LTM1069,Samiha Tailor,Vice President - Customer Success,E1,General Management,4.5,Risk Factor,Micro Managing,risk_10,4.4
LTM1069,Samiha Tailor,Vice President - Customer Success,E1,General Management,4.5,Risk Factor,Opportunistic,risk_10,3.3
LTM1069,Samiha Tailor,Vice President - Customer Success,E1,General Management,4.5,Risk Factor,Restrained,risk_10,4.4
LTM1069,Samiha Tailor,Vice President - Customer Success,E1,General Management,4.5,Risk Factor,Social Pleaser,risk_10,4.3
LTM1069,Samiha Tailor,Vice President - Customer Success,E1,General Management,4.5,Risk Factor,Solitary,risk_10,3.8
LTM1069,Samiha Tailor,Vice President - Customer Success,E1,General Management,4.5,Risk Factor,Suspicious,risk_10,3.5
LTM1069,Samiha Tailor,Vice President - Customer Success,E1,General Management,4.5,Risk Factor,Volatile,risk_10,4.0
LTM1007,Bhamini Ganesan,Director - Enterprise Applications,E2,Technology & Engineering,4.5,Strategic Thinking,Strategic Vision,ordinal_4,3.0
LTM1007,Bhamini Ganesan,Director - Enterprise Applications,E2,Technology & Engineering,4.5,Strategic Thinking,Business Acumen,ordinal_4,3.0
LTM1007,Bhamini Ganesan,Director - Enterprise Applications,E2,Technology & Engineering,4.5,Strategic Thinking,Market and External Awareness,ordinal_4,3.0
LTM1007,Bhamini Ganesan,Director - Enterprise Applications,E2,Technology & Engineering,4.5,Operational Excellence,Drive for Results,ordinal_4,3.0
LTM1007,Bhamini Ganesan,Director - Enterprise Applications,E2,Technology & Engineering,4.5,Operational Excellence,Process Optimization,ordinal_4,4.0
LTM1007,Bhamini Ganesan,Director - Enterprise Applications,E2,Technology & Engineering,4.5,Operational Excellence,Quality Focus,ordinal_4,3.0
LTM1007,Bhamini Ganesan,Director - Enterprise Applications,E2,Technology & Engineering,4.5,Decision Effectiveness,Analytical Thinking,ordinal_4,3.0
LTM1007,Bhamini Ganesan,Director - Enterprise Applications,E2,Technology & Engineering,4.5,Decision Effectiveness,Sound Judgment,ordinal_4,3.0
LTM1007,Bhamini Ganesan,Director - Enterprise Applications,E2,Technology & Engineering,4.5,Decision Effectiveness,Decisiveness Under Uncertainty,ordinal_4,2.0
LTM1007,Bhamini Ganesan,Director - Enterprise Applications,E2,Technology & Engineering,4.5,People Leadership,Develops Talent,ordinal_4,2.0
LTM1007,Bhamini Ganesan,Director - Enterprise Applications,E2,Technology & Engineering,4.5,People Leadership,Builds Effective Teams,ordinal_4,2.0
LTM1007,Bhamini Ganesan,Director - Enterprise Applications,E2,Technology & Engineering,4.5,People Leadership,Coaching Others,ordinal_4,3.0
LTM1007,Bhamini Ganesan,Director - Enterprise Applications,E2,Technology & Engineering,4.5,Leading Change,Change Sponsorship,ordinal_4,2.0
LTM1007,Bhamini Ganesan,Director - Enterprise Applications,E2,Technology & Engineering,4.5,Leading Change,Adaptability,ordinal_4,2.0
LTM1007,Bhamini Ganesan,Director - Enterprise Applications,E2,Technology & Engineering,4.5,Leading Change,Resilience,ordinal_4,3.0
LTM1007,Bhamini Ganesan,Director - Enterprise Applications,E2,Technology & Engineering,4.5,Stakeholder Engagement,Builds Trust,ordinal_4,3.0
LTM1007,Bhamini Ganesan,Director - Enterprise Applications,E2,Technology & Engineering,4.5,Stakeholder Engagement,Customer Focus,ordinal_4,2.0
LTM1007,Bhamini Ganesan,Director - Enterprise Applications,E2,Technology & Engineering,4.5,Stakeholder Engagement,Influences Others,ordinal_4,2.0
LTM1007,Bhamini Ganesan,Director - Enterprise Applications,E2,Technology & Engineering,4.5,Positivity,Optimism,scale_100,64.0
LTM1007,Bhamini Ganesan,Director - Enterprise Applications,E2,Technology & Engineering,4.5,Positivity,Situational Self-Awareness,scale_100,60.0
LTM1007,Bhamini Ganesan,Director - Enterprise Applications,E2,Technology & Engineering,4.5,Positivity,Composure,scale_100,36.0
LTM1007,Bhamini Ganesan,Director - Enterprise Applications,E2,Technology & Engineering,4.5,Striving,Credibility,scale_100,49.0
LTM1007,Bhamini Ganesan,Director - Enterprise Applications,E2,Technology & Engineering,4.5,Striving,Confidence,scale_100,54.0
LTM1007,Bhamini Ganesan,Director - Enterprise Applications,E2,Technology & Engineering,4.5,Striving,Need for Achievement,scale_100,60.0
LTM1007,Bhamini Ganesan,Director - Enterprise Applications,E2,Technology & Engineering,4.5,Striving,Persistence,scale_100,61.0
LTM1007,Bhamini Ganesan,Director - Enterprise Applications,E2,Technology & Engineering,4.5,Agreeableness,Affiliation,scale_100,55.0
LTM1007,Bhamini Ganesan,Director - Enterprise Applications,E2,Technology & Engineering,4.5,Agreeableness,Humility,scale_100,58.0
LTM1007,Bhamini Ganesan,Director - Enterprise Applications,E2,Technology & Engineering,4.5,Agreeableness,Trust,scale_100,53.0
LTM1007,Bhamini Ganesan,Director - Enterprise Applications,E2,Technology & Engineering,4.5,Agreeableness,Openness to Differences,scale_100,46.0
LTM1007,Bhamini Ganesan,Director - Enterprise Applications,E2,Technology & Engineering,4.5,Agility,Focus,scale_100,56.0
LTM1007,Bhamini Ganesan,Director - Enterprise Applications,E2,Technology & Engineering,4.5,Agility,Curiosity,scale_100,58.0
LTM1007,Bhamini Ganesan,Director - Enterprise Applications,E2,Technology & Engineering,4.5,Agility,Adaptability,scale_100,58.0
LTM1007,Bhamini Ganesan,Director - Enterprise Applications,E2,Technology & Engineering,4.5,Agility,Risk Taking,scale_100,39.0
LTM1007,Bhamini Ganesan,Director - Enterprise Applications,E2,Technology & Engineering,4.5,Agility,Tolerance of Ambiguity,scale_100,54.0
LTM1007,Bhamini Ganesan,Director - Enterprise Applications,E2,Technology & Engineering,4.5,Presence,Empathy,scale_100,53.0
LTM1007,Bhamini Ganesan,Director - Enterprise Applications,E2,Technology & Engineering,4.5,Presence,Assertiveness,scale_100,49.0
LTM1007,Bhamini Ganesan,Director - Enterprise Applications,E2,Technology & Engineering,4.5,Presence,Sociability,scale_100,50.0
LTM1007,Bhamini Ganesan,Director - Enterprise Applications,E2,Technology & Engineering,4.5,Presence,Influence,scale_100,57.0
LTM1007,Bhamini Ganesan,Director - Enterprise Applications,E2,Technology & Engineering,4.5,Learning Agility,Mental Agility,scale_10,5.6
LTM1007,Bhamini Ganesan,Director - Enterprise Applications,E2,Technology & Engineering,4.5,Learning Agility,People Agility,scale_10,5.2
LTM1007,Bhamini Ganesan,Director - Enterprise Applications,E2,Technology & Engineering,4.5,Learning Agility,Change Agility,scale_10,6.2
LTM1007,Bhamini Ganesan,Director - Enterprise Applications,E2,Technology & Engineering,4.5,Learning Agility,Results Agility,scale_10,7.1
LTM1007,Bhamini Ganesan,Director - Enterprise Applications,E2,Technology & Engineering,4.5,Learning Agility,Situational Self-Awareness,scale_10,7.8
LTM1007,Bhamini Ganesan,Director - Enterprise Applications,E2,Technology & Engineering,4.5,Drivers,Balance,drivers_60,37.0
LTM1007,Bhamini Ganesan,Director - Enterprise Applications,E2,Technology & Engineering,4.5,Drivers,Collaboration,drivers_60,21.0
LTM1007,Bhamini Ganesan,Director - Enterprise Applications,E2,Technology & Engineering,4.5,Drivers,Power,drivers_60,30.0
LTM1007,Bhamini Ganesan,Director - Enterprise Applications,E2,Technology & Engineering,4.5,Drivers,Challenge,drivers_60,33.0
LTM1007,Bhamini Ganesan,Director - Enterprise Applications,E2,Technology & Engineering,4.5,Drivers,Structure,drivers_60,33.0
LTM1007,Bhamini Ganesan,Director - Enterprise Applications,E2,Technology & Engineering,4.5,Drivers,Independence,drivers_60,35.0
LTM1007,Bhamini Ganesan,Director - Enterprise Applications,E2,Technology & Engineering,4.5,Risk Factor,Avoidant,risk_10,2.9
LTM1007,Bhamini Ganesan,Director - Enterprise Applications,E2,Technology & Engineering,4.5,Risk Factor,Closed,risk_10,3.7
LTM1007,Bhamini Ganesan,Director - Enterprise Applications,E2,Technology & Engineering,4.5,Risk Factor,Defensive,risk_10,4.1
LTM1007,Bhamini Ganesan,Director - Enterprise Applications,E2,Technology & Engineering,4.5,Risk Factor,Egotistic,risk_10,4.4
LTM1007,Bhamini Ganesan,Director - Enterprise Applications,E2,Technology & Engineering,4.5,Risk Factor,Micro Managing,risk_10,3.0
LTM1007,Bhamini Ganesan,Director - Enterprise Applications,E2,Technology & Engineering,4.5,Risk Factor,Opportunistic,risk_10,3.4
LTM1007,Bhamini Ganesan,Director - Enterprise Applications,E2,Technology & Engineering,4.5,Risk Factor,Restrained,risk_10,1.3
LTM1007,Bhamini Ganesan,Director - Enterprise Applications,E2,Technology & Engineering,4.5,Risk Factor,Social Pleaser,risk_10,3.1
LTM1007,Bhamini Ganesan,Director - Enterprise Applications,E2,Technology & Engineering,4.5,Risk Factor,Solitary,risk_10,3.2
LTM1007,Bhamini Ganesan,Director - Enterprise Applications,E2,Technology & Engineering,4.5,Risk Factor,Suspicious,risk_10,2.8
LTM1007,Bhamini Ganesan,Director - Enterprise Applications,E2,Technology & Engineering,4.5,Risk Factor,Volatile,risk_10,3.8
LTM1026,Biju Deshpande,Director - Cloud Infrastructure,E2,Technology & Engineering,4.4,Strategic Thinking,Strategic Vision,ordinal_4,2.0
LTM1026,Biju Deshpande,Director - Cloud Infrastructure,E2,Technology & Engineering,4.4,Strategic Thinking,Business Acumen,ordinal_4,1.0
LTM1026,Biju Deshpande,Director - Cloud Infrastructure,E2,Technology & Engineering,4.4,Strategic Thinking,Market and External Awareness,ordinal_4,2.0
LTM1026,Biju Deshpande,Director - Cloud Infrastructure,E2,Technology & Engineering,4.4,Operational Excellence,Drive for Results,ordinal_4,3.0
LTM1026,Biju Deshpande,Director - Cloud Infrastructure,E2,Technology & Engineering,4.4,Operational Excellence,Process Optimization,ordinal_4,3.0
LTM1026,Biju Deshpande,Director - Cloud Infrastructure,E2,Technology & Engineering,4.4,Operational Excellence,Quality Focus,ordinal_4,2.0
LTM1026,Biju Deshpande,Director - Cloud Infrastructure,E2,Technology & Engineering,4.4,Decision Effectiveness,Analytical Thinking,ordinal_4,2.0
LTM1026,Biju Deshpande,Director - Cloud Infrastructure,E2,Technology & Engineering,4.4,Decision Effectiveness,Sound Judgment,ordinal_4,2.0
LTM1026,Biju Deshpande,Director - Cloud Infrastructure,E2,Technology & Engineering,4.4,Decision Effectiveness,Decisiveness Under Uncertainty,ordinal_4,2.0
LTM1026,Biju Deshpande,Director - Cloud Infrastructure,E2,Technology & Engineering,4.4,People Leadership,Develops Talent,ordinal_4,2.0
LTM1026,Biju Deshpande,Director - Cloud Infrastructure,E2,Technology & Engineering,4.4,People Leadership,Builds Effective Teams,ordinal_4,2.0
LTM1026,Biju Deshpande,Director - Cloud Infrastructure,E2,Technology & Engineering,4.4,People Leadership,Coaching Others,ordinal_4,2.0
LTM1026,Biju Deshpande,Director - Cloud Infrastructure,E2,Technology & Engineering,4.4,Leading Change,Change Sponsorship,ordinal_4,2.0
LTM1026,Biju Deshpande,Director - Cloud Infrastructure,E2,Technology & Engineering,4.4,Leading Change,Adaptability,ordinal_4,2.0
LTM1026,Biju Deshpande,Director - Cloud Infrastructure,E2,Technology & Engineering,4.4,Leading Change,Resilience,ordinal_4,2.0
LTM1026,Biju Deshpande,Director - Cloud Infrastructure,E2,Technology & Engineering,4.4,Stakeholder Engagement,Builds Trust,ordinal_4,2.0
LTM1026,Biju Deshpande,Director - Cloud Infrastructure,E2,Technology & Engineering,4.4,Stakeholder Engagement,Customer Focus,ordinal_4,2.0
LTM1026,Biju Deshpande,Director - Cloud Infrastructure,E2,Technology & Engineering,4.4,Stakeholder Engagement,Influences Others,ordinal_4,2.0
LTM1026,Biju Deshpande,Director - Cloud Infrastructure,E2,Technology & Engineering,4.4,Positivity,Optimism,scale_100,40.0
LTM1026,Biju Deshpande,Director - Cloud Infrastructure,E2,Technology & Engineering,4.4,Positivity,Situational Self-Awareness,scale_100,47.0
LTM1026,Biju Deshpande,Director - Cloud Infrastructure,E2,Technology & Engineering,4.4,Positivity,Composure,scale_100,52.0
LTM1026,Biju Deshpande,Director - Cloud Infrastructure,E2,Technology & Engineering,4.4,Striving,Credibility,scale_100,53.0
LTM1026,Biju Deshpande,Director - Cloud Infrastructure,E2,Technology & Engineering,4.4,Striving,Confidence,scale_100,68.0
LTM1026,Biju Deshpande,Director - Cloud Infrastructure,E2,Technology & Engineering,4.4,Striving,Need for Achievement,scale_100,43.0
LTM1026,Biju Deshpande,Director - Cloud Infrastructure,E2,Technology & Engineering,4.4,Striving,Persistence,scale_100,49.0
LTM1026,Biju Deshpande,Director - Cloud Infrastructure,E2,Technology & Engineering,4.4,Agreeableness,Affiliation,scale_100,54.0
LTM1026,Biju Deshpande,Director - Cloud Infrastructure,E2,Technology & Engineering,4.4,Agreeableness,Humility,scale_100,49.0
LTM1026,Biju Deshpande,Director - Cloud Infrastructure,E2,Technology & Engineering,4.4,Agreeableness,Trust,scale_100,44.0
LTM1026,Biju Deshpande,Director - Cloud Infrastructure,E2,Technology & Engineering,4.4,Agreeableness,Openness to Differences,scale_100,34.0
LTM1026,Biju Deshpande,Director - Cloud Infrastructure,E2,Technology & Engineering,4.4,Agility,Focus,scale_100,50.0
LTM1026,Biju Deshpande,Director - Cloud Infrastructure,E2,Technology & Engineering,4.4,Agility,Curiosity,scale_100,45.0
LTM1026,Biju Deshpande,Director - Cloud Infrastructure,E2,Technology & Engineering,4.4,Agility,Adaptability,scale_100,38.0
LTM1026,Biju Deshpande,Director - Cloud Infrastructure,E2,Technology & Engineering,4.4,Agility,Risk Taking,scale_100,48.0
LTM1026,Biju Deshpande,Director - Cloud Infrastructure,E2,Technology & Engineering,4.4,Agility,Tolerance of Ambiguity,scale_100,45.0
LTM1026,Biju Deshpande,Director - Cloud Infrastructure,E2,Technology & Engineering,4.4,Presence,Empathy,scale_100,55.0
LTM1026,Biju Deshpande,Director - Cloud Infrastructure,E2,Technology & Engineering,4.4,Presence,Assertiveness,scale_100,56.0
LTM1026,Biju Deshpande,Director - Cloud Infrastructure,E2,Technology & Engineering,4.4,Presence,Sociability,scale_100,40.0
LTM1026,Biju Deshpande,Director - Cloud Infrastructure,E2,Technology & Engineering,4.4,Presence,Influence,scale_100,47.0
LTM1026,Biju Deshpande,Director - Cloud Infrastructure,E2,Technology & Engineering,4.4,Learning Agility,Mental Agility,scale_10,4.6
LTM1026,Biju Deshpande,Director - Cloud Infrastructure,E2,Technology & Engineering,4.4,Learning Agility,People Agility,scale_10,5.7
LTM1026,Biju Deshpande,Director - Cloud Infrastructure,E2,Technology & Engineering,4.4,Learning Agility,Change Agility,scale_10,6.4
LTM1026,Biju Deshpande,Director - Cloud Infrastructure,E2,Technology & Engineering,4.4,Learning Agility,Results Agility,scale_10,6.8
LTM1026,Biju Deshpande,Director - Cloud Infrastructure,E2,Technology & Engineering,4.4,Learning Agility,Situational Self-Awareness,scale_10,5.5
LTM1026,Biju Deshpande,Director - Cloud Infrastructure,E2,Technology & Engineering,4.4,Drivers,Balance,drivers_60,36.0
LTM1026,Biju Deshpande,Director - Cloud Infrastructure,E2,Technology & Engineering,4.4,Drivers,Collaboration,drivers_60,18.0
LTM1026,Biju Deshpande,Director - Cloud Infrastructure,E2,Technology & Engineering,4.4,Drivers,Power,drivers_60,20.0
LTM1026,Biju Deshpande,Director - Cloud Infrastructure,E2,Technology & Engineering,4.4,Drivers,Challenge,drivers_60,34.0
LTM1026,Biju Deshpande,Director - Cloud Infrastructure,E2,Technology & Engineering,4.4,Drivers,Structure,drivers_60,41.0
LTM1026,Biju Deshpande,Director - Cloud Infrastructure,E2,Technology & Engineering,4.4,Drivers,Independence,drivers_60,32.0
LTM1026,Biju Deshpande,Director - Cloud Infrastructure,E2,Technology & Engineering,4.4,Risk Factor,Avoidant,risk_10,4.1
LTM1026,Biju Deshpande,Director - Cloud Infrastructure,E2,Technology & Engineering,4.4,Risk Factor,Closed,risk_10,2.1
LTM1026,Biju Deshpande,Director - Cloud Infrastructure,E2,Technology & Engineering,4.4,Risk Factor,Defensive,risk_10,2.3
LTM1026,Biju Deshpande,Director - Cloud Infrastructure,E2,Technology & Engineering,4.4,Risk Factor,Egotistic,risk_10,4.2
LTM1026,Biju Deshpande,Director - Cloud Infrastructure,E2,Technology & Engineering,4.4,Risk Factor,Micro Managing,risk_10,3.8
LTM1026,Biju Deshpande,Director - Cloud Infrastructure,E2,Technology & Engineering,4.4,Risk Factor,Opportunistic,risk_10,3.1
LTM1026,Biju Deshpande,Director - Cloud Infrastructure,E2,Technology & Engineering,4.4,Risk Factor,Restrained,risk_10,4.2
LTM1026,Biju Deshpande,Director - Cloud Infrastructure,E2,Technology & Engineering,4.4,Risk Factor,Social Pleaser,risk_10,4.2
LTM1026,Biju Deshpande,Director - Cloud Infrastructure,E2,Technology & Engineering,4.4,Risk Factor,Solitary,risk_10,5.0
LTM1026,Biju Deshpande,Director - Cloud Infrastructure,E2,Technology & Engineering,4.4,Risk Factor,Suspicious,risk_10,4.2
LTM1026,Biju Deshpande,Director - Cloud Infrastructure,E2,Technology & Engineering,4.4,Risk Factor,Volatile,risk_10,5.2
LTM1000,Tejas Varty,Senior Director - AI & Data,E2,Technology & Engineering,4.4,Strategic Thinking,Strategic Vision,ordinal_4,2.0
LTM1000,Tejas Varty,Senior Director - AI & Data,E2,Technology & Engineering,4.4,Strategic Thinking,Business Acumen,ordinal_4,2.0
LTM1000,Tejas Varty,Senior Director - AI & Data,E2,Technology & Engineering,4.4,Strategic Thinking,Market and External Awareness,ordinal_4,3.0
LTM1000,Tejas Varty,Senior Director - AI & Data,E2,Technology & Engineering,4.4,Operational Excellence,Drive for Results,ordinal_4,2.0
LTM1000,Tejas Varty,Senior Director - AI & Data,E2,Technology & Engineering,4.4,Operational Excellence,Process Optimization,ordinal_4,4.0
LTM1000,Tejas Varty,Senior Director - AI & Data,E2,Technology & Engineering,4.4,Operational Excellence,Quality Focus,ordinal_4,3.0
LTM1000,Tejas Varty,Senior Director - AI & Data,E2,Technology & Engineering,4.4,Decision Effectiveness,Analytical Thinking,ordinal_4,2.0
LTM1000,Tejas Varty,Senior Director - AI & Data,E2,Technology & Engineering,4.4,Decision Effectiveness,Sound Judgment,ordinal_4,2.0
LTM1000,Tejas Varty,Senior Director - AI & Data,E2,Technology & Engineering,4.4,Decision Effectiveness,Decisiveness Under Uncertainty,ordinal_4,3.0
LTM1000,Tejas Varty,Senior Director - AI & Data,E2,Technology & Engineering,4.4,People Leadership,Develops Talent,ordinal_4,2.0
LTM1000,Tejas Varty,Senior Director - AI & Data,E2,Technology & Engineering,4.4,People Leadership,Builds Effective Teams,ordinal_4,2.0
LTM1000,Tejas Varty,Senior Director - AI & Data,E2,Technology & Engineering,4.4,People Leadership,Coaching Others,ordinal_4,3.0
LTM1000,Tejas Varty,Senior Director - AI & Data,E2,Technology & Engineering,4.4,Leading Change,Change Sponsorship,ordinal_4,2.0
LTM1000,Tejas Varty,Senior Director - AI & Data,E2,Technology & Engineering,4.4,Leading Change,Adaptability,ordinal_4,2.0
LTM1000,Tejas Varty,Senior Director - AI & Data,E2,Technology & Engineering,4.4,Leading Change,Resilience,ordinal_4,2.0
LTM1000,Tejas Varty,Senior Director - AI & Data,E2,Technology & Engineering,4.4,Stakeholder Engagement,Builds Trust,ordinal_4,2.0
LTM1000,Tejas Varty,Senior Director - AI & Data,E2,Technology & Engineering,4.4,Stakeholder Engagement,Customer Focus,ordinal_4,2.0
LTM1000,Tejas Varty,Senior Director - AI & Data,E2,Technology & Engineering,4.4,Stakeholder Engagement,Influences Others,ordinal_4,2.0
LTM1000,Tejas Varty,Senior Director - AI & Data,E2,Technology & Engineering,4.4,Positivity,Optimism,scale_100,47.0
LTM1000,Tejas Varty,Senior Director - AI & Data,E2,Technology & Engineering,4.4,Positivity,Situational Self-Awareness,scale_100,69.0
LTM1000,Tejas Varty,Senior Director - AI & Data,E2,Technology & Engineering,4.4,Positivity,Composure,scale_100,69.0
LTM1000,Tejas Varty,Senior Director - AI & Data,E2,Technology & Engineering,4.4,Striving,Credibility,scale_100,50.0
LTM1000,Tejas Varty,Senior Director - AI & Data,E2,Technology & Engineering,4.4,Striving,Confidence,scale_100,50.0
LTM1000,Tejas Varty,Senior Director - AI & Data,E2,Technology & Engineering,4.4,Striving,Need for Achievement,scale_100,46.0
LTM1000,Tejas Varty,Senior Director - AI & Data,E2,Technology & Engineering,4.4,Striving,Persistence,scale_100,61.0
LTM1000,Tejas Varty,Senior Director - AI & Data,E2,Technology & Engineering,4.4,Agreeableness,Affiliation,scale_100,46.0
LTM1000,Tejas Varty,Senior Director - AI & Data,E2,Technology & Engineering,4.4,Agreeableness,Humility,scale_100,45.0
LTM1000,Tejas Varty,Senior Director - AI & Data,E2,Technology & Engineering,4.4,Agreeableness,Trust,scale_100,59.0
LTM1000,Tejas Varty,Senior Director - AI & Data,E2,Technology & Engineering,4.4,Agreeableness,Openness to Differences,scale_100,44.0
LTM1000,Tejas Varty,Senior Director - AI & Data,E2,Technology & Engineering,4.4,Agility,Focus,scale_100,55.0
LTM1000,Tejas Varty,Senior Director - AI & Data,E2,Technology & Engineering,4.4,Agility,Curiosity,scale_100,40.0
LTM1000,Tejas Varty,Senior Director - AI & Data,E2,Technology & Engineering,4.4,Agility,Adaptability,scale_100,63.0
LTM1000,Tejas Varty,Senior Director - AI & Data,E2,Technology & Engineering,4.4,Agility,Risk Taking,scale_100,75.0
LTM1000,Tejas Varty,Senior Director - AI & Data,E2,Technology & Engineering,4.4,Agility,Tolerance of Ambiguity,scale_100,63.0
LTM1000,Tejas Varty,Senior Director - AI & Data,E2,Technology & Engineering,4.4,Presence,Empathy,scale_100,64.0
LTM1000,Tejas Varty,Senior Director - AI & Data,E2,Technology & Engineering,4.4,Presence,Assertiveness,scale_100,41.0
LTM1000,Tejas Varty,Senior Director - AI & Data,E2,Technology & Engineering,4.4,Presence,Sociability,scale_100,52.0
LTM1000,Tejas Varty,Senior Director - AI & Data,E2,Technology & Engineering,4.4,Presence,Influence,scale_100,40.0
LTM1000,Tejas Varty,Senior Director - AI & Data,E2,Technology & Engineering,4.4,Learning Agility,Mental Agility,scale_10,5.9
LTM1000,Tejas Varty,Senior Director - AI & Data,E2,Technology & Engineering,4.4,Learning Agility,People Agility,scale_10,6.7
LTM1000,Tejas Varty,Senior Director - AI & Data,E2,Technology & Engineering,4.4,Learning Agility,Change Agility,scale_10,6.2
LTM1000,Tejas Varty,Senior Director - AI & Data,E2,Technology & Engineering,4.4,Learning Agility,Results Agility,scale_10,5.0
LTM1000,Tejas Varty,Senior Director - AI & Data,E2,Technology & Engineering,4.4,Learning Agility,Situational Self-Awareness,scale_10,5.0
LTM1000,Tejas Varty,Senior Director - AI & Data,E2,Technology & Engineering,4.4,Drivers,Balance,drivers_60,19.0
LTM1000,Tejas Varty,Senior Director - AI & Data,E2,Technology & Engineering,4.4,Drivers,Collaboration,drivers_60,32.0
LTM1000,Tejas Varty,Senior Director - AI & Data,E2,Technology & Engineering,4.4,Drivers,Power,drivers_60,43.0
LTM1000,Tejas Varty,Senior Director - AI & Data,E2,Technology & Engineering,4.4,Drivers,Challenge,drivers_60,39.0
LTM1000,Tejas Varty,Senior Director - AI & Data,E2,Technology & Engineering,4.4,Drivers,Structure,drivers_60,16.0
LTM1000,Tejas Varty,Senior Director - AI & Data,E2,Technology & Engineering,4.4,Drivers,Independence,drivers_60,39.0
LTM1000,Tejas Varty,Senior Director - AI & Data,E2,Technology & Engineering,4.4,Risk Factor,Avoidant,risk_10,5.0
LTM1000,Tejas Varty,Senior Director - AI & Data,E2,Technology & Engineering,4.4,Risk Factor,Closed,risk_10,2.7
LTM1000,Tejas Varty,Senior Director - AI & Data,E2,Technology & Engineering,4.4,Risk Factor,Defensive,risk_10,3.9
LTM1000,Tejas Varty,Senior Director - AI & Data,E2,Technology & Engineering,4.4,Risk Factor,Egotistic,risk_10,5.1
LTM1000,Tejas Varty,Senior Director - AI & Data,E2,Technology & Engineering,4.4,Risk Factor,Micro Managing,risk_10,4.6
LTM1000,Tejas Varty,Senior Director - AI & Data,E2,Technology & Engineering,4.4,Risk Factor,Opportunistic,risk_10,2.9
LTM1000,Tejas Varty,Senior Director - AI & Data,E2,Technology & Engineering,4.4,Risk Factor,Restrained,risk_10,4.7
LTM1000,Tejas Varty,Senior Director - AI & Data,E2,Technology & Engineering,4.4,Risk Factor,Social Pleaser,risk_10,2.2
LTM1000,Tejas Varty,Senior Director - AI & Data,E2,Technology & Engineering,4.4,Risk Factor,Solitary,risk_10,3.9
LTM1000,Tejas Varty,Senior Director - AI & Data,E2,Technology & Engineering,4.4,Risk Factor,Suspicious,risk_10,5.1
LTM1000,Tejas Varty,Senior Director - AI & Data,E2,Technology & Engineering,4.4,Risk Factor,Volatile,risk_10,4.1
LTM1058,Miraan Karan,Vice President - Product Management,E1,Technology & Engineering,5.0,Strategic Thinking,Strategic Vision,ordinal_4,3.0
LTM1058,Miraan Karan,Vice President - Product Management,E1,Technology & Engineering,5.0,Strategic Thinking,Business Acumen,ordinal_4,4.0
LTM1058,Miraan Karan,Vice President - Product Management,E1,Technology & Engineering,5.0,Strategic Thinking,Market and External Awareness,ordinal_4,4.0
LTM1058,Miraan Karan,Vice President - Product Management,E1,Technology & Engineering,5.0,Operational Excellence,Drive for Results,ordinal_4,4.0
LTM1058,Miraan Karan,Vice President - Product Management,E1,Technology & Engineering,5.0,Operational Excellence,Process Optimization,ordinal_4,4.0
LTM1058,Miraan Karan,Vice President - Product Management,E1,Technology & Engineering,5.0,Operational Excellence,Quality Focus,ordinal_4,4.0
LTM1058,Miraan Karan,Vice President - Product Management,E1,Technology & Engineering,5.0,Decision Effectiveness,Analytical Thinking,ordinal_4,4.0
LTM1058,Miraan Karan,Vice President - Product Management,E1,Technology & Engineering,5.0,Decision Effectiveness,Sound Judgment,ordinal_4,4.0
LTM1058,Miraan Karan,Vice President - Product Management,E1,Technology & Engineering,5.0,Decision Effectiveness,Decisiveness Under Uncertainty,ordinal_4,4.0
LTM1058,Miraan Karan,Vice President - Product Management,E1,Technology & Engineering,5.0,People Leadership,Develops Talent,ordinal_4,3.0
LTM1058,Miraan Karan,Vice President - Product Management,E1,Technology & Engineering,5.0,People Leadership,Builds Effective Teams,ordinal_4,3.0
LTM1058,Miraan Karan,Vice President - Product Management,E1,Technology & Engineering,5.0,People Leadership,Coaching Others,ordinal_4,3.0
LTM1058,Miraan Karan,Vice President - Product Management,E1,Technology & Engineering,5.0,Leading Change,Change Sponsorship,ordinal_4,3.0
LTM1058,Miraan Karan,Vice President - Product Management,E1,Technology & Engineering,5.0,Leading Change,Adaptability,ordinal_4,4.0
LTM1058,Miraan Karan,Vice President - Product Management,E1,Technology & Engineering,5.0,Leading Change,Resilience,ordinal_4,4.0
LTM1058,Miraan Karan,Vice President - Product Management,E1,Technology & Engineering,5.0,Stakeholder Engagement,Builds Trust,ordinal_4,3.0
LTM1058,Miraan Karan,Vice President - Product Management,E1,Technology & Engineering,5.0,Stakeholder Engagement,Customer Focus,ordinal_4,4.0
LTM1058,Miraan Karan,Vice President - Product Management,E1,Technology & Engineering,5.0,Stakeholder Engagement,Influences Others,ordinal_4,4.0
LTM1058,Miraan Karan,Vice President - Product Management,E1,Technology & Engineering,5.0,Positivity,Optimism,scale_100,62.0
LTM1058,Miraan Karan,Vice President - Product Management,E1,Technology & Engineering,5.0,Positivity,Situational Self-Awareness,scale_100,70.0
LTM1058,Miraan Karan,Vice President - Product Management,E1,Technology & Engineering,5.0,Positivity,Composure,scale_100,62.0
LTM1058,Miraan Karan,Vice President - Product Management,E1,Technology & Engineering,5.0,Striving,Credibility,scale_100,78.0
LTM1058,Miraan Karan,Vice President - Product Management,E1,Technology & Engineering,5.0,Striving,Confidence,scale_100,71.0
LTM1058,Miraan Karan,Vice President - Product Management,E1,Technology & Engineering,5.0,Striving,Need for Achievement,scale_100,52.0
LTM1058,Miraan Karan,Vice President - Product Management,E1,Technology & Engineering,5.0,Striving,Persistence,scale_100,66.0
LTM1058,Miraan Karan,Vice President - Product Management,E1,Technology & Engineering,5.0,Agreeableness,Affiliation,scale_100,81.0
LTM1058,Miraan Karan,Vice President - Product Management,E1,Technology & Engineering,5.0,Agreeableness,Humility,scale_100,63.0
LTM1058,Miraan Karan,Vice President - Product Management,E1,Technology & Engineering,5.0,Agreeableness,Trust,scale_100,69.0
LTM1058,Miraan Karan,Vice President - Product Management,E1,Technology & Engineering,5.0,Agreeableness,Openness to Differences,scale_100,70.0
LTM1058,Miraan Karan,Vice President - Product Management,E1,Technology & Engineering,5.0,Agility,Focus,scale_100,60.0
LTM1058,Miraan Karan,Vice President - Product Management,E1,Technology & Engineering,5.0,Agility,Curiosity,scale_100,75.0
LTM1058,Miraan Karan,Vice President - Product Management,E1,Technology & Engineering,5.0,Agility,Adaptability,scale_100,56.0
LTM1058,Miraan Karan,Vice President - Product Management,E1,Technology & Engineering,5.0,Agility,Risk Taking,scale_100,64.0
LTM1058,Miraan Karan,Vice President - Product Management,E1,Technology & Engineering,5.0,Agility,Tolerance of Ambiguity,scale_100,81.0
LTM1058,Miraan Karan,Vice President - Product Management,E1,Technology & Engineering,5.0,Presence,Empathy,scale_100,68.0
LTM1058,Miraan Karan,Vice President - Product Management,E1,Technology & Engineering,5.0,Presence,Assertiveness,scale_100,61.0
LTM1058,Miraan Karan,Vice President - Product Management,E1,Technology & Engineering,5.0,Presence,Sociability,scale_100,69.0
LTM1058,Miraan Karan,Vice President - Product Management,E1,Technology & Engineering,5.0,Presence,Influence,scale_100,64.0
LTM1058,Miraan Karan,Vice President - Product Management,E1,Technology & Engineering,5.0,Learning Agility,Mental Agility,scale_10,8.1
LTM1058,Miraan Karan,Vice President - Product Management,E1,Technology & Engineering,5.0,Learning Agility,People Agility,scale_10,8.6
LTM1058,Miraan Karan,Vice President - Product Management,E1,Technology & Engineering,5.0,Learning Agility,Change Agility,scale_10,7.5
LTM1058,Miraan Karan,Vice President - Product Management,E1,Technology & Engineering,5.0,Learning Agility,Results Agility,scale_10,8.1
LTM1058,Miraan Karan,Vice President - Product Management,E1,Technology & Engineering,5.0,Learning Agility,Situational Self-Awareness,scale_10,7.9
LTM1058,Miraan Karan,Vice President - Product Management,E1,Technology & Engineering,5.0,Drivers,Balance,drivers_60,32.0
LTM1058,Miraan Karan,Vice President - Product Management,E1,Technology & Engineering,5.0,Drivers,Collaboration,drivers_60,36.0
LTM1058,Miraan Karan,Vice President - Product Management,E1,Technology & Engineering,5.0,Drivers,Power,drivers_60,54.0
LTM1058,Miraan Karan,Vice President - Product Management,E1,Technology & Engineering,5.0,Drivers,Challenge,drivers_60,45.0
LTM1058,Miraan Karan,Vice President - Product Management,E1,Technology & Engineering,5.0,Drivers,Structure,drivers_60,33.0
LTM1058,Miraan Karan,Vice President - Product Management,E1,Technology & Engineering,5.0,Drivers,Independence,drivers_60,32.0
LTM1058,Miraan Karan,Vice President - Product Management,E1,Technology & Engineering,5.0,Risk Factor,Avoidant,risk_10,1.6
LTM1058,Miraan Karan,Vice President - Product Management,E1,Technology & Engineering,5.0,Risk Factor,Closed,risk_10,3.1
LTM1058,Miraan Karan,Vice President - Product Management,E1,Technology & Engineering,5.0,Risk Factor,Defensive,risk_10,1.5
LTM1058,Miraan Karan,Vice President - Product Management,E1,Technology & Engineering,5.0,Risk Factor,Egotistic,risk_10,2.8
LTM1058,Miraan Karan,Vice President - Product Management,E1,Technology & Engineering,5.0,Risk Factor,Micro Managing,risk_10,2.0
LTM1058,Miraan Karan,Vice President - Product Management,E1,Technology & Engineering,5.0,Risk Factor,Opportunistic,risk_10,2.1
LTM1058,Miraan Karan,Vice President - Product Management,E1,Technology & Engineering,5.0,Risk Factor,Restrained,risk_10,1.0
LTM1058,Miraan Karan,Vice President - Product Management,E1,Technology & Engineering,5.0,Risk Factor,Social Pleaser,risk_10,2.5
LTM1058,Miraan Karan,Vice President - Product Management,E1,Technology & Engineering,5.0,Risk Factor,Solitary,risk_10,1.4
LTM1058,Miraan Karan,Vice President - Product Management,E1,Technology & Engineering,5.0,Risk Factor,Suspicious,risk_10,2.4
LTM1058,Miraan Karan,Vice President - Product Management,E1,Technology & Engineering,5.0,Risk Factor,Volatile,risk_10,1.0
LTM1053,Pari Thaker,Chief Strategy Officer,E2,Strategy & Corporate Development,4.4,Strategic Thinking,Strategic Vision,ordinal_4,3.0
LTM1053,Pari Thaker,Chief Strategy Officer,E2,Strategy & Corporate Development,4.4,Strategic Thinking,Business Acumen,ordinal_4,3.0
LTM1053,Pari Thaker,Chief Strategy Officer,E2,Strategy & Corporate Development,4.4,Strategic Thinking,Market and External Awareness,ordinal_4,3.0
LTM1053,Pari Thaker,Chief Strategy Officer,E2,Strategy & Corporate Development,4.4,Operational Excellence,Drive for Results,ordinal_4,2.0
LTM1053,Pari Thaker,Chief Strategy Officer,E2,Strategy & Corporate Development,4.4,Operational Excellence,Process Optimization,ordinal_4,2.0
LTM1053,Pari Thaker,Chief Strategy Officer,E2,Strategy & Corporate Development,4.4,Operational Excellence,Quality Focus,ordinal_4,2.0
LTM1053,Pari Thaker,Chief Strategy Officer,E2,Strategy & Corporate Development,4.4,Decision Effectiveness,Analytical Thinking,ordinal_4,3.0
LTM1053,Pari Thaker,Chief Strategy Officer,E2,Strategy & Corporate Development,4.4,Decision Effectiveness,Sound Judgment,ordinal_4,3.0
LTM1053,Pari Thaker,Chief Strategy Officer,E2,Strategy & Corporate Development,4.4,Decision Effectiveness,Decisiveness Under Uncertainty,ordinal_4,3.0
LTM1053,Pari Thaker,Chief Strategy Officer,E2,Strategy & Corporate Development,4.4,People Leadership,Develops Talent,ordinal_4,2.0
LTM1053,Pari Thaker,Chief Strategy Officer,E2,Strategy & Corporate Development,4.4,People Leadership,Builds Effective Teams,ordinal_4,2.0
LTM1053,Pari Thaker,Chief Strategy Officer,E2,Strategy & Corporate Development,4.4,People Leadership,Coaching Others,ordinal_4,2.0
LTM1053,Pari Thaker,Chief Strategy Officer,E2,Strategy & Corporate Development,4.4,Leading Change,Change Sponsorship,ordinal_4,3.0
LTM1053,Pari Thaker,Chief Strategy Officer,E2,Strategy & Corporate Development,4.4,Leading Change,Adaptability,ordinal_4,2.0
LTM1053,Pari Thaker,Chief Strategy Officer,E2,Strategy & Corporate Development,4.4,Leading Change,Resilience,ordinal_4,2.0
LTM1053,Pari Thaker,Chief Strategy Officer,E2,Strategy & Corporate Development,4.4,Stakeholder Engagement,Builds Trust,ordinal_4,3.0
LTM1053,Pari Thaker,Chief Strategy Officer,E2,Strategy & Corporate Development,4.4,Stakeholder Engagement,Customer Focus,ordinal_4,3.0
LTM1053,Pari Thaker,Chief Strategy Officer,E2,Strategy & Corporate Development,4.4,Stakeholder Engagement,Influences Others,ordinal_4,3.0
LTM1053,Pari Thaker,Chief Strategy Officer,E2,Strategy & Corporate Development,4.4,Positivity,Optimism,scale_100,55.0
LTM1053,Pari Thaker,Chief Strategy Officer,E2,Strategy & Corporate Development,4.4,Positivity,Situational Self-Awareness,scale_100,41.0
LTM1053,Pari Thaker,Chief Strategy Officer,E2,Strategy & Corporate Development,4.4,Positivity,Composure,scale_100,57.0
LTM1053,Pari Thaker,Chief Strategy Officer,E2,Strategy & Corporate Development,4.4,Striving,Credibility,scale_100,51.0
LTM1053,Pari Thaker,Chief Strategy Officer,E2,Strategy & Corporate Development,4.4,Striving,Confidence,scale_100,37.0
LTM1053,Pari Thaker,Chief Strategy Officer,E2,Strategy & Corporate Development,4.4,Striving,Need for Achievement,scale_100,48.0
LTM1053,Pari Thaker,Chief Strategy Officer,E2,Strategy & Corporate Development,4.4,Striving,Persistence,scale_100,63.0
LTM1053,Pari Thaker,Chief Strategy Officer,E2,Strategy & Corporate Development,4.4,Agreeableness,Affiliation,scale_100,66.0
LTM1053,Pari Thaker,Chief Strategy Officer,E2,Strategy & Corporate Development,4.4,Agreeableness,Humility,scale_100,57.0
LTM1053,Pari Thaker,Chief Strategy Officer,E2,Strategy & Corporate Development,4.4,Agreeableness,Trust,scale_100,38.0
LTM1053,Pari Thaker,Chief Strategy Officer,E2,Strategy & Corporate Development,4.4,Agreeableness,Openness to Differences,scale_100,54.0
LTM1053,Pari Thaker,Chief Strategy Officer,E2,Strategy & Corporate Development,4.4,Agility,Focus,scale_100,58.0
LTM1053,Pari Thaker,Chief Strategy Officer,E2,Strategy & Corporate Development,4.4,Agility,Curiosity,scale_100,57.0
LTM1053,Pari Thaker,Chief Strategy Officer,E2,Strategy & Corporate Development,4.4,Agility,Adaptability,scale_100,57.0
LTM1053,Pari Thaker,Chief Strategy Officer,E2,Strategy & Corporate Development,4.4,Agility,Risk Taking,scale_100,53.0
LTM1053,Pari Thaker,Chief Strategy Officer,E2,Strategy & Corporate Development,4.4,Agility,Tolerance of Ambiguity,scale_100,49.0
LTM1053,Pari Thaker,Chief Strategy Officer,E2,Strategy & Corporate Development,4.4,Presence,Empathy,scale_100,43.0
LTM1053,Pari Thaker,Chief Strategy Officer,E2,Strategy & Corporate Development,4.4,Presence,Assertiveness,scale_100,31.0
LTM1053,Pari Thaker,Chief Strategy Officer,E2,Strategy & Corporate Development,4.4,Presence,Sociability,scale_100,53.0
LTM1053,Pari Thaker,Chief Strategy Officer,E2,Strategy & Corporate Development,4.4,Presence,Influence,scale_100,51.0
LTM1053,Pari Thaker,Chief Strategy Officer,E2,Strategy & Corporate Development,4.4,Learning Agility,Mental Agility,scale_10,5.9
LTM1053,Pari Thaker,Chief Strategy Officer,E2,Strategy & Corporate Development,4.4,Learning Agility,People Agility,scale_10,4.4
LTM1053,Pari Thaker,Chief Strategy Officer,E2,Strategy & Corporate Development,4.4,Learning Agility,Change Agility,scale_10,6.0
LTM1053,Pari Thaker,Chief Strategy Officer,E2,Strategy & Corporate Development,4.4,Learning Agility,Results Agility,scale_10,7.1
LTM1053,Pari Thaker,Chief Strategy Officer,E2,Strategy & Corporate Development,4.4,Learning Agility,Situational Self-Awareness,scale_10,5.6
LTM1053,Pari Thaker,Chief Strategy Officer,E2,Strategy & Corporate Development,4.4,Drivers,Balance,drivers_60,29.0
LTM1053,Pari Thaker,Chief Strategy Officer,E2,Strategy & Corporate Development,4.4,Drivers,Collaboration,drivers_60,31.0
LTM1053,Pari Thaker,Chief Strategy Officer,E2,Strategy & Corporate Development,4.4,Drivers,Power,drivers_60,43.0
LTM1053,Pari Thaker,Chief Strategy Officer,E2,Strategy & Corporate Development,4.4,Drivers,Challenge,drivers_60,22.0
LTM1053,Pari Thaker,Chief Strategy Officer,E2,Strategy & Corporate Development,4.4,Drivers,Structure,drivers_60,30.0
LTM1053,Pari Thaker,Chief Strategy Officer,E2,Strategy & Corporate Development,4.4,Drivers,Independence,drivers_60,23.0
LTM1053,Pari Thaker,Chief Strategy Officer,E2,Strategy & Corporate Development,4.4,Risk Factor,Avoidant,risk_10,3.6
LTM1053,Pari Thaker,Chief Strategy Officer,E2,Strategy & Corporate Development,4.4,Risk Factor,Closed,risk_10,4.1
LTM1053,Pari Thaker,Chief Strategy Officer,E2,Strategy & Corporate Development,4.4,Risk Factor,Defensive,risk_10,5.3
LTM1053,Pari Thaker,Chief Strategy Officer,E2,Strategy & Corporate Development,4.4,Risk Factor,Egotistic,risk_10,5.7
LTM1053,Pari Thaker,Chief Strategy Officer,E2,Strategy & Corporate Development,4.4,Risk Factor,Micro Managing,risk_10,4.5
LTM1053,Pari Thaker,Chief Strategy Officer,E2,Strategy & Corporate Development,4.4,Risk Factor,Opportunistic,risk_10,3.8
LTM1053,Pari Thaker,Chief Strategy Officer,E2,Strategy & Corporate Development,4.4,Risk Factor,Restrained,risk_10,6.4
LTM1053,Pari Thaker,Chief Strategy Officer,E2,Strategy & Corporate Development,4.4,Risk Factor,Social Pleaser,risk_10,3.7
LTM1053,Pari Thaker,Chief Strategy Officer,E2,Strategy & Corporate Development,4.4,Risk Factor,Solitary,risk_10,3.6
LTM1053,Pari Thaker,Chief Strategy Officer,E2,Strategy & Corporate Development,4.4,Risk Factor,Suspicious,risk_10,2.5
LTM1053,Pari Thaker,Chief Strategy Officer,E2,Strategy & Corporate Development,4.4,Risk Factor,Volatile,risk_10,5.4
LTM1071,Misha Chahal,Director - Enterprise Applications,E2,Technology & Engineering,4.9,Strategic Thinking,Strategic Vision,ordinal_4,4.0
LTM1071,Misha Chahal,Director - Enterprise Applications,E2,Technology & Engineering,4.9,Strategic Thinking,Business Acumen,ordinal_4,4.0
LTM1071,Misha Chahal,Director - Enterprise Applications,E2,Technology & Engineering,4.9,Strategic Thinking,Market and External Awareness,ordinal_4,3.0
LTM1071,Misha Chahal,Director - Enterprise Applications,E2,Technology & Engineering,4.9,Operational Excellence,Drive for Results,ordinal_4,4.0
LTM1071,Misha Chahal,Director - Enterprise Applications,E2,Technology & Engineering,4.9,Operational Excellence,Process Optimization,ordinal_4,4.0
LTM1071,Misha Chahal,Director - Enterprise Applications,E2,Technology & Engineering,4.9,Operational Excellence,Quality Focus,ordinal_4,4.0
LTM1071,Misha Chahal,Director - Enterprise Applications,E2,Technology & Engineering,4.9,Decision Effectiveness,Analytical Thinking,ordinal_4,3.0
LTM1071,Misha Chahal,Director - Enterprise Applications,E2,Technology & Engineering,4.9,Decision Effectiveness,Sound Judgment,ordinal_4,4.0
LTM1071,Misha Chahal,Director - Enterprise Applications,E2,Technology & Engineering,4.9,Decision Effectiveness,Decisiveness Under Uncertainty,ordinal_4,4.0
LTM1071,Misha Chahal,Director - Enterprise Applications,E2,Technology & Engineering,4.9,People Leadership,Develops Talent,ordinal_4,3.0
LTM1071,Misha Chahal,Director - Enterprise Applications,E2,Technology & Engineering,4.9,People Leadership,Builds Effective Teams,ordinal_4,4.0
LTM1071,Misha Chahal,Director - Enterprise Applications,E2,Technology & Engineering,4.9,People Leadership,Coaching Others,ordinal_4,3.0
LTM1071,Misha Chahal,Director - Enterprise Applications,E2,Technology & Engineering,4.9,Leading Change,Change Sponsorship,ordinal_4,3.0
LTM1071,Misha Chahal,Director - Enterprise Applications,E2,Technology & Engineering,4.9,Leading Change,Adaptability,ordinal_4,3.0
LTM1071,Misha Chahal,Director - Enterprise Applications,E2,Technology & Engineering,4.9,Leading Change,Resilience,ordinal_4,3.0
LTM1071,Misha Chahal,Director - Enterprise Applications,E2,Technology & Engineering,4.9,Stakeholder Engagement,Builds Trust,ordinal_4,4.0
LTM1071,Misha Chahal,Director - Enterprise Applications,E2,Technology & Engineering,4.9,Stakeholder Engagement,Customer Focus,ordinal_4,4.0
LTM1071,Misha Chahal,Director - Enterprise Applications,E2,Technology & Engineering,4.9,Stakeholder Engagement,Influences Others,ordinal_4,3.0
LTM1071,Misha Chahal,Director - Enterprise Applications,E2,Technology & Engineering,4.9,Positivity,Optimism,scale_100,67.0
LTM1071,Misha Chahal,Director - Enterprise Applications,E2,Technology & Engineering,4.9,Positivity,Situational Self-Awareness,scale_100,61.0
LTM1071,Misha Chahal,Director - Enterprise Applications,E2,Technology & Engineering,4.9,Positivity,Composure,scale_100,67.0
LTM1071,Misha Chahal,Director - Enterprise Applications,E2,Technology & Engineering,4.9,Striving,Credibility,scale_100,57.0
LTM1071,Misha Chahal,Director - Enterprise Applications,E2,Technology & Engineering,4.9,Striving,Confidence,scale_100,54.0
LTM1071,Misha Chahal,Director - Enterprise Applications,E2,Technology & Engineering,4.9,Striving,Need for Achievement,scale_100,74.0
LTM1071,Misha Chahal,Director - Enterprise Applications,E2,Technology & Engineering,4.9,Striving,Persistence,scale_100,63.0
LTM1071,Misha Chahal,Director - Enterprise Applications,E2,Technology & Engineering,4.9,Agreeableness,Affiliation,scale_100,83.0
LTM1071,Misha Chahal,Director - Enterprise Applications,E2,Technology & Engineering,4.9,Agreeableness,Humility,scale_100,64.0
LTM1071,Misha Chahal,Director - Enterprise Applications,E2,Technology & Engineering,4.9,Agreeableness,Trust,scale_100,54.0
LTM1071,Misha Chahal,Director - Enterprise Applications,E2,Technology & Engineering,4.9,Agreeableness,Openness to Differences,scale_100,76.0
LTM1071,Misha Chahal,Director - Enterprise Applications,E2,Technology & Engineering,4.9,Agility,Focus,scale_100,76.0
LTM1071,Misha Chahal,Director - Enterprise Applications,E2,Technology & Engineering,4.9,Agility,Curiosity,scale_100,77.0
LTM1071,Misha Chahal,Director - Enterprise Applications,E2,Technology & Engineering,4.9,Agility,Adaptability,scale_100,81.0
LTM1071,Misha Chahal,Director - Enterprise Applications,E2,Technology & Engineering,4.9,Agility,Risk Taking,scale_100,63.0
LTM1071,Misha Chahal,Director - Enterprise Applications,E2,Technology & Engineering,4.9,Agility,Tolerance of Ambiguity,scale_100,68.0
LTM1071,Misha Chahal,Director - Enterprise Applications,E2,Technology & Engineering,4.9,Presence,Empathy,scale_100,62.0
LTM1071,Misha Chahal,Director - Enterprise Applications,E2,Technology & Engineering,4.9,Presence,Assertiveness,scale_100,50.0
LTM1071,Misha Chahal,Director - Enterprise Applications,E2,Technology & Engineering,4.9,Presence,Sociability,scale_100,61.0
LTM1071,Misha Chahal,Director - Enterprise Applications,E2,Technology & Engineering,4.9,Presence,Influence,scale_100,77.0
LTM1071,Misha Chahal,Director - Enterprise Applications,E2,Technology & Engineering,4.9,Learning Agility,Mental Agility,scale_10,8.2
LTM1071,Misha Chahal,Director - Enterprise Applications,E2,Technology & Engineering,4.9,Learning Agility,People Agility,scale_10,6.9
LTM1071,Misha Chahal,Director - Enterprise Applications,E2,Technology & Engineering,4.9,Learning Agility,Change Agility,scale_10,6.7
LTM1071,Misha Chahal,Director - Enterprise Applications,E2,Technology & Engineering,4.9,Learning Agility,Results Agility,scale_10,9.3
LTM1071,Misha Chahal,Director - Enterprise Applications,E2,Technology & Engineering,4.9,Learning Agility,Situational Self-Awareness,scale_10,7.9
LTM1071,Misha Chahal,Director - Enterprise Applications,E2,Technology & Engineering,4.9,Drivers,Balance,drivers_60,37.0
LTM1071,Misha Chahal,Director - Enterprise Applications,E2,Technology & Engineering,4.9,Drivers,Collaboration,drivers_60,40.0
LTM1071,Misha Chahal,Director - Enterprise Applications,E2,Technology & Engineering,4.9,Drivers,Power,drivers_60,31.0
LTM1071,Misha Chahal,Director - Enterprise Applications,E2,Technology & Engineering,4.9,Drivers,Challenge,drivers_60,51.0
LTM1071,Misha Chahal,Director - Enterprise Applications,E2,Technology & Engineering,4.9,Drivers,Structure,drivers_60,39.0
LTM1071,Misha Chahal,Director - Enterprise Applications,E2,Technology & Engineering,4.9,Drivers,Independence,drivers_60,51.0
LTM1071,Misha Chahal,Director - Enterprise Applications,E2,Technology & Engineering,4.9,Risk Factor,Avoidant,risk_10,2.0
LTM1071,Misha Chahal,Director - Enterprise Applications,E2,Technology & Engineering,4.9,Risk Factor,Closed,risk_10,3.2
LTM1071,Misha Chahal,Director - Enterprise Applications,E2,Technology & Engineering,4.9,Risk Factor,Defensive,risk_10,2.2
LTM1071,Misha Chahal,Director - Enterprise Applications,E2,Technology & Engineering,4.9,Risk Factor,Egotistic,risk_10,2.7
LTM1071,Misha Chahal,Director - Enterprise Applications,E2,Technology & Engineering,4.9,Risk Factor,Micro Managing,risk_10,2.6
LTM1071,Misha Chahal,Director - Enterprise Applications,E2,Technology & Engineering,4.9,Risk Factor,Opportunistic,risk_10,2.5
LTM1071,Misha Chahal,Director - Enterprise Applications,E2,Technology & Engineering,4.9,Risk Factor,Restrained,risk_10,2.3
LTM1071,Misha Chahal,Director - Enterprise Applications,E2,Technology & Engineering,4.9,Risk Factor,Social Pleaser,risk_10,1.7
LTM1071,Misha Chahal,Director - Enterprise Applications,E2,Technology & Engineering,4.9,Risk Factor,Solitary,risk_10,3.7
LTM1071,Misha Chahal,Director - Enterprise Applications,E2,Technology & Engineering,4.9,Risk Factor,Suspicious,risk_10,1.1
LTM1071,Misha Chahal,Director - Enterprise Applications,E2,Technology & Engineering,4.9,Risk Factor,Volatile,risk_10,1.9
LTM1012,Miraya Karnik,Senior Director - Delivery,E2,Operations,4.2,Strategic Thinking,Strategic Vision,ordinal_4,2.0
LTM1012,Miraya Karnik,Senior Director - Delivery,E2,Operations,4.2,Strategic Thinking,Business Acumen,ordinal_4,2.0
LTM1012,Miraya Karnik,Senior Director - Delivery,E2,Operations,4.2,Strategic Thinking,Market and External Awareness,ordinal_4,2.0
LTM1012,Miraya Karnik,Senior Director - Delivery,E2,Operations,4.2,Operational Excellence,Drive for Results,ordinal_4,2.0
LTM1012,Miraya Karnik,Senior Director - Delivery,E2,Operations,4.2,Operational Excellence,Process Optimization,ordinal_4,2.0
LTM1012,Miraya Karnik,Senior Director - Delivery,E2,Operations,4.2,Operational Excellence,Quality Focus,ordinal_4,2.0
LTM1012,Miraya Karnik,Senior Director - Delivery,E2,Operations,4.2,Decision Effectiveness,Analytical Thinking,ordinal_4,2.0
LTM1012,Miraya Karnik,Senior Director - Delivery,E2,Operations,4.2,Decision Effectiveness,Sound Judgment,ordinal_4,2.0
LTM1012,Miraya Karnik,Senior Director - Delivery,E2,Operations,4.2,Decision Effectiveness,Decisiveness Under Uncertainty,ordinal_4,2.0
LTM1012,Miraya Karnik,Senior Director - Delivery,E2,Operations,4.2,People Leadership,Develops Talent,ordinal_4,2.0
LTM1012,Miraya Karnik,Senior Director - Delivery,E2,Operations,4.2,People Leadership,Builds Effective Teams,ordinal_4,2.0
LTM1012,Miraya Karnik,Senior Director - Delivery,E2,Operations,4.2,People Leadership,Coaching Others,ordinal_4,2.0
LTM1012,Miraya Karnik,Senior Director - Delivery,E2,Operations,4.2,Leading Change,Change Sponsorship,ordinal_4,2.0
LTM1012,Miraya Karnik,Senior Director - Delivery,E2,Operations,4.2,Leading Change,Adaptability,ordinal_4,1.0
LTM1012,Miraya Karnik,Senior Director - Delivery,E2,Operations,4.2,Leading Change,Resilience,ordinal_4,1.0
LTM1012,Miraya Karnik,Senior Director - Delivery,E2,Operations,4.2,Stakeholder Engagement,Builds Trust,ordinal_4,2.0
LTM1012,Miraya Karnik,Senior Director - Delivery,E2,Operations,4.2,Stakeholder Engagement,Customer Focus,ordinal_4,1.0
LTM1012,Miraya Karnik,Senior Director - Delivery,E2,Operations,4.2,Stakeholder Engagement,Influences Others,ordinal_4,2.0
LTM1012,Miraya Karnik,Senior Director - Delivery,E2,Operations,4.2,Positivity,Optimism,scale_100,37.0
LTM1012,Miraya Karnik,Senior Director - Delivery,E2,Operations,4.2,Positivity,Situational Self-Awareness,scale_100,45.0
LTM1012,Miraya Karnik,Senior Director - Delivery,E2,Operations,4.2,Positivity,Composure,scale_100,38.0
LTM1012,Miraya Karnik,Senior Director - Delivery,E2,Operations,4.2,Striving,Credibility,scale_100,50.0
LTM1012,Miraya Karnik,Senior Director - Delivery,E2,Operations,4.2,Striving,Confidence,scale_100,45.0
LTM1012,Miraya Karnik,Senior Director - Delivery,E2,Operations,4.2,Striving,Need for Achievement,scale_100,40.0
LTM1012,Miraya Karnik,Senior Director - Delivery,E2,Operations,4.2,Striving,Persistence,scale_100,33.0
LTM1012,Miraya Karnik,Senior Director - Delivery,E2,Operations,4.2,Agreeableness,Affiliation,scale_100,47.0
LTM1012,Miraya Karnik,Senior Director - Delivery,E2,Operations,4.2,Agreeableness,Humility,scale_100,32.0
LTM1012,Miraya Karnik,Senior Director - Delivery,E2,Operations,4.2,Agreeableness,Trust,scale_100,48.0
LTM1012,Miraya Karnik,Senior Director - Delivery,E2,Operations,4.2,Agreeableness,Openness to Differences,scale_100,70.0
LTM1012,Miraya Karnik,Senior Director - Delivery,E2,Operations,4.2,Agility,Focus,scale_100,58.0
LTM1012,Miraya Karnik,Senior Director - Delivery,E2,Operations,4.2,Agility,Curiosity,scale_100,51.0
LTM1012,Miraya Karnik,Senior Director - Delivery,E2,Operations,4.2,Agility,Adaptability,scale_100,43.0
LTM1012,Miraya Karnik,Senior Director - Delivery,E2,Operations,4.2,Agility,Risk Taking,scale_100,25.0
LTM1012,Miraya Karnik,Senior Director - Delivery,E2,Operations,4.2,Agility,Tolerance of Ambiguity,scale_100,31.0
LTM1012,Miraya Karnik,Senior Director - Delivery,E2,Operations,4.2,Presence,Empathy,scale_100,57.0
LTM1012,Miraya Karnik,Senior Director - Delivery,E2,Operations,4.2,Presence,Assertiveness,scale_100,36.0
LTM1012,Miraya Karnik,Senior Director - Delivery,E2,Operations,4.2,Presence,Sociability,scale_100,37.0
LTM1012,Miraya Karnik,Senior Director - Delivery,E2,Operations,4.2,Presence,Influence,scale_100,42.0
LTM1012,Miraya Karnik,Senior Director - Delivery,E2,Operations,4.2,Learning Agility,Mental Agility,scale_10,3.9
LTM1012,Miraya Karnik,Senior Director - Delivery,E2,Operations,4.2,Learning Agility,People Agility,scale_10,3.8
LTM1012,Miraya Karnik,Senior Director - Delivery,E2,Operations,4.2,Learning Agility,Change Agility,scale_10,4.7
LTM1012,Miraya Karnik,Senior Director - Delivery,E2,Operations,4.2,Learning Agility,Results Agility,scale_10,4.0
LTM1012,Miraya Karnik,Senior Director - Delivery,E2,Operations,4.2,Learning Agility,Situational Self-Awareness,scale_10,4.2
LTM1012,Miraya Karnik,Senior Director - Delivery,E2,Operations,4.2,Drivers,Balance,drivers_60,24.0
LTM1012,Miraya Karnik,Senior Director - Delivery,E2,Operations,4.2,Drivers,Collaboration,drivers_60,33.0
LTM1012,Miraya Karnik,Senior Director - Delivery,E2,Operations,4.2,Drivers,Power,drivers_60,27.0
LTM1012,Miraya Karnik,Senior Director - Delivery,E2,Operations,4.2,Drivers,Challenge,drivers_60,28.0
LTM1012,Miraya Karnik,Senior Director - Delivery,E2,Operations,4.2,Drivers,Structure,drivers_60,33.0
LTM1012,Miraya Karnik,Senior Director - Delivery,E2,Operations,4.2,Drivers,Independence,drivers_60,28.0
LTM1012,Miraya Karnik,Senior Director - Delivery,E2,Operations,4.2,Risk Factor,Avoidant,risk_10,4.7
LTM1012,Miraya Karnik,Senior Director - Delivery,E2,Operations,4.2,Risk Factor,Closed,risk_10,5.4
LTM1012,Miraya Karnik,Senior Director - Delivery,E2,Operations,4.2,Risk Factor,Defensive,risk_10,5.6
LTM1012,Miraya Karnik,Senior Director - Delivery,E2,Operations,4.2,Risk Factor,Egotistic,risk_10,4.9
LTM1012,Miraya Karnik,Senior Director - Delivery,E2,Operations,4.2,Risk Factor,Micro Managing,risk_10,5.1
LTM1012,Miraya Karnik,Senior Director - Delivery,E2,Operations,4.2,Risk Factor,Opportunistic,risk_10,4.3
LTM1012,Miraya Karnik,Senior Director - Delivery,E2,Operations,4.2,Risk Factor,Restrained,risk_10,4.2
LTM1012,Miraya Karnik,Senior Director - Delivery,E2,Operations,4.2,Risk Factor,Social Pleaser,risk_10,5.7
LTM1012,Miraya Karnik,Senior Director - Delivery,E2,Operations,4.2,Risk Factor,Solitary,risk_10,5.4
LTM1012,Miraya Karnik,Senior Director - Delivery,E2,Operations,4.2,Risk Factor,Suspicious,risk_10,5.4
LTM1012,Miraya Karnik,Senior Director - Delivery,E2,Operations,4.2,Risk Factor,Volatile,risk_10,5.3
LTM1066,Umang Rastogi,Vice President - Product Management,E1,Technology & Engineering,4.5,Strategic Thinking,Strategic Vision,ordinal_4,2.0
LTM1066,Umang Rastogi,Vice President - Product Management,E1,Technology & Engineering,4.5,Strategic Thinking,Business Acumen,ordinal_4,2.0
LTM1066,Umang Rastogi,Vice President - Product Management,E1,Technology & Engineering,4.5,Strategic Thinking,Market and External Awareness,ordinal_4,3.0
LTM1066,Umang Rastogi,Vice President - Product Management,E1,Technology & Engineering,4.5,Operational Excellence,Drive for Results,ordinal_4,3.0
LTM1066,Umang Rastogi,Vice President - Product Management,E1,Technology & Engineering,4.5,Operational Excellence,Process Optimization,ordinal_4,3.0
LTM1066,Umang Rastogi,Vice President - Product Management,E1,Technology & Engineering,4.5,Operational Excellence,Quality Focus,ordinal_4,3.0
LTM1066,Umang Rastogi,Vice President - Product Management,E1,Technology & Engineering,4.5,Decision Effectiveness,Analytical Thinking,ordinal_4,2.0
LTM1066,Umang Rastogi,Vice President - Product Management,E1,Technology & Engineering,4.5,Decision Effectiveness,Sound Judgment,ordinal_4,2.0
LTM1066,Umang Rastogi,Vice President - Product Management,E1,Technology & Engineering,4.5,Decision Effectiveness,Decisiveness Under Uncertainty,ordinal_4,2.0
LTM1066,Umang Rastogi,Vice President - Product Management,E1,Technology & Engineering,4.5,People Leadership,Develops Talent,ordinal_4,2.0
LTM1066,Umang Rastogi,Vice President - Product Management,E1,Technology & Engineering,4.5,People Leadership,Builds Effective Teams,ordinal_4,2.0
LTM1066,Umang Rastogi,Vice President - Product Management,E1,Technology & Engineering,4.5,People Leadership,Coaching Others,ordinal_4,2.0
LTM1066,Umang Rastogi,Vice President - Product Management,E1,Technology & Engineering,4.5,Leading Change,Change Sponsorship,ordinal_4,3.0
LTM1066,Umang Rastogi,Vice President - Product Management,E1,Technology & Engineering,4.5,Leading Change,Adaptability,ordinal_4,2.0
LTM1066,Umang Rastogi,Vice President - Product Management,E1,Technology & Engineering,4.5,Leading Change,Resilience,ordinal_4,2.0
LTM1066,Umang Rastogi,Vice President - Product Management,E1,Technology & Engineering,4.5,Stakeholder Engagement,Builds Trust,ordinal_4,2.0
LTM1066,Umang Rastogi,Vice President - Product Management,E1,Technology & Engineering,4.5,Stakeholder Engagement,Customer Focus,ordinal_4,2.0
LTM1066,Umang Rastogi,Vice President - Product Management,E1,Technology & Engineering,4.5,Stakeholder Engagement,Influences Others,ordinal_4,3.0
LTM1066,Umang Rastogi,Vice President - Product Management,E1,Technology & Engineering,4.5,Positivity,Optimism,scale_100,44.0
LTM1066,Umang Rastogi,Vice President - Product Management,E1,Technology & Engineering,4.5,Positivity,Situational Self-Awareness,scale_100,46.0
LTM1066,Umang Rastogi,Vice President - Product Management,E1,Technology & Engineering,4.5,Positivity,Composure,scale_100,35.0
LTM1066,Umang Rastogi,Vice President - Product Management,E1,Technology & Engineering,4.5,Striving,Credibility,scale_100,43.0
LTM1066,Umang Rastogi,Vice President - Product Management,E1,Technology & Engineering,4.5,Striving,Confidence,scale_100,33.0
LTM1066,Umang Rastogi,Vice President - Product Management,E1,Technology & Engineering,4.5,Striving,Need for Achievement,scale_100,57.0
LTM1066,Umang Rastogi,Vice President - Product Management,E1,Technology & Engineering,4.5,Striving,Persistence,scale_100,79.0
LTM1066,Umang Rastogi,Vice President - Product Management,E1,Technology & Engineering,4.5,Agreeableness,Affiliation,scale_100,47.0
LTM1066,Umang Rastogi,Vice President - Product Management,E1,Technology & Engineering,4.5,Agreeableness,Humility,scale_100,34.0
LTM1066,Umang Rastogi,Vice President - Product Management,E1,Technology & Engineering,4.5,Agreeableness,Trust,scale_100,60.0
LTM1066,Umang Rastogi,Vice President - Product Management,E1,Technology & Engineering,4.5,Agreeableness,Openness to Differences,scale_100,43.0
LTM1066,Umang Rastogi,Vice President - Product Management,E1,Technology & Engineering,4.5,Agility,Focus,scale_100,70.0
LTM1066,Umang Rastogi,Vice President - Product Management,E1,Technology & Engineering,4.5,Agility,Curiosity,scale_100,54.0
LTM1066,Umang Rastogi,Vice President - Product Management,E1,Technology & Engineering,4.5,Agility,Adaptability,scale_100,50.0
LTM1066,Umang Rastogi,Vice President - Product Management,E1,Technology & Engineering,4.5,Agility,Risk Taking,scale_100,55.0
LTM1066,Umang Rastogi,Vice President - Product Management,E1,Technology & Engineering,4.5,Agility,Tolerance of Ambiguity,scale_100,64.0
LTM1066,Umang Rastogi,Vice President - Product Management,E1,Technology & Engineering,4.5,Presence,Empathy,scale_100,48.0
LTM1066,Umang Rastogi,Vice President - Product Management,E1,Technology & Engineering,4.5,Presence,Assertiveness,scale_100,46.0
LTM1066,Umang Rastogi,Vice President - Product Management,E1,Technology & Engineering,4.5,Presence,Sociability,scale_100,49.0
LTM1066,Umang Rastogi,Vice President - Product Management,E1,Technology & Engineering,4.5,Presence,Influence,scale_100,38.0
LTM1066,Umang Rastogi,Vice President - Product Management,E1,Technology & Engineering,4.5,Learning Agility,Mental Agility,scale_10,6.5
LTM1066,Umang Rastogi,Vice President - Product Management,E1,Technology & Engineering,4.5,Learning Agility,People Agility,scale_10,4.8
LTM1066,Umang Rastogi,Vice President - Product Management,E1,Technology & Engineering,4.5,Learning Agility,Change Agility,scale_10,5.9
LTM1066,Umang Rastogi,Vice President - Product Management,E1,Technology & Engineering,4.5,Learning Agility,Results Agility,scale_10,6.8
LTM1066,Umang Rastogi,Vice President - Product Management,E1,Technology & Engineering,4.5,Learning Agility,Situational Self-Awareness,scale_10,6.5
LTM1066,Umang Rastogi,Vice President - Product Management,E1,Technology & Engineering,4.5,Drivers,Balance,drivers_60,34.0
LTM1066,Umang Rastogi,Vice President - Product Management,E1,Technology & Engineering,4.5,Drivers,Collaboration,drivers_60,30.0
LTM1066,Umang Rastogi,Vice President - Product Management,E1,Technology & Engineering,4.5,Drivers,Power,drivers_60,38.0
LTM1066,Umang Rastogi,Vice President - Product Management,E1,Technology & Engineering,4.5,Drivers,Challenge,drivers_60,37.0
LTM1066,Umang Rastogi,Vice President - Product Management,E1,Technology & Engineering,4.5,Drivers,Structure,drivers_60,33.0
LTM1066,Umang Rastogi,Vice President - Product Management,E1,Technology & Engineering,4.5,Drivers,Independence,drivers_60,37.0
LTM1066,Umang Rastogi,Vice President - Product Management,E1,Technology & Engineering,4.5,Risk Factor,Avoidant,risk_10,4.5
LTM1066,Umang Rastogi,Vice President - Product Management,E1,Technology & Engineering,4.5,Risk Factor,Closed,risk_10,3.5
LTM1066,Umang Rastogi,Vice President - Product Management,E1,Technology & Engineering,4.5,Risk Factor,Defensive,risk_10,2.6
LTM1066,Umang Rastogi,Vice President - Product Management,E1,Technology & Engineering,4.5,Risk Factor,Egotistic,risk_10,4.2
LTM1066,Umang Rastogi,Vice President - Product Management,E1,Technology & Engineering,4.5,Risk Factor,Micro Managing,risk_10,4.3
LTM1066,Umang Rastogi,Vice President - Product Management,E1,Technology & Engineering,4.5,Risk Factor,Opportunistic,risk_10,4.8
LTM1066,Umang Rastogi,Vice President - Product Management,E1,Technology & Engineering,4.5,Risk Factor,Restrained,risk_10,3.0
LTM1066,Umang Rastogi,Vice President - Product Management,E1,Technology & Engineering,4.5,Risk Factor,Social Pleaser,risk_10,3.0
LTM1066,Umang Rastogi,Vice President - Product Management,E1,Technology & Engineering,4.5,Risk Factor,Solitary,risk_10,4.3
LTM1066,Umang Rastogi,Vice President - Product Management,E1,Technology & Engineering,4.5,Risk Factor,Suspicious,risk_10,3.8
LTM1066,Umang Rastogi,Vice President - Product Management,E1,Technology & Engineering,4.5,Risk Factor,Volatile,risk_10,2.2
LTM1063,Hansh Balasubramanian,Senior Director - Delivery,E2,Operations,5.0,Strategic Thinking,Strategic Vision,ordinal_4,4.0
LTM1063,Hansh Balasubramanian,Senior Director - Delivery,E2,Operations,5.0,Strategic Thinking,Business Acumen,ordinal_4,3.0
LTM1063,Hansh Balasubramanian,Senior Director - Delivery,E2,Operations,5.0,Strategic Thinking,Market and External Awareness,ordinal_4,3.0
LTM1063,Hansh Balasubramanian,Senior Director - Delivery,E2,Operations,5.0,Operational Excellence,Drive for Results,ordinal_4,4.0
LTM1063,Hansh Balasubramanian,Senior Director - Delivery,E2,Operations,5.0,Operational Excellence,Process Optimization,ordinal_4,4.0
LTM1063,Hansh Balasubramanian,Senior Director - Delivery,E2,Operations,5.0,Operational Excellence,Quality Focus,ordinal_4,4.0
LTM1063,Hansh Balasubramanian,Senior Director - Delivery,E2,Operations,5.0,Decision Effectiveness,Analytical Thinking,ordinal_4,4.0
LTM1063,Hansh Balasubramanian,Senior Director - Delivery,E2,Operations,5.0,Decision Effectiveness,Sound Judgment,ordinal_4,4.0
LTM1063,Hansh Balasubramanian,Senior Director - Delivery,E2,Operations,5.0,Decision Effectiveness,Decisiveness Under Uncertainty,ordinal_4,4.0
LTM1063,Hansh Balasubramanian,Senior Director - Delivery,E2,Operations,5.0,People Leadership,Develops Talent,ordinal_4,4.0
LTM1063,Hansh Balasubramanian,Senior Director - Delivery,E2,Operations,5.0,People Leadership,Builds Effective Teams,ordinal_4,4.0
LTM1063,Hansh Balasubramanian,Senior Director - Delivery,E2,Operations,5.0,People Leadership,Coaching Others,ordinal_4,4.0
LTM1063,Hansh Balasubramanian,Senior Director - Delivery,E2,Operations,5.0,Leading Change,Change Sponsorship,ordinal_4,4.0
LTM1063,Hansh Balasubramanian,Senior Director - Delivery,E2,Operations,5.0,Leading Change,Adaptability,ordinal_4,4.0
LTM1063,Hansh Balasubramanian,Senior Director - Delivery,E2,Operations,5.0,Leading Change,Resilience,ordinal_4,3.0
LTM1063,Hansh Balasubramanian,Senior Director - Delivery,E2,Operations,5.0,Stakeholder Engagement,Builds Trust,ordinal_4,4.0
LTM1063,Hansh Balasubramanian,Senior Director - Delivery,E2,Operations,5.0,Stakeholder Engagement,Customer Focus,ordinal_4,3.0
LTM1063,Hansh Balasubramanian,Senior Director - Delivery,E2,Operations,5.0,Stakeholder Engagement,Influences Others,ordinal_4,3.0
LTM1063,Hansh Balasubramanian,Senior Director - Delivery,E2,Operations,5.0,Positivity,Optimism,scale_100,74.0
LTM1063,Hansh Balasubramanian,Senior Director - Delivery,E2,Operations,5.0,Positivity,Situational Self-Awareness,scale_100,66.0
LTM1063,Hansh Balasubramanian,Senior Director - Delivery,E2,Operations,5.0,Positivity,Composure,scale_100,63.0
LTM1063,Hansh Balasubramanian,Senior Director - Delivery,E2,Operations,5.0,Striving,Credibility,scale_100,59.0
LTM1063,Hansh Balasubramanian,Senior Director - Delivery,E2,Operations,5.0,Striving,Confidence,scale_100,64.0
LTM1063,Hansh Balasubramanian,Senior Director - Delivery,E2,Operations,5.0,Striving,Need for Achievement,scale_100,69.0
LTM1063,Hansh Balasubramanian,Senior Director - Delivery,E2,Operations,5.0,Striving,Persistence,scale_100,76.0
LTM1063,Hansh Balasubramanian,Senior Director - Delivery,E2,Operations,5.0,Agreeableness,Affiliation,scale_100,40.0
LTM1063,Hansh Balasubramanian,Senior Director - Delivery,E2,Operations,5.0,Agreeableness,Humility,scale_100,58.0
LTM1063,Hansh Balasubramanian,Senior Director - Delivery,E2,Operations,5.0,Agreeableness,Trust,scale_100,68.0
LTM1063,Hansh Balasubramanian,Senior Director - Delivery,E2,Operations,5.0,Agreeableness,Openness to Differences,scale_100,65.0
LTM1063,Hansh Balasubramanian,Senior Director - Delivery,E2,Operations,5.0,Agility,Focus,scale_100,70.0
LTM1063,Hansh Balasubramanian,Senior Director - Delivery,E2,Operations,5.0,Agility,Curiosity,scale_100,69.0
LTM1063,Hansh Balasubramanian,Senior Director - Delivery,E2,Operations,5.0,Agility,Adaptability,scale_100,63.0
LTM1063,Hansh Balasubramanian,Senior Director - Delivery,E2,Operations,5.0,Agility,Risk Taking,scale_100,61.0
LTM1063,Hansh Balasubramanian,Senior Director - Delivery,E2,Operations,5.0,Agility,Tolerance of Ambiguity,scale_100,64.0
LTM1063,Hansh Balasubramanian,Senior Director - Delivery,E2,Operations,5.0,Presence,Empathy,scale_100,77.0
LTM1063,Hansh Balasubramanian,Senior Director - Delivery,E2,Operations,5.0,Presence,Assertiveness,scale_100,59.0
LTM1063,Hansh Balasubramanian,Senior Director - Delivery,E2,Operations,5.0,Presence,Sociability,scale_100,65.0
LTM1063,Hansh Balasubramanian,Senior Director - Delivery,E2,Operations,5.0,Presence,Influence,scale_100,68.0
LTM1063,Hansh Balasubramanian,Senior Director - Delivery,E2,Operations,5.0,Learning Agility,Mental Agility,scale_10,9.0
LTM1063,Hansh Balasubramanian,Senior Director - Delivery,E2,Operations,5.0,Learning Agility,People Agility,scale_10,7.5
LTM1063,Hansh Balasubramanian,Senior Director - Delivery,E2,Operations,5.0,Learning Agility,Change Agility,scale_10,8.5
LTM1063,Hansh Balasubramanian,Senior Director - Delivery,E2,Operations,5.0,Learning Agility,Results Agility,scale_10,8.7
LTM1063,Hansh Balasubramanian,Senior Director - Delivery,E2,Operations,5.0,Learning Agility,Situational Self-Awareness,scale_10,7.7
LTM1063,Hansh Balasubramanian,Senior Director - Delivery,E2,Operations,5.0,Drivers,Balance,drivers_60,48.0
LTM1063,Hansh Balasubramanian,Senior Director - Delivery,E2,Operations,5.0,Drivers,Collaboration,drivers_60,47.0
LTM1063,Hansh Balasubramanian,Senior Director - Delivery,E2,Operations,5.0,Drivers,Power,drivers_60,47.0
LTM1063,Hansh Balasubramanian,Senior Director - Delivery,E2,Operations,5.0,Drivers,Challenge,drivers_60,55.0
LTM1063,Hansh Balasubramanian,Senior Director - Delivery,E2,Operations,5.0,Drivers,Structure,drivers_60,51.0
LTM1063,Hansh Balasubramanian,Senior Director - Delivery,E2,Operations,5.0,Drivers,Independence,drivers_60,51.0
LTM1063,Hansh Balasubramanian,Senior Director - Delivery,E2,Operations,5.0,Risk Factor,Avoidant,risk_10,1.0
LTM1063,Hansh Balasubramanian,Senior Director - Delivery,E2,Operations,5.0,Risk Factor,Closed,risk_10,1.0
LTM1063,Hansh Balasubramanian,Senior Director - Delivery,E2,Operations,5.0,Risk Factor,Defensive,risk_10,3.4
LTM1063,Hansh Balasubramanian,Senior Director - Delivery,E2,Operations,5.0,Risk Factor,Egotistic,risk_10,1.3
LTM1063,Hansh Balasubramanian,Senior Director - Delivery,E2,Operations,5.0,Risk Factor,Micro Managing,risk_10,1.0
LTM1063,Hansh Balasubramanian,Senior Director - Delivery,E2,Operations,5.0,Risk Factor,Opportunistic,risk_10,2.8
LTM1063,Hansh Balasubramanian,Senior Director - Delivery,E2,Operations,5.0,Risk Factor,Restrained,risk_10,1.8
LTM1063,Hansh Balasubramanian,Senior Director - Delivery,E2,Operations,5.0,Risk Factor,Social Pleaser,risk_10,2.0
LTM1063,Hansh Balasubramanian,Senior Director - Delivery,E2,Operations,5.0,Risk Factor,Solitary,risk_10,1.4
LTM1063,Hansh Balasubramanian,Senior Director - Delivery,E2,Operations,5.0,Risk Factor,Suspicious,risk_10,1.2
LTM1063,Hansh Balasubramanian,Senior Director - Delivery,E2,Operations,5.0,Risk Factor,Volatile,risk_10,1.3
LTM1077,Kanav Reddy,Chief Strategy Officer,E2,Strategy & Corporate Development,4.2,Strategic Thinking,Strategic Vision,ordinal_4,2.0
LTM1077,Kanav Reddy,Chief Strategy Officer,E2,Strategy & Corporate Development,4.2,Strategic Thinking,Business Acumen,ordinal_4,2.0
LTM1077,Kanav Reddy,Chief Strategy Officer,E2,Strategy & Corporate Development,4.2,Strategic Thinking,Market and External Awareness,ordinal_4,2.0
LTM1077,Kanav Reddy,Chief Strategy Officer,E2,Strategy & Corporate Development,4.2,Operational Excellence,Drive for Results,ordinal_4,2.0
LTM1077,Kanav Reddy,Chief Strategy Officer,E2,Strategy & Corporate Development,4.2,Operational Excellence,Process Optimization,ordinal_4,2.0
LTM1077,Kanav Reddy,Chief Strategy Officer,E2,Strategy & Corporate Development,4.2,Operational Excellence,Quality Focus,ordinal_4,1.0
LTM1077,Kanav Reddy,Chief Strategy Officer,E2,Strategy & Corporate Development,4.2,Decision Effectiveness,Analytical Thinking,ordinal_4,2.0
LTM1077,Kanav Reddy,Chief Strategy Officer,E2,Strategy & Corporate Development,4.2,Decision Effectiveness,Sound Judgment,ordinal_4,3.0
LTM1077,Kanav Reddy,Chief Strategy Officer,E2,Strategy & Corporate Development,4.2,Decision Effectiveness,Decisiveness Under Uncertainty,ordinal_4,3.0
LTM1077,Kanav Reddy,Chief Strategy Officer,E2,Strategy & Corporate Development,4.2,People Leadership,Develops Talent,ordinal_4,1.0
LTM1077,Kanav Reddy,Chief Strategy Officer,E2,Strategy & Corporate Development,4.2,People Leadership,Builds Effective Teams,ordinal_4,2.0
LTM1077,Kanav Reddy,Chief Strategy Officer,E2,Strategy & Corporate Development,4.2,People Leadership,Coaching Others,ordinal_4,1.0
LTM1077,Kanav Reddy,Chief Strategy Officer,E2,Strategy & Corporate Development,4.2,Leading Change,Change Sponsorship,ordinal_4,1.0
LTM1077,Kanav Reddy,Chief Strategy Officer,E2,Strategy & Corporate Development,4.2,Leading Change,Adaptability,ordinal_4,2.0
LTM1077,Kanav Reddy,Chief Strategy Officer,E2,Strategy & Corporate Development,4.2,Leading Change,Resilience,ordinal_4,2.0
LTM1077,Kanav Reddy,Chief Strategy Officer,E2,Strategy & Corporate Development,4.2,Stakeholder Engagement,Builds Trust,ordinal_4,2.0
LTM1077,Kanav Reddy,Chief Strategy Officer,E2,Strategy & Corporate Development,4.2,Stakeholder Engagement,Customer Focus,ordinal_4,2.0
LTM1077,Kanav Reddy,Chief Strategy Officer,E2,Strategy & Corporate Development,4.2,Stakeholder Engagement,Influences Others,ordinal_4,2.0
LTM1077,Kanav Reddy,Chief Strategy Officer,E2,Strategy & Corporate Development,4.2,Positivity,Optimism,scale_100,40.0
LTM1077,Kanav Reddy,Chief Strategy Officer,E2,Strategy & Corporate Development,4.2,Positivity,Situational Self-Awareness,scale_100,48.0
LTM1077,Kanav Reddy,Chief Strategy Officer,E2,Strategy & Corporate Development,4.2,Positivity,Composure,scale_100,32.0
LTM1077,Kanav Reddy,Chief Strategy Officer,E2,Strategy & Corporate Development,4.2,Striving,Credibility,scale_100,51.0
LTM1077,Kanav Reddy,Chief Strategy Officer,E2,Strategy & Corporate Development,4.2,Striving,Confidence,scale_100,32.0
LTM1077,Kanav Reddy,Chief Strategy Officer,E2,Strategy & Corporate Development,4.2,Striving,Need for Achievement,scale_100,60.0
LTM1077,Kanav Reddy,Chief Strategy Officer,E2,Strategy & Corporate Development,4.2,Striving,Persistence,scale_100,27.0
LTM1077,Kanav Reddy,Chief Strategy Officer,E2,Strategy & Corporate Development,4.2,Agreeableness,Affiliation,scale_100,33.0
LTM1077,Kanav Reddy,Chief Strategy Officer,E2,Strategy & Corporate Development,4.2,Agreeableness,Humility,scale_100,48.0
LTM1077,Kanav Reddy,Chief Strategy Officer,E2,Strategy & Corporate Development,4.2,Agreeableness,Trust,scale_100,61.0
LTM1077,Kanav Reddy,Chief Strategy Officer,E2,Strategy & Corporate Development,4.2,Agreeableness,Openness to Differences,scale_100,47.0
LTM1077,Kanav Reddy,Chief Strategy Officer,E2,Strategy & Corporate Development,4.2,Agility,Focus,scale_100,50.0
LTM1077,Kanav Reddy,Chief Strategy Officer,E2,Strategy & Corporate Development,4.2,Agility,Curiosity,scale_100,44.0
LTM1077,Kanav Reddy,Chief Strategy Officer,E2,Strategy & Corporate Development,4.2,Agility,Adaptability,scale_100,34.0
LTM1077,Kanav Reddy,Chief Strategy Officer,E2,Strategy & Corporate Development,4.2,Agility,Risk Taking,scale_100,39.0
LTM1077,Kanav Reddy,Chief Strategy Officer,E2,Strategy & Corporate Development,4.2,Agility,Tolerance of Ambiguity,scale_100,32.0
LTM1077,Kanav Reddy,Chief Strategy Officer,E2,Strategy & Corporate Development,4.2,Presence,Empathy,scale_100,31.0
LTM1077,Kanav Reddy,Chief Strategy Officer,E2,Strategy & Corporate Development,4.2,Presence,Assertiveness,scale_100,48.0
LTM1077,Kanav Reddy,Chief Strategy Officer,E2,Strategy & Corporate Development,4.2,Presence,Sociability,scale_100,33.0
LTM1077,Kanav Reddy,Chief Strategy Officer,E2,Strategy & Corporate Development,4.2,Presence,Influence,scale_100,47.0
LTM1077,Kanav Reddy,Chief Strategy Officer,E2,Strategy & Corporate Development,4.2,Learning Agility,Mental Agility,scale_10,3.7
LTM1077,Kanav Reddy,Chief Strategy Officer,E2,Strategy & Corporate Development,4.2,Learning Agility,People Agility,scale_10,5.0
LTM1077,Kanav Reddy,Chief Strategy Officer,E2,Strategy & Corporate Development,4.2,Learning Agility,Change Agility,scale_10,4.4
LTM1077,Kanav Reddy,Chief Strategy Officer,E2,Strategy & Corporate Development,4.2,Learning Agility,Results Agility,scale_10,5.9
LTM1077,Kanav Reddy,Chief Strategy Officer,E2,Strategy & Corporate Development,4.2,Learning Agility,Situational Self-Awareness,scale_10,5.0
LTM1077,Kanav Reddy,Chief Strategy Officer,E2,Strategy & Corporate Development,4.2,Drivers,Balance,drivers_60,33.0
LTM1077,Kanav Reddy,Chief Strategy Officer,E2,Strategy & Corporate Development,4.2,Drivers,Collaboration,drivers_60,19.0
LTM1077,Kanav Reddy,Chief Strategy Officer,E2,Strategy & Corporate Development,4.2,Drivers,Power,drivers_60,24.0
LTM1077,Kanav Reddy,Chief Strategy Officer,E2,Strategy & Corporate Development,4.2,Drivers,Challenge,drivers_60,17.0
LTM1077,Kanav Reddy,Chief Strategy Officer,E2,Strategy & Corporate Development,4.2,Drivers,Structure,drivers_60,21.0
LTM1077,Kanav Reddy,Chief Strategy Officer,E2,Strategy & Corporate Development,4.2,Drivers,Independence,drivers_60,22.0
LTM1077,Kanav Reddy,Chief Strategy Officer,E2,Strategy & Corporate Development,4.2,Risk Factor,Avoidant,risk_10,4.3
LTM1077,Kanav Reddy,Chief Strategy Officer,E2,Strategy & Corporate Development,4.2,Risk Factor,Closed,risk_10,3.9
LTM1077,Kanav Reddy,Chief Strategy Officer,E2,Strategy & Corporate Development,4.2,Risk Factor,Defensive,risk_10,3.7
LTM1077,Kanav Reddy,Chief Strategy Officer,E2,Strategy & Corporate Development,4.2,Risk Factor,Egotistic,risk_10,2.9
LTM1077,Kanav Reddy,Chief Strategy Officer,E2,Strategy & Corporate Development,4.2,Risk Factor,Micro Managing,risk_10,4.0
LTM1077,Kanav Reddy,Chief Strategy Officer,E2,Strategy & Corporate Development,4.2,Risk Factor,Opportunistic,risk_10,5.6
LTM1077,Kanav Reddy,Chief Strategy Officer,E2,Strategy & Corporate Development,4.2,Risk Factor,Restrained,risk_10,3.6
LTM1077,Kanav Reddy,Chief Strategy Officer,E2,Strategy & Corporate Development,4.2,Risk Factor,Social Pleaser,risk_10,3.8
LTM1077,Kanav Reddy,Chief Strategy Officer,E2,Strategy & Corporate Development,4.2,Risk Factor,Solitary,risk_10,6.6
LTM1077,Kanav Reddy,Chief Strategy Officer,E2,Strategy & Corporate Development,4.2,Risk Factor,Suspicious,risk_10,4.4
LTM1077,Kanav Reddy,Chief Strategy Officer,E2,Strategy & Corporate Development,4.2,Risk Factor,Volatile,risk_10,5.3
LTM1065,Mannat Kakar,Vice President - Engineering,E1,Technology & Engineering,4.7,Strategic Thinking,Strategic Vision,ordinal_4,3.0
LTM1065,Mannat Kakar,Vice President - Engineering,E1,Technology & Engineering,4.7,Strategic Thinking,Business Acumen,ordinal_4,3.0
LTM1065,Mannat Kakar,Vice President - Engineering,E1,Technology & Engineering,4.7,Strategic Thinking,Market and External Awareness,ordinal_4,2.0
LTM1065,Mannat Kakar,Vice President - Engineering,E1,Technology & Engineering,4.7,Operational Excellence,Drive for Results,ordinal_4,3.0
LTM1065,Mannat Kakar,Vice President - Engineering,E1,Technology & Engineering,4.7,Operational Excellence,Process Optimization,ordinal_4,3.0
LTM1065,Mannat Kakar,Vice President - Engineering,E1,Technology & Engineering,4.7,Operational Excellence,Quality Focus,ordinal_4,4.0
LTM1065,Mannat Kakar,Vice President - Engineering,E1,Technology & Engineering,4.7,Decision Effectiveness,Analytical Thinking,ordinal_4,2.0
LTM1065,Mannat Kakar,Vice President - Engineering,E1,Technology & Engineering,4.7,Decision Effectiveness,Sound Judgment,ordinal_4,2.0
LTM1065,Mannat Kakar,Vice President - Engineering,E1,Technology & Engineering,4.7,Decision Effectiveness,Decisiveness Under Uncertainty,ordinal_4,2.0
LTM1065,Mannat Kakar,Vice President - Engineering,E1,Technology & Engineering,4.7,People Leadership,Develops Talent,ordinal_4,2.0
LTM1065,Mannat Kakar,Vice President - Engineering,E1,Technology & Engineering,4.7,People Leadership,Builds Effective Teams,ordinal_4,3.0
LTM1065,Mannat Kakar,Vice President - Engineering,E1,Technology & Engineering,4.7,People Leadership,Coaching Others,ordinal_4,4.0
LTM1065,Mannat Kakar,Vice President - Engineering,E1,Technology & Engineering,4.7,Leading Change,Change Sponsorship,ordinal_4,3.0
LTM1065,Mannat Kakar,Vice President - Engineering,E1,Technology & Engineering,4.7,Leading Change,Adaptability,ordinal_4,2.0
LTM1065,Mannat Kakar,Vice President - Engineering,E1,Technology & Engineering,4.7,Leading Change,Resilience,ordinal_4,2.0
LTM1065,Mannat Kakar,Vice President - Engineering,E1,Technology & Engineering,4.7,Stakeholder Engagement,Builds Trust,ordinal_4,3.0
LTM1065,Mannat Kakar,Vice President - Engineering,E1,Technology & Engineering,4.7,Stakeholder Engagement,Customer Focus,ordinal_4,3.0
LTM1065,Mannat Kakar,Vice President - Engineering,E1,Technology & Engineering,4.7,Stakeholder Engagement,Influences Others,ordinal_4,3.0
LTM1065,Mannat Kakar,Vice President - Engineering,E1,Technology & Engineering,4.7,Positivity,Optimism,scale_100,58.0
LTM1065,Mannat Kakar,Vice President - Engineering,E1,Technology & Engineering,4.7,Positivity,Situational Self-Awareness,scale_100,60.0
LTM1065,Mannat Kakar,Vice President - Engineering,E1,Technology & Engineering,4.7,Positivity,Composure,scale_100,59.0
LTM1065,Mannat Kakar,Vice President - Engineering,E1,Technology & Engineering,4.7,Striving,Credibility,scale_100,53.0
LTM1065,Mannat Kakar,Vice President - Engineering,E1,Technology & Engineering,4.7,Striving,Confidence,scale_100,45.0
LTM1065,Mannat Kakar,Vice President - Engineering,E1,Technology & Engineering,4.7,Striving,Need for Achievement,scale_100,63.0
LTM1065,Mannat Kakar,Vice President - Engineering,E1,Technology & Engineering,4.7,Striving,Persistence,scale_100,56.0
LTM1065,Mannat Kakar,Vice President - Engineering,E1,Technology & Engineering,4.7,Agreeableness,Affiliation,scale_100,65.0
LTM1065,Mannat Kakar,Vice President - Engineering,E1,Technology & Engineering,4.7,Agreeableness,Humility,scale_100,64.0
LTM1065,Mannat Kakar,Vice President - Engineering,E1,Technology & Engineering,4.7,Agreeableness,Trust,scale_100,42.0
LTM1065,Mannat Kakar,Vice President - Engineering,E1,Technology & Engineering,4.7,Agreeableness,Openness to Differences,scale_100,42.0
LTM1065,Mannat Kakar,Vice President - Engineering,E1,Technology & Engineering,4.7,Agility,Focus,scale_100,55.0
LTM1065,Mannat Kakar,Vice President - Engineering,E1,Technology & Engineering,4.7,Agility,Curiosity,scale_100,52.0
LTM1065,Mannat Kakar,Vice President - Engineering,E1,Technology & Engineering,4.7,Agility,Adaptability,scale_100,70.0
LTM1065,Mannat Kakar,Vice President - Engineering,E1,Technology & Engineering,4.7,Agility,Risk Taking,scale_100,66.0
LTM1065,Mannat Kakar,Vice President - Engineering,E1,Technology & Engineering,4.7,Agility,Tolerance of Ambiguity,scale_100,73.0
LTM1065,Mannat Kakar,Vice President - Engineering,E1,Technology & Engineering,4.7,Presence,Empathy,scale_100,60.0
LTM1065,Mannat Kakar,Vice President - Engineering,E1,Technology & Engineering,4.7,Presence,Assertiveness,scale_100,58.0
LTM1065,Mannat Kakar,Vice President - Engineering,E1,Technology & Engineering,4.7,Presence,Sociability,scale_100,68.0
LTM1065,Mannat Kakar,Vice President - Engineering,E1,Technology & Engineering,4.7,Presence,Influence,scale_100,61.0
LTM1065,Mannat Kakar,Vice President - Engineering,E1,Technology & Engineering,4.7,Learning Agility,Mental Agility,scale_10,7.0
LTM1065,Mannat Kakar,Vice President - Engineering,E1,Technology & Engineering,4.7,Learning Agility,People Agility,scale_10,8.2
LTM1065,Mannat Kakar,Vice President - Engineering,E1,Technology & Engineering,4.7,Learning Agility,Change Agility,scale_10,7.1
LTM1065,Mannat Kakar,Vice President - Engineering,E1,Technology & Engineering,4.7,Learning Agility,Results Agility,scale_10,6.7
LTM1065,Mannat Kakar,Vice President - Engineering,E1,Technology & Engineering,4.7,Learning Agility,Situational Self-Awareness,scale_10,6.3
LTM1065,Mannat Kakar,Vice President - Engineering,E1,Technology & Engineering,4.7,Drivers,Balance,drivers_60,40.0
LTM1065,Mannat Kakar,Vice President - Engineering,E1,Technology & Engineering,4.7,Drivers,Collaboration,drivers_60,44.0
LTM1065,Mannat Kakar,Vice President - Engineering,E1,Technology & Engineering,4.7,Drivers,Power,drivers_60,35.0
LTM1065,Mannat Kakar,Vice President - Engineering,E1,Technology & Engineering,4.7,Drivers,Challenge,drivers_60,44.0
LTM1065,Mannat Kakar,Vice President - Engineering,E1,Technology & Engineering,4.7,Drivers,Structure,drivers_60,21.0
LTM1065,Mannat Kakar,Vice President - Engineering,E1,Technology & Engineering,4.7,Drivers,Independence,drivers_60,35.0
LTM1065,Mannat Kakar,Vice President - Engineering,E1,Technology & Engineering,4.7,Risk Factor,Avoidant,risk_10,2.9
LTM1065,Mannat Kakar,Vice President - Engineering,E1,Technology & Engineering,4.7,Risk Factor,Closed,risk_10,2.3
LTM1065,Mannat Kakar,Vice President - Engineering,E1,Technology & Engineering,4.7,Risk Factor,Defensive,risk_10,5.1
LTM1065,Mannat Kakar,Vice President - Engineering,E1,Technology & Engineering,4.7,Risk Factor,Egotistic,risk_10,2.9
LTM1065,Mannat Kakar,Vice President - Engineering,E1,Technology & Engineering,4.7,Risk Factor,Micro Managing,risk_10,2.6
LTM1065,Mannat Kakar,Vice President - Engineering,E1,Technology & Engineering,4.7,Risk Factor,Opportunistic,risk_10,3.0
LTM1065,Mannat Kakar,Vice President - Engineering,E1,Technology & Engineering,4.7,Risk Factor,Restrained,risk_10,1.2
LTM1065,Mannat Kakar,Vice President - Engineering,E1,Technology & Engineering,4.7,Risk Factor,Social Pleaser,risk_10,2.3
LTM1065,Mannat Kakar,Vice President - Engineering,E1,Technology & Engineering,4.7,Risk Factor,Solitary,risk_10,3.9
LTM1065,Mannat Kakar,Vice President - Engineering,E1,Technology & Engineering,4.7,Risk Factor,Suspicious,risk_10,2.4
LTM1065,Mannat Kakar,Vice President - Engineering,E1,Technology & Engineering,4.7,Risk Factor,Volatile,risk_10,2.2
LTM1021,Nakul Dora,Vice President - Finance,E1,Finance & Accounting,4.6,Strategic Thinking,Strategic Vision,ordinal_4,3.0
LTM1021,Nakul Dora,Vice President - Finance,E1,Finance & Accounting,4.6,Strategic Thinking,Business Acumen,ordinal_4,3.0
LTM1021,Nakul Dora,Vice President - Finance,E1,Finance & Accounting,4.6,Strategic Thinking,Market and External Awareness,ordinal_4,3.0
LTM1021,Nakul Dora,Vice President - Finance,E1,Finance & Accounting,4.6,Operational Excellence,Drive for Results,ordinal_4,3.0
LTM1021,Nakul Dora,Vice President - Finance,E1,Finance & Accounting,4.6,Operational Excellence,Process Optimization,ordinal_4,3.0
LTM1021,Nakul Dora,Vice President - Finance,E1,Finance & Accounting,4.6,Operational Excellence,Quality Focus,ordinal_4,3.0
LTM1021,Nakul Dora,Vice President - Finance,E1,Finance & Accounting,4.6,Decision Effectiveness,Analytical Thinking,ordinal_4,3.0
LTM1021,Nakul Dora,Vice President - Finance,E1,Finance & Accounting,4.6,Decision Effectiveness,Sound Judgment,ordinal_4,3.0
LTM1021,Nakul Dora,Vice President - Finance,E1,Finance & Accounting,4.6,Decision Effectiveness,Decisiveness Under Uncertainty,ordinal_4,3.0
LTM1021,Nakul Dora,Vice President - Finance,E1,Finance & Accounting,4.6,People Leadership,Develops Talent,ordinal_4,2.0
LTM1021,Nakul Dora,Vice President - Finance,E1,Finance & Accounting,4.6,People Leadership,Builds Effective Teams,ordinal_4,2.0
LTM1021,Nakul Dora,Vice President - Finance,E1,Finance & Accounting,4.6,People Leadership,Coaching Others,ordinal_4,3.0
LTM1021,Nakul Dora,Vice President - Finance,E1,Finance & Accounting,4.6,Leading Change,Change Sponsorship,ordinal_4,3.0
LTM1021,Nakul Dora,Vice President - Finance,E1,Finance & Accounting,4.6,Leading Change,Adaptability,ordinal_4,3.0
LTM1021,Nakul Dora,Vice President - Finance,E1,Finance & Accounting,4.6,Leading Change,Resilience,ordinal_4,2.0
LTM1021,Nakul Dora,Vice President - Finance,E1,Finance & Accounting,4.6,Stakeholder Engagement,Builds Trust,ordinal_4,3.0
LTM1021,Nakul Dora,Vice President - Finance,E1,Finance & Accounting,4.6,Stakeholder Engagement,Customer Focus,ordinal_4,3.0
LTM1021,Nakul Dora,Vice President - Finance,E1,Finance & Accounting,4.6,Stakeholder Engagement,Influences Others,ordinal_4,2.0
LTM1021,Nakul Dora,Vice President - Finance,E1,Finance & Accounting,4.6,Positivity,Optimism,scale_100,61.0
LTM1021,Nakul Dora,Vice President - Finance,E1,Finance & Accounting,4.6,Positivity,Situational Self-Awareness,scale_100,61.0
LTM1021,Nakul Dora,Vice President - Finance,E1,Finance & Accounting,4.6,Positivity,Composure,scale_100,57.0
LTM1021,Nakul Dora,Vice President - Finance,E1,Finance & Accounting,4.6,Striving,Credibility,scale_100,51.0
LTM1021,Nakul Dora,Vice President - Finance,E1,Finance & Accounting,4.6,Striving,Confidence,scale_100,50.0
LTM1021,Nakul Dora,Vice President - Finance,E1,Finance & Accounting,4.6,Striving,Need for Achievement,scale_100,40.0
LTM1021,Nakul Dora,Vice President - Finance,E1,Finance & Accounting,4.6,Striving,Persistence,scale_100,45.0
LTM1021,Nakul Dora,Vice President - Finance,E1,Finance & Accounting,4.6,Agreeableness,Affiliation,scale_100,47.0
LTM1021,Nakul Dora,Vice President - Finance,E1,Finance & Accounting,4.6,Agreeableness,Humility,scale_100,42.0
LTM1021,Nakul Dora,Vice President - Finance,E1,Finance & Accounting,4.6,Agreeableness,Trust,scale_100,58.0
LTM1021,Nakul Dora,Vice President - Finance,E1,Finance & Accounting,4.6,Agreeableness,Openness to Differences,scale_100,65.0
LTM1021,Nakul Dora,Vice President - Finance,E1,Finance & Accounting,4.6,Agility,Focus,scale_100,44.0
LTM1021,Nakul Dora,Vice President - Finance,E1,Finance & Accounting,4.6,Agility,Curiosity,scale_100,56.0
LTM1021,Nakul Dora,Vice President - Finance,E1,Finance & Accounting,4.6,Agility,Adaptability,scale_100,43.0
LTM1021,Nakul Dora,Vice President - Finance,E1,Finance & Accounting,4.6,Agility,Risk Taking,scale_100,50.0
LTM1021,Nakul Dora,Vice President - Finance,E1,Finance & Accounting,4.6,Agility,Tolerance of Ambiguity,scale_100,46.0
LTM1021,Nakul Dora,Vice President - Finance,E1,Finance & Accounting,4.6,Presence,Empathy,scale_100,59.0
LTM1021,Nakul Dora,Vice President - Finance,E1,Finance & Accounting,4.6,Presence,Assertiveness,scale_100,47.0
LTM1021,Nakul Dora,Vice President - Finance,E1,Finance & Accounting,4.6,Presence,Sociability,scale_100,63.0
LTM1021,Nakul Dora,Vice President - Finance,E1,Finance & Accounting,4.6,Presence,Influence,scale_100,51.0
LTM1021,Nakul Dora,Vice President - Finance,E1,Finance & Accounting,4.6,Learning Agility,Mental Agility,scale_10,5.5
LTM1021,Nakul Dora,Vice President - Finance,E1,Finance & Accounting,4.6,Learning Agility,People Agility,scale_10,5.0
LTM1021,Nakul Dora,Vice President - Finance,E1,Finance & Accounting,4.6,Learning Agility,Change Agility,scale_10,6.2
LTM1021,Nakul Dora,Vice President - Finance,E1,Finance & Accounting,4.6,Learning Agility,Results Agility,scale_10,6.7
LTM1021,Nakul Dora,Vice President - Finance,E1,Finance & Accounting,4.6,Learning Agility,Situational Self-Awareness,scale_10,6.2
LTM1021,Nakul Dora,Vice President - Finance,E1,Finance & Accounting,4.6,Drivers,Balance,drivers_60,48.0
LTM1021,Nakul Dora,Vice President - Finance,E1,Finance & Accounting,4.6,Drivers,Collaboration,drivers_60,43.0
LTM1021,Nakul Dora,Vice President - Finance,E1,Finance & Accounting,4.6,Drivers,Power,drivers_60,31.0
LTM1021,Nakul Dora,Vice President - Finance,E1,Finance & Accounting,4.6,Drivers,Challenge,drivers_60,30.0
LTM1021,Nakul Dora,Vice President - Finance,E1,Finance & Accounting,4.6,Drivers,Structure,drivers_60,36.0
LTM1021,Nakul Dora,Vice President - Finance,E1,Finance & Accounting,4.6,Drivers,Independence,drivers_60,27.0
LTM1021,Nakul Dora,Vice President - Finance,E1,Finance & Accounting,4.6,Risk Factor,Avoidant,risk_10,4.5
LTM1021,Nakul Dora,Vice President - Finance,E1,Finance & Accounting,4.6,Risk Factor,Closed,risk_10,3.7
LTM1021,Nakul Dora,Vice President - Finance,E1,Finance & Accounting,4.6,Risk Factor,Defensive,risk_10,3.6
LTM1021,Nakul Dora,Vice President - Finance,E1,Finance & Accounting,4.6,Risk Factor,Egotistic,risk_10,4.0
LTM1021,Nakul Dora,Vice President - Finance,E1,Finance & Accounting,4.6,Risk Factor,Micro Managing,risk_10,5.0
LTM1021,Nakul Dora,Vice President - Finance,E1,Finance & Accounting,4.6,Risk Factor,Opportunistic,risk_10,3.6
LTM1021,Nakul Dora,Vice President - Finance,E1,Finance & Accounting,4.6,Risk Factor,Restrained,risk_10,3.3
LTM1021,Nakul Dora,Vice President - Finance,E1,Finance & Accounting,4.6,Risk Factor,Social Pleaser,risk_10,4.8
LTM1021,Nakul Dora,Vice President - Finance,E1,Finance & Accounting,4.6,Risk Factor,Solitary,risk_10,4.3
LTM1021,Nakul Dora,Vice President - Finance,E1,Finance & Accounting,4.6,Risk Factor,Suspicious,risk_10,3.1
LTM1021,Nakul Dora,Vice President - Finance,E1,Finance & Accounting,4.6,Risk Factor,Volatile,risk_10,3.4
LTM1067,Taimur Deol,Director - Enterprise Applications,E2,Technology & Engineering,4.9,Strategic Thinking,Strategic Vision,ordinal_4,4.0
LTM1067,Taimur Deol,Director - Enterprise Applications,E2,Technology & Engineering,4.9,Strategic Thinking,Business Acumen,ordinal_4,4.0
LTM1067,Taimur Deol,Director - Enterprise Applications,E2,Technology & Engineering,4.9,Strategic Thinking,Market and External Awareness,ordinal_4,3.0
LTM1067,Taimur Deol,Director - Enterprise Applications,E2,Technology & Engineering,4.9,Operational Excellence,Drive for Results,ordinal_4,4.0
LTM1067,Taimur Deol,Director - Enterprise Applications,E2,Technology & Engineering,4.9,Operational Excellence,Process Optimization,ordinal_4,4.0
LTM1067,Taimur Deol,Director - Enterprise Applications,E2,Technology & Engineering,4.9,Operational Excellence,Quality Focus,ordinal_4,4.0
LTM1067,Taimur Deol,Director - Enterprise Applications,E2,Technology & Engineering,4.9,Decision Effectiveness,Analytical Thinking,ordinal_4,3.0
LTM1067,Taimur Deol,Director - Enterprise Applications,E2,Technology & Engineering,4.9,Decision Effectiveness,Sound Judgment,ordinal_4,4.0
LTM1067,Taimur Deol,Director - Enterprise Applications,E2,Technology & Engineering,4.9,Decision Effectiveness,Decisiveness Under Uncertainty,ordinal_4,3.0
LTM1067,Taimur Deol,Director - Enterprise Applications,E2,Technology & Engineering,4.9,People Leadership,Develops Talent,ordinal_4,4.0
LTM1067,Taimur Deol,Director - Enterprise Applications,E2,Technology & Engineering,4.9,People Leadership,Builds Effective Teams,ordinal_4,3.0
LTM1067,Taimur Deol,Director - Enterprise Applications,E2,Technology & Engineering,4.9,People Leadership,Coaching Others,ordinal_4,3.0
LTM1067,Taimur Deol,Director - Enterprise Applications,E2,Technology & Engineering,4.9,Leading Change,Change Sponsorship,ordinal_4,4.0
LTM1067,Taimur Deol,Director - Enterprise Applications,E2,Technology & Engineering,4.9,Leading Change,Adaptability,ordinal_4,4.0
LTM1067,Taimur Deol,Director - Enterprise Applications,E2,Technology & Engineering,4.9,Leading Change,Resilience,ordinal_4,3.0
LTM1067,Taimur Deol,Director - Enterprise Applications,E2,Technology & Engineering,4.9,Stakeholder Engagement,Builds Trust,ordinal_4,4.0
LTM1067,Taimur Deol,Director - Enterprise Applications,E2,Technology & Engineering,4.9,Stakeholder Engagement,Customer Focus,ordinal_4,4.0
LTM1067,Taimur Deol,Director - Enterprise Applications,E2,Technology & Engineering,4.9,Stakeholder Engagement,Influences Others,ordinal_4,3.0
LTM1067,Taimur Deol,Director - Enterprise Applications,E2,Technology & Engineering,4.9,Positivity,Optimism,scale_100,56.0
LTM1067,Taimur Deol,Director - Enterprise Applications,E2,Technology & Engineering,4.9,Positivity,Situational Self-Awareness,scale_100,62.0
LTM1067,Taimur Deol,Director - Enterprise Applications,E2,Technology & Engineering,4.9,Positivity,Composure,scale_100,64.0
LTM1067,Taimur Deol,Director - Enterprise Applications,E2,Technology & Engineering,4.9,Striving,Credibility,scale_100,62.0
LTM1067,Taimur Deol,Director - Enterprise Applications,E2,Technology & Engineering,4.9,Striving,Confidence,scale_100,63.0
LTM1067,Taimur Deol,Director - Enterprise Applications,E2,Technology & Engineering,4.9,Striving,Need for Achievement,scale_100,49.0
LTM1067,Taimur Deol,Director - Enterprise Applications,E2,Technology & Engineering,4.9,Striving,Persistence,scale_100,54.0
LTM1067,Taimur Deol,Director - Enterprise Applications,E2,Technology & Engineering,4.9,Agreeableness,Affiliation,scale_100,62.0
LTM1067,Taimur Deol,Director - Enterprise Applications,E2,Technology & Engineering,4.9,Agreeableness,Humility,scale_100,62.0
LTM1067,Taimur Deol,Director - Enterprise Applications,E2,Technology & Engineering,4.9,Agreeableness,Trust,scale_100,58.0
LTM1067,Taimur Deol,Director - Enterprise Applications,E2,Technology & Engineering,4.9,Agreeableness,Openness to Differences,scale_100,61.0
LTM1067,Taimur Deol,Director - Enterprise Applications,E2,Technology & Engineering,4.9,Agility,Focus,scale_100,70.0
LTM1067,Taimur Deol,Director - Enterprise Applications,E2,Technology & Engineering,4.9,Agility,Curiosity,scale_100,78.0
LTM1067,Taimur Deol,Director - Enterprise Applications,E2,Technology & Engineering,4.9,Agility,Adaptability,scale_100,68.0
LTM1067,Taimur Deol,Director - Enterprise Applications,E2,Technology & Engineering,4.9,Agility,Risk Taking,scale_100,73.0
LTM1067,Taimur Deol,Director - Enterprise Applications,E2,Technology & Engineering,4.9,Agility,Tolerance of Ambiguity,scale_100,64.0
LTM1067,Taimur Deol,Director - Enterprise Applications,E2,Technology & Engineering,4.9,Presence,Empathy,scale_100,69.0
LTM1067,Taimur Deol,Director - Enterprise Applications,E2,Technology & Engineering,4.9,Presence,Assertiveness,scale_100,67.0
LTM1067,Taimur Deol,Director - Enterprise Applications,E2,Technology & Engineering,4.9,Presence,Sociability,scale_100,72.0
LTM1067,Taimur Deol,Director - Enterprise Applications,E2,Technology & Engineering,4.9,Presence,Influence,scale_100,70.0
LTM1067,Taimur Deol,Director - Enterprise Applications,E2,Technology & Engineering,4.9,Learning Agility,Mental Agility,scale_10,8.4
LTM1067,Taimur Deol,Director - Enterprise Applications,E2,Technology & Engineering,4.9,Learning Agility,People Agility,scale_10,7.9
LTM1067,Taimur Deol,Director - Enterprise Applications,E2,Technology & Engineering,4.9,Learning Agility,Change Agility,scale_10,8.2
LTM1067,Taimur Deol,Director - Enterprise Applications,E2,Technology & Engineering,4.9,Learning Agility,Results Agility,scale_10,8.8
LTM1067,Taimur Deol,Director - Enterprise Applications,E2,Technology & Engineering,4.9,Learning Agility,Situational Self-Awareness,scale_10,7.5
LTM1067,Taimur Deol,Director - Enterprise Applications,E2,Technology & Engineering,4.9,Drivers,Balance,drivers_60,37.0
LTM1067,Taimur Deol,Director - Enterprise Applications,E2,Technology & Engineering,4.9,Drivers,Collaboration,drivers_60,43.0
LTM1067,Taimur Deol,Director - Enterprise Applications,E2,Technology & Engineering,4.9,Drivers,Power,drivers_60,44.0
LTM1067,Taimur Deol,Director - Enterprise Applications,E2,Technology & Engineering,4.9,Drivers,Challenge,drivers_60,36.0
LTM1067,Taimur Deol,Director - Enterprise Applications,E2,Technology & Engineering,4.9,Drivers,Structure,drivers_60,41.0
LTM1067,Taimur Deol,Director - Enterprise Applications,E2,Technology & Engineering,4.9,Drivers,Independence,drivers_60,41.0
LTM1067,Taimur Deol,Director - Enterprise Applications,E2,Technology & Engineering,4.9,Risk Factor,Avoidant,risk_10,1.0
LTM1067,Taimur Deol,Director - Enterprise Applications,E2,Technology & Engineering,4.9,Risk Factor,Closed,risk_10,1.7
LTM1067,Taimur Deol,Director - Enterprise Applications,E2,Technology & Engineering,4.9,Risk Factor,Defensive,risk_10,1.8
LTM1067,Taimur Deol,Director - Enterprise Applications,E2,Technology & Engineering,4.9,Risk Factor,Egotistic,risk_10,1.8
LTM1067,Taimur Deol,Director - Enterprise Applications,E2,Technology & Engineering,4.9,Risk Factor,Micro Managing,risk_10,3.2
LTM1067,Taimur Deol,Director - Enterprise Applications,E2,Technology & Engineering,4.9,Risk Factor,Opportunistic,risk_10,1.0
LTM1067,Taimur Deol,Director - Enterprise Applications,E2,Technology & Engineering,4.9,Risk Factor,Restrained,risk_10,1.2
LTM1067,Taimur Deol,Director - Enterprise Applications,E2,Technology & Engineering,4.9,Risk Factor,Social Pleaser,risk_10,1.0
LTM1067,Taimur Deol,Director - Enterprise Applications,E2,Technology & Engineering,4.9,Risk Factor,Solitary,risk_10,1.5
LTM1067,Taimur Deol,Director - Enterprise Applications,E2,Technology & Engineering,4.9,Risk Factor,Suspicious,risk_10,1.6
LTM1067,Taimur Deol,Director - Enterprise Applications,E2,Technology & Engineering,4.9,Risk Factor,Volatile,risk_10,1.5
LTM1033,Shaan Deshmukh,Chief Strategy Officer,E2,Strategy & Corporate Development,5.0,Strategic Thinking,Strategic Vision,ordinal_4,4.0
LTM1033,Shaan Deshmukh,Chief Strategy Officer,E2,Strategy & Corporate Development,5.0,Strategic Thinking,Business Acumen,ordinal_4,4.0
LTM1033,Shaan Deshmukh,Chief Strategy Officer,E2,Strategy & Corporate Development,5.0,Strategic Thinking,Market and External Awareness,ordinal_4,4.0
LTM1033,Shaan Deshmukh,Chief Strategy Officer,E2,Strategy & Corporate Development,5.0,Operational Excellence,Drive for Results,ordinal_4,4.0
LTM1033,Shaan Deshmukh,Chief Strategy Officer,E2,Strategy & Corporate Development,5.0,Operational Excellence,Process Optimization,ordinal_4,4.0
LTM1033,Shaan Deshmukh,Chief Strategy Officer,E2,Strategy & Corporate Development,5.0,Operational Excellence,Quality Focus,ordinal_4,4.0
LTM1033,Shaan Deshmukh,Chief Strategy Officer,E2,Strategy & Corporate Development,5.0,Decision Effectiveness,Analytical Thinking,ordinal_4,4.0
LTM1033,Shaan Deshmukh,Chief Strategy Officer,E2,Strategy & Corporate Development,5.0,Decision Effectiveness,Sound Judgment,ordinal_4,4.0
LTM1033,Shaan Deshmukh,Chief Strategy Officer,E2,Strategy & Corporate Development,5.0,Decision Effectiveness,Decisiveness Under Uncertainty,ordinal_4,4.0
LTM1033,Shaan Deshmukh,Chief Strategy Officer,E2,Strategy & Corporate Development,5.0,People Leadership,Develops Talent,ordinal_4,4.0
LTM1033,Shaan Deshmukh,Chief Strategy Officer,E2,Strategy & Corporate Development,5.0,People Leadership,Builds Effective Teams,ordinal_4,4.0
LTM1033,Shaan Deshmukh,Chief Strategy Officer,E2,Strategy & Corporate Development,5.0,People Leadership,Coaching Others,ordinal_4,4.0
LTM1033,Shaan Deshmukh,Chief Strategy Officer,E2,Strategy & Corporate Development,5.0,Leading Change,Change Sponsorship,ordinal_4,3.0
LTM1033,Shaan Deshmukh,Chief Strategy Officer,E2,Strategy & Corporate Development,5.0,Leading Change,Adaptability,ordinal_4,3.0
LTM1033,Shaan Deshmukh,Chief Strategy Officer,E2,Strategy & Corporate Development,5.0,Leading Change,Resilience,ordinal_4,4.0
LTM1033,Shaan Deshmukh,Chief Strategy Officer,E2,Strategy & Corporate Development,5.0,Stakeholder Engagement,Builds Trust,ordinal_4,4.0
LTM1033,Shaan Deshmukh,Chief Strategy Officer,E2,Strategy & Corporate Development,5.0,Stakeholder Engagement,Customer Focus,ordinal_4,4.0
LTM1033,Shaan Deshmukh,Chief Strategy Officer,E2,Strategy & Corporate Development,5.0,Stakeholder Engagement,Influences Others,ordinal_4,4.0
LTM1033,Shaan Deshmukh,Chief Strategy Officer,E2,Strategy & Corporate Development,5.0,Positivity,Optimism,scale_100,70.0
LTM1033,Shaan Deshmukh,Chief Strategy Officer,E2,Strategy & Corporate Development,5.0,Positivity,Situational Self-Awareness,scale_100,64.0
LTM1033,Shaan Deshmukh,Chief Strategy Officer,E2,Strategy & Corporate Development,5.0,Positivity,Composure,scale_100,72.0
LTM1033,Shaan Deshmukh,Chief Strategy Officer,E2,Strategy & Corporate Development,5.0,Striving,Credibility,scale_100,68.0
LTM1033,Shaan Deshmukh,Chief Strategy Officer,E2,Strategy & Corporate Development,5.0,Striving,Confidence,scale_100,58.0
LTM1033,Shaan Deshmukh,Chief Strategy Officer,E2,Strategy & Corporate Development,5.0,Striving,Need for Achievement,scale_100,85.0
LTM1033,Shaan Deshmukh,Chief Strategy Officer,E2,Strategy & Corporate Development,5.0,Striving,Persistence,scale_100,62.0
LTM1033,Shaan Deshmukh,Chief Strategy Officer,E2,Strategy & Corporate Development,5.0,Agreeableness,Affiliation,scale_100,74.0
LTM1033,Shaan Deshmukh,Chief Strategy Officer,E2,Strategy & Corporate Development,5.0,Agreeableness,Humility,scale_100,42.0
LTM1033,Shaan Deshmukh,Chief Strategy Officer,E2,Strategy & Corporate Development,5.0,Agreeableness,Trust,scale_100,79.0
LTM1033,Shaan Deshmukh,Chief Strategy Officer,E2,Strategy & Corporate Development,5.0,Agreeableness,Openness to Differences,scale_100,81.0
LTM1033,Shaan Deshmukh,Chief Strategy Officer,E2,Strategy & Corporate Development,5.0,Agility,Focus,scale_100,66.0
LTM1033,Shaan Deshmukh,Chief Strategy Officer,E2,Strategy & Corporate Development,5.0,Agility,Curiosity,scale_100,72.0
LTM1033,Shaan Deshmukh,Chief Strategy Officer,E2,Strategy & Corporate Development,5.0,Agility,Adaptability,scale_100,72.0
LTM1033,Shaan Deshmukh,Chief Strategy Officer,E2,Strategy & Corporate Development,5.0,Agility,Risk Taking,scale_100,60.0
LTM1033,Shaan Deshmukh,Chief Strategy Officer,E2,Strategy & Corporate Development,5.0,Agility,Tolerance of Ambiguity,scale_100,71.0
LTM1033,Shaan Deshmukh,Chief Strategy Officer,E2,Strategy & Corporate Development,5.0,Presence,Empathy,scale_100,58.0
LTM1033,Shaan Deshmukh,Chief Strategy Officer,E2,Strategy & Corporate Development,5.0,Presence,Assertiveness,scale_100,60.0
LTM1033,Shaan Deshmukh,Chief Strategy Officer,E2,Strategy & Corporate Development,5.0,Presence,Sociability,scale_100,77.0
LTM1033,Shaan Deshmukh,Chief Strategy Officer,E2,Strategy & Corporate Development,5.0,Presence,Influence,scale_100,76.0
LTM1033,Shaan Deshmukh,Chief Strategy Officer,E2,Strategy & Corporate Development,5.0,Learning Agility,Mental Agility,scale_10,7.2
LTM1033,Shaan Deshmukh,Chief Strategy Officer,E2,Strategy & Corporate Development,5.0,Learning Agility,People Agility,scale_10,7.2
LTM1033,Shaan Deshmukh,Chief Strategy Officer,E2,Strategy & Corporate Development,5.0,Learning Agility,Change Agility,scale_10,7.2
LTM1033,Shaan Deshmukh,Chief Strategy Officer,E2,Strategy & Corporate Development,5.0,Learning Agility,Results Agility,scale_10,8.3
LTM1033,Shaan Deshmukh,Chief Strategy Officer,E2,Strategy & Corporate Development,5.0,Learning Agility,Situational Self-Awareness,scale_10,7.0
LTM1033,Shaan Deshmukh,Chief Strategy Officer,E2,Strategy & Corporate Development,5.0,Drivers,Balance,drivers_60,46.0
LTM1033,Shaan Deshmukh,Chief Strategy Officer,E2,Strategy & Corporate Development,5.0,Drivers,Collaboration,drivers_60,49.0
LTM1033,Shaan Deshmukh,Chief Strategy Officer,E2,Strategy & Corporate Development,5.0,Drivers,Power,drivers_60,43.0
LTM1033,Shaan Deshmukh,Chief Strategy Officer,E2,Strategy & Corporate Development,5.0,Drivers,Challenge,drivers_60,51.0
LTM1033,Shaan Deshmukh,Chief Strategy Officer,E2,Strategy & Corporate Development,5.0,Drivers,Structure,drivers_60,42.0
LTM1033,Shaan Deshmukh,Chief Strategy Officer,E2,Strategy & Corporate Development,5.0,Drivers,Independence,drivers_60,43.0
LTM1033,Shaan Deshmukh,Chief Strategy Officer,E2,Strategy & Corporate Development,5.0,Risk Factor,Avoidant,risk_10,1.0
LTM1033,Shaan Deshmukh,Chief Strategy Officer,E2,Strategy & Corporate Development,5.0,Risk Factor,Closed,risk_10,2.4
LTM1033,Shaan Deshmukh,Chief Strategy Officer,E2,Strategy & Corporate Development,5.0,Risk Factor,Defensive,risk_10,1.0
LTM1033,Shaan Deshmukh,Chief Strategy Officer,E2,Strategy & Corporate Development,5.0,Risk Factor,Egotistic,risk_10,1.8
LTM1033,Shaan Deshmukh,Chief Strategy Officer,E2,Strategy & Corporate Development,5.0,Risk Factor,Micro Managing,risk_10,1.4
LTM1033,Shaan Deshmukh,Chief Strategy Officer,E2,Strategy & Corporate Development,5.0,Risk Factor,Opportunistic,risk_10,1.0
LTM1033,Shaan Deshmukh,Chief Strategy Officer,E2,Strategy & Corporate Development,5.0,Risk Factor,Restrained,risk_10,1.0
LTM1033,Shaan Deshmukh,Chief Strategy Officer,E2,Strategy & Corporate Development,5.0,Risk Factor,Social Pleaser,risk_10,2.7
LTM1033,Shaan Deshmukh,Chief Strategy Officer,E2,Strategy & Corporate Development,5.0,Risk Factor,Solitary,risk_10,1.7
LTM1033,Shaan Deshmukh,Chief Strategy Officer,E2,Strategy & Corporate Development,5.0,Risk Factor,Suspicious,risk_10,1.0
LTM1033,Shaan Deshmukh,Chief Strategy Officer,E2,Strategy & Corporate Development,5.0,Risk Factor,Volatile,risk_10,1.8
LTM1047,Aaina Gole,AVP - Human Resources,E1,Human Resources,5.0,Strategic Thinking,Strategic Vision,ordinal_4,3.0
LTM1047,Aaina Gole,AVP - Human Resources,E1,Human Resources,5.0,Strategic Thinking,Business Acumen,ordinal_4,4.0
LTM1047,Aaina Gole,AVP - Human Resources,E1,Human Resources,5.0,Strategic Thinking,Market and External Awareness,ordinal_4,4.0
LTM1047,Aaina Gole,AVP - Human Resources,E1,Human Resources,5.0,Operational Excellence,Drive for Results,ordinal_4,3.0
LTM1047,Aaina Gole,AVP - Human Resources,E1,Human Resources,5.0,Operational Excellence,Process Optimization,ordinal_4,4.0
LTM1047,Aaina Gole,AVP - Human Resources,E1,Human Resources,5.0,Operational Excellence,Quality Focus,ordinal_4,3.0
LTM1047,Aaina Gole,AVP - Human Resources,E1,Human Resources,5.0,Decision Effectiveness,Analytical Thinking,ordinal_4,4.0
LTM1047,Aaina Gole,AVP - Human Resources,E1,Human Resources,5.0,Decision Effectiveness,Sound Judgment,ordinal_4,4.0
LTM1047,Aaina Gole,AVP - Human Resources,E1,Human Resources,5.0,Decision Effectiveness,Decisiveness Under Uncertainty,ordinal_4,3.0
LTM1047,Aaina Gole,AVP - Human Resources,E1,Human Resources,5.0,People Leadership,Develops Talent,ordinal_4,4.0
LTM1047,Aaina Gole,AVP - Human Resources,E1,Human Resources,5.0,People Leadership,Builds Effective Teams,ordinal_4,4.0
LTM1047,Aaina Gole,AVP - Human Resources,E1,Human Resources,5.0,People Leadership,Coaching Others,ordinal_4,4.0
LTM1047,Aaina Gole,AVP - Human Resources,E1,Human Resources,5.0,Leading Change,Change Sponsorship,ordinal_4,4.0
LTM1047,Aaina Gole,AVP - Human Resources,E1,Human Resources,5.0,Leading Change,Adaptability,ordinal_4,3.0
LTM1047,Aaina Gole,AVP - Human Resources,E1,Human Resources,5.0,Leading Change,Resilience,ordinal_4,3.0
LTM1047,Aaina Gole,AVP - Human Resources,E1,Human Resources,5.0,Stakeholder Engagement,Builds Trust,ordinal_4,3.0
LTM1047,Aaina Gole,AVP - Human Resources,E1,Human Resources,5.0,Stakeholder Engagement,Customer Focus,ordinal_4,4.0
LTM1047,Aaina Gole,AVP - Human Resources,E1,Human Resources,5.0,Stakeholder Engagement,Influences Others,ordinal_4,4.0
LTM1047,Aaina Gole,AVP - Human Resources,E1,Human Resources,5.0,Positivity,Optimism,scale_100,81.0
LTM1047,Aaina Gole,AVP - Human Resources,E1,Human Resources,5.0,Positivity,Situational Self-Awareness,scale_100,75.0
LTM1047,Aaina Gole,AVP - Human Resources,E1,Human Resources,5.0,Positivity,Composure,scale_100,57.0
LTM1047,Aaina Gole,AVP - Human Resources,E1,Human Resources,5.0,Striving,Credibility,scale_100,51.0
LTM1047,Aaina Gole,AVP - Human Resources,E1,Human Resources,5.0,Striving,Confidence,scale_100,70.0
LTM1047,Aaina Gole,AVP - Human Resources,E1,Human Resources,5.0,Striving,Need for Achievement,scale_100,51.0
LTM1047,Aaina Gole,AVP - Human Resources,E1,Human Resources,5.0,Striving,Persistence,scale_100,62.0
LTM1047,Aaina Gole,AVP - Human Resources,E1,Human Resources,5.0,Agreeableness,Affiliation,scale_100,73.0
LTM1047,Aaina Gole,AVP - Human Resources,E1,Human Resources,5.0,Agreeableness,Humility,scale_100,59.0
LTM1047,Aaina Gole,AVP - Human Resources,E1,Human Resources,5.0,Agreeableness,Trust,scale_100,60.0
LTM1047,Aaina Gole,AVP - Human Resources,E1,Human Resources,5.0,Agreeableness,Openness to Differences,scale_100,69.0
LTM1047,Aaina Gole,AVP - Human Resources,E1,Human Resources,5.0,Agility,Focus,scale_100,69.0
LTM1047,Aaina Gole,AVP - Human Resources,E1,Human Resources,5.0,Agility,Curiosity,scale_100,75.0
LTM1047,Aaina Gole,AVP - Human Resources,E1,Human Resources,5.0,Agility,Adaptability,scale_100,70.0
LTM1047,Aaina Gole,AVP - Human Resources,E1,Human Resources,5.0,Agility,Risk Taking,scale_100,65.0
LTM1047,Aaina Gole,AVP - Human Resources,E1,Human Resources,5.0,Agility,Tolerance of Ambiguity,scale_100,57.0
LTM1047,Aaina Gole,AVP - Human Resources,E1,Human Resources,5.0,Presence,Empathy,scale_100,54.0
LTM1047,Aaina Gole,AVP - Human Resources,E1,Human Resources,5.0,Presence,Assertiveness,scale_100,59.0
LTM1047,Aaina Gole,AVP - Human Resources,E1,Human Resources,5.0,Presence,Sociability,scale_100,68.0
LTM1047,Aaina Gole,AVP - Human Resources,E1,Human Resources,5.0,Presence,Influence,scale_100,68.0
LTM1047,Aaina Gole,AVP - Human Resources,E1,Human Resources,5.0,Learning Agility,Mental Agility,scale_10,5.8
LTM1047,Aaina Gole,AVP - Human Resources,E1,Human Resources,5.0,Learning Agility,People Agility,scale_10,6.9
LTM1047,Aaina Gole,AVP - Human Resources,E1,Human Resources,5.0,Learning Agility,Change Agility,scale_10,8.5
LTM1047,Aaina Gole,AVP - Human Resources,E1,Human Resources,5.0,Learning Agility,Results Agility,scale_10,7.6
LTM1047,Aaina Gole,AVP - Human Resources,E1,Human Resources,5.0,Learning Agility,Situational Self-Awareness,scale_10,6.4
LTM1047,Aaina Gole,AVP - Human Resources,E1,Human Resources,5.0,Drivers,Balance,drivers_60,59.0
LTM1047,Aaina Gole,AVP - Human Resources,E1,Human Resources,5.0,Drivers,Collaboration,drivers_60,42.0
LTM1047,Aaina Gole,AVP - Human Resources,E1,Human Resources,5.0,Drivers,Power,drivers_60,45.0
LTM1047,Aaina Gole,AVP - Human Resources,E1,Human Resources,5.0,Drivers,Challenge,drivers_60,45.0
LTM1047,Aaina Gole,AVP - Human Resources,E1,Human Resources,5.0,Drivers,Structure,drivers_60,40.0
LTM1047,Aaina Gole,AVP - Human Resources,E1,Human Resources,5.0,Drivers,Independence,drivers_60,38.0
LTM1047,Aaina Gole,AVP - Human Resources,E1,Human Resources,5.0,Risk Factor,Avoidant,risk_10,3.6
LTM1047,Aaina Gole,AVP - Human Resources,E1,Human Resources,5.0,Risk Factor,Closed,risk_10,2.6
LTM1047,Aaina Gole,AVP - Human Resources,E1,Human Resources,5.0,Risk Factor,Defensive,risk_10,2.4
LTM1047,Aaina Gole,AVP - Human Resources,E1,Human Resources,5.0,Risk Factor,Egotistic,risk_10,2.2
LTM1047,Aaina Gole,AVP - Human Resources,E1,Human Resources,5.0,Risk Factor,Micro Managing,risk_10,1.0
LTM1047,Aaina Gole,AVP - Human Resources,E1,Human Resources,5.0,Risk Factor,Opportunistic,risk_10,2.8
LTM1047,Aaina Gole,AVP - Human Resources,E1,Human Resources,5.0,Risk Factor,Restrained,risk_10,1.0
LTM1047,Aaina Gole,AVP - Human Resources,E1,Human Resources,5.0,Risk Factor,Social Pleaser,risk_10,1.9
LTM1047,Aaina Gole,AVP - Human Resources,E1,Human Resources,5.0,Risk Factor,Solitary,risk_10,1.0
LTM1047,Aaina Gole,AVP - Human Resources,E1,Human Resources,5.0,Risk Factor,Suspicious,risk_10,1.0
LTM1047,Aaina Gole,AVP - Human Resources,E1,Human Resources,5.0,Risk Factor,Volatile,risk_10,2.0
LTM1068,Pihu Das,Senior Director - AI & Data,E2,Technology & Engineering,4.7,Strategic Thinking,Strategic Vision,ordinal_4,3.0
LTM1068,Pihu Das,Senior Director - AI & Data,E2,Technology & Engineering,4.7,Strategic Thinking,Business Acumen,ordinal_4,2.0
LTM1068,Pihu Das,Senior Director - AI & Data,E2,Technology & Engineering,4.7,Strategic Thinking,Market and External Awareness,ordinal_4,3.0
LTM1068,Pihu Das,Senior Director - AI & Data,E2,Technology & Engineering,4.7,Operational Excellence,Drive for Results,ordinal_4,4.0
LTM1068,Pihu Das,Senior Director - AI & Data,E2,Technology & Engineering,4.7,Operational Excellence,Process Optimization,ordinal_4,4.0
LTM1068,Pihu Das,Senior Director - AI & Data,E2,Technology & Engineering,4.7,Operational Excellence,Quality Focus,ordinal_4,3.0
LTM1068,Pihu Das,Senior Director - AI & Data,E2,Technology & Engineering,4.7,Decision Effectiveness,Analytical Thinking,ordinal_4,3.0
LTM1068,Pihu Das,Senior Director - AI & Data,E2,Technology & Engineering,4.7,Decision Effectiveness,Sound Judgment,ordinal_4,3.0
LTM1068,Pihu Das,Senior Director - AI & Data,E2,Technology & Engineering,4.7,Decision Effectiveness,Decisiveness Under Uncertainty,ordinal_4,3.0
LTM1068,Pihu Das,Senior Director - AI & Data,E2,Technology & Engineering,4.7,People Leadership,Develops Talent,ordinal_4,3.0
LTM1068,Pihu Das,Senior Director - AI & Data,E2,Technology & Engineering,4.7,People Leadership,Builds Effective Teams,ordinal_4,3.0
LTM1068,Pihu Das,Senior Director - AI & Data,E2,Technology & Engineering,4.7,People Leadership,Coaching Others,ordinal_4,3.0
LTM1068,Pihu Das,Senior Director - AI & Data,E2,Technology & Engineering,4.7,Leading Change,Change Sponsorship,ordinal_4,3.0
LTM1068,Pihu Das,Senior Director - AI & Data,E2,Technology & Engineering,4.7,Leading Change,Adaptability,ordinal_4,3.0
LTM1068,Pihu Das,Senior Director - AI & Data,E2,Technology & Engineering,4.7,Leading Change,Resilience,ordinal_4,3.0
LTM1068,Pihu Das,Senior Director - AI & Data,E2,Technology & Engineering,4.7,Stakeholder Engagement,Builds Trust,ordinal_4,3.0
LTM1068,Pihu Das,Senior Director - AI & Data,E2,Technology & Engineering,4.7,Stakeholder Engagement,Customer Focus,ordinal_4,3.0
LTM1068,Pihu Das,Senior Director - AI & Data,E2,Technology & Engineering,4.7,Stakeholder Engagement,Influences Others,ordinal_4,3.0
LTM1068,Pihu Das,Senior Director - AI & Data,E2,Technology & Engineering,4.7,Positivity,Optimism,scale_100,75.0
LTM1068,Pihu Das,Senior Director - AI & Data,E2,Technology & Engineering,4.7,Positivity,Situational Self-Awareness,scale_100,54.0
LTM1068,Pihu Das,Senior Director - AI & Data,E2,Technology & Engineering,4.7,Positivity,Composure,scale_100,74.0
LTM1068,Pihu Das,Senior Director - AI & Data,E2,Technology & Engineering,4.7,Striving,Credibility,scale_100,63.0
LTM1068,Pihu Das,Senior Director - AI & Data,E2,Technology & Engineering,4.7,Striving,Confidence,scale_100,90.0
LTM1068,Pihu Das,Senior Director - AI & Data,E2,Technology & Engineering,4.7,Striving,Need for Achievement,scale_100,46.0
LTM1068,Pihu Das,Senior Director - AI & Data,E2,Technology & Engineering,4.7,Striving,Persistence,scale_100,51.0
LTM1068,Pihu Das,Senior Director - AI & Data,E2,Technology & Engineering,4.7,Agreeableness,Affiliation,scale_100,62.0
LTM1068,Pihu Das,Senior Director - AI & Data,E2,Technology & Engineering,4.7,Agreeableness,Humility,scale_100,62.0
LTM1068,Pihu Das,Senior Director - AI & Data,E2,Technology & Engineering,4.7,Agreeableness,Trust,scale_100,77.0
LTM1068,Pihu Das,Senior Director - AI & Data,E2,Technology & Engineering,4.7,Agreeableness,Openness to Differences,scale_100,51.0
LTM1068,Pihu Das,Senior Director - AI & Data,E2,Technology & Engineering,4.7,Agility,Focus,scale_100,73.0
LTM1068,Pihu Das,Senior Director - AI & Data,E2,Technology & Engineering,4.7,Agility,Curiosity,scale_100,75.0
LTM1068,Pihu Das,Senior Director - AI & Data,E2,Technology & Engineering,4.7,Agility,Adaptability,scale_100,71.0
LTM1068,Pihu Das,Senior Director - AI & Data,E2,Technology & Engineering,4.7,Agility,Risk Taking,scale_100,54.0
LTM1068,Pihu Das,Senior Director - AI & Data,E2,Technology & Engineering,4.7,Agility,Tolerance of Ambiguity,scale_100,78.0
LTM1068,Pihu Das,Senior Director - AI & Data,E2,Technology & Engineering,4.7,Presence,Empathy,scale_100,70.0
LTM1068,Pihu Das,Senior Director - AI & Data,E2,Technology & Engineering,4.7,Presence,Assertiveness,scale_100,64.0
LTM1068,Pihu Das,Senior Director - AI & Data,E2,Technology & Engineering,4.7,Presence,Sociability,scale_100,60.0
LTM1068,Pihu Das,Senior Director - AI & Data,E2,Technology & Engineering,4.7,Presence,Influence,scale_100,60.0
LTM1068,Pihu Das,Senior Director - AI & Data,E2,Technology & Engineering,4.7,Learning Agility,Mental Agility,scale_10,7.2
LTM1068,Pihu Das,Senior Director - AI & Data,E2,Technology & Engineering,4.7,Learning Agility,People Agility,scale_10,7.7
LTM1068,Pihu Das,Senior Director - AI & Data,E2,Technology & Engineering,4.7,Learning Agility,Change Agility,scale_10,7.2
LTM1068,Pihu Das,Senior Director - AI & Data,E2,Technology & Engineering,4.7,Learning Agility,Results Agility,scale_10,6.5
LTM1068,Pihu Das,Senior Director - AI & Data,E2,Technology & Engineering,4.7,Learning Agility,Situational Self-Awareness,scale_10,6.4
LTM1068,Pihu Das,Senior Director - AI & Data,E2,Technology & Engineering,4.7,Drivers,Balance,drivers_60,31.0
LTM1068,Pihu Das,Senior Director - AI & Data,E2,Technology & Engineering,4.7,Drivers,Collaboration,drivers_60,38.0
LTM1068,Pihu Das,Senior Director - AI & Data,E2,Technology & Engineering,4.7,Drivers,Power,drivers_60,36.0
LTM1068,Pihu Das,Senior Director - AI & Data,E2,Technology & Engineering,4.7,Drivers,Challenge,drivers_60,38.0
LTM1068,Pihu Das,Senior Director - AI & Data,E2,Technology & Engineering,4.7,Drivers,Structure,drivers_60,40.0
LTM1068,Pihu Das,Senior Director - AI & Data,E2,Technology & Engineering,4.7,Drivers,Independence,drivers_60,32.0
LTM1068,Pihu Das,Senior Director - AI & Data,E2,Technology & Engineering,4.7,Risk Factor,Avoidant,risk_10,4.1
LTM1068,Pihu Das,Senior Director - AI & Data,E2,Technology & Engineering,4.7,Risk Factor,Closed,risk_10,2.6
LTM1068,Pihu Das,Senior Director - AI & Data,E2,Technology & Engineering,4.7,Risk Factor,Defensive,risk_10,2.4
LTM1068,Pihu Das,Senior Director - AI & Data,E2,Technology & Engineering,4.7,Risk Factor,Egotistic,risk_10,3.2
LTM1068,Pihu Das,Senior Director - AI & Data,E2,Technology & Engineering,4.7,Risk Factor,Micro Managing,risk_10,1.2
LTM1068,Pihu Das,Senior Director - AI & Data,E2,Technology & Engineering,4.7,Risk Factor,Opportunistic,risk_10,2.1
LTM1068,Pihu Das,Senior Director - AI & Data,E2,Technology & Engineering,4.7,Risk Factor,Restrained,risk_10,3.7
LTM1068,Pihu Das,Senior Director - AI & Data,E2,Technology & Engineering,4.7,Risk Factor,Social Pleaser,risk_10,1.2
LTM1068,Pihu Das,Senior Director - AI & Data,E2,Technology & Engineering,4.7,Risk Factor,Solitary,risk_10,3.8
LTM1068,Pihu Das,Senior Director - AI & Data,E2,Technology & Engineering,4.7,Risk Factor,Suspicious,risk_10,4.2
LTM1068,Pihu Das,Senior Director - AI & Data,E2,Technology & Engineering,4.7,Risk Factor,Volatile,risk_10,2.5
LTM1082,Vivaan Johal,Vice President - Engineering,E1,Technology & Engineering,4.8,Strategic Thinking,Strategic Vision,ordinal_4,3.0
LTM1082,Vivaan Johal,Vice President - Engineering,E1,Technology & Engineering,4.8,Strategic Thinking,Business Acumen,ordinal_4,3.0
LTM1082,Vivaan Johal,Vice President - Engineering,E1,Technology & Engineering,4.8,Strategic Thinking,Market and External Awareness,ordinal_4,3.0
LTM1082,Vivaan Johal,Vice President - Engineering,E1,Technology & Engineering,4.8,Operational Excellence,Drive for Results,ordinal_4,4.0
LTM1082,Vivaan Johal,Vice President - Engineering,E1,Technology & Engineering,4.8,Operational Excellence,Process Optimization,ordinal_4,3.0
LTM1082,Vivaan Johal,Vice President - Engineering,E1,Technology & Engineering,4.8,Operational Excellence,Quality Focus,ordinal_4,3.0
LTM1082,Vivaan Johal,Vice President - Engineering,E1,Technology & Engineering,4.8,Decision Effectiveness,Analytical Thinking,ordinal_4,3.0
LTM1082,Vivaan Johal,Vice President - Engineering,E1,Technology & Engineering,4.8,Decision Effectiveness,Sound Judgment,ordinal_4,3.0
LTM1082,Vivaan Johal,Vice President - Engineering,E1,Technology & Engineering,4.8,Decision Effectiveness,Decisiveness Under Uncertainty,ordinal_4,3.0
LTM1082,Vivaan Johal,Vice President - Engineering,E1,Technology & Engineering,4.8,People Leadership,Develops Talent,ordinal_4,3.0
LTM1082,Vivaan Johal,Vice President - Engineering,E1,Technology & Engineering,4.8,People Leadership,Builds Effective Teams,ordinal_4,3.0
LTM1082,Vivaan Johal,Vice President - Engineering,E1,Technology & Engineering,4.8,People Leadership,Coaching Others,ordinal_4,3.0
LTM1082,Vivaan Johal,Vice President - Engineering,E1,Technology & Engineering,4.8,Leading Change,Change Sponsorship,ordinal_4,3.0
LTM1082,Vivaan Johal,Vice President - Engineering,E1,Technology & Engineering,4.8,Leading Change,Adaptability,ordinal_4,4.0
LTM1082,Vivaan Johal,Vice President - Engineering,E1,Technology & Engineering,4.8,Leading Change,Resilience,ordinal_4,3.0
LTM1082,Vivaan Johal,Vice President - Engineering,E1,Technology & Engineering,4.8,Stakeholder Engagement,Builds Trust,ordinal_4,3.0
LTM1082,Vivaan Johal,Vice President - Engineering,E1,Technology & Engineering,4.8,Stakeholder Engagement,Customer Focus,ordinal_4,3.0
LTM1082,Vivaan Johal,Vice President - Engineering,E1,Technology & Engineering,4.8,Stakeholder Engagement,Influences Others,ordinal_4,3.0
LTM1082,Vivaan Johal,Vice President - Engineering,E1,Technology & Engineering,4.8,Positivity,Optimism,scale_100,55.0
LTM1082,Vivaan Johal,Vice President - Engineering,E1,Technology & Engineering,4.8,Positivity,Situational Self-Awareness,scale_100,49.0
LTM1082,Vivaan Johal,Vice President - Engineering,E1,Technology & Engineering,4.8,Positivity,Composure,scale_100,73.0
LTM1082,Vivaan Johal,Vice President - Engineering,E1,Technology & Engineering,4.8,Striving,Credibility,scale_100,33.0
LTM1082,Vivaan Johal,Vice President - Engineering,E1,Technology & Engineering,4.8,Striving,Confidence,scale_100,67.0
LTM1082,Vivaan Johal,Vice President - Engineering,E1,Technology & Engineering,4.8,Striving,Need for Achievement,scale_100,54.0
LTM1082,Vivaan Johal,Vice President - Engineering,E1,Technology & Engineering,4.8,Striving,Persistence,scale_100,55.0
LTM1082,Vivaan Johal,Vice President - Engineering,E1,Technology & Engineering,4.8,Agreeableness,Affiliation,scale_100,76.0
LTM1082,Vivaan Johal,Vice President - Engineering,E1,Technology & Engineering,4.8,Agreeableness,Humility,scale_100,52.0
LTM1082,Vivaan Johal,Vice President - Engineering,E1,Technology & Engineering,4.8,Agreeableness,Trust,scale_100,52.0
LTM1082,Vivaan Johal,Vice President - Engineering,E1,Technology & Engineering,4.8,Agreeableness,Openness to Differences,scale_100,58.0
LTM1082,Vivaan Johal,Vice President - Engineering,E1,Technology & Engineering,4.8,Agility,Focus,scale_100,69.0
LTM1082,Vivaan Johal,Vice President - Engineering,E1,Technology & Engineering,4.8,Agility,Curiosity,scale_100,60.0
LTM1082,Vivaan Johal,Vice President - Engineering,E1,Technology & Engineering,4.8,Agility,Adaptability,scale_100,49.0
LTM1082,Vivaan Johal,Vice President - Engineering,E1,Technology & Engineering,4.8,Agility,Risk Taking,scale_100,56.0
LTM1082,Vivaan Johal,Vice President - Engineering,E1,Technology & Engineering,4.8,Agility,Tolerance of Ambiguity,scale_100,78.0
LTM1082,Vivaan Johal,Vice President - Engineering,E1,Technology & Engineering,4.8,Presence,Empathy,scale_100,60.0
LTM1082,Vivaan Johal,Vice President - Engineering,E1,Technology & Engineering,4.8,Presence,Assertiveness,scale_100,63.0
LTM1082,Vivaan Johal,Vice President - Engineering,E1,Technology & Engineering,4.8,Presence,Sociability,scale_100,56.0
LTM1082,Vivaan Johal,Vice President - Engineering,E1,Technology & Engineering,4.8,Presence,Influence,scale_100,52.0
LTM1082,Vivaan Johal,Vice President - Engineering,E1,Technology & Engineering,4.8,Learning Agility,Mental Agility,scale_10,8.7
LTM1082,Vivaan Johal,Vice President - Engineering,E1,Technology & Engineering,4.8,Learning Agility,People Agility,scale_10,7.2
LTM1082,Vivaan Johal,Vice President - Engineering,E1,Technology & Engineering,4.8,Learning Agility,Change Agility,scale_10,7.0
LTM1082,Vivaan Johal,Vice President - Engineering,E1,Technology & Engineering,4.8,Learning Agility,Results Agility,scale_10,8.2
LTM1082,Vivaan Johal,Vice President - Engineering,E1,Technology & Engineering,4.8,Learning Agility,Situational Self-Awareness,scale_10,6.8
LTM1082,Vivaan Johal,Vice President - Engineering,E1,Technology & Engineering,4.8,Drivers,Balance,drivers_60,34.0
LTM1082,Vivaan Johal,Vice President - Engineering,E1,Technology & Engineering,4.8,Drivers,Collaboration,drivers_60,38.0
LTM1082,Vivaan Johal,Vice President - Engineering,E1,Technology & Engineering,4.8,Drivers,Power,drivers_60,38.0
LTM1082,Vivaan Johal,Vice President - Engineering,E1,Technology & Engineering,4.8,Drivers,Challenge,drivers_60,39.0
LTM1082,Vivaan Johal,Vice President - Engineering,E1,Technology & Engineering,4.8,Drivers,Structure,drivers_60,52.0
LTM1082,Vivaan Johal,Vice President - Engineering,E1,Technology & Engineering,4.8,Drivers,Independence,drivers_60,40.0
LTM1082,Vivaan Johal,Vice President - Engineering,E1,Technology & Engineering,4.8,Risk Factor,Avoidant,risk_10,1.0
LTM1082,Vivaan Johal,Vice President - Engineering,E1,Technology & Engineering,4.8,Risk Factor,Closed,risk_10,2.8
LTM1082,Vivaan Johal,Vice President - Engineering,E1,Technology & Engineering,4.8,Risk Factor,Defensive,risk_10,2.6
LTM1082,Vivaan Johal,Vice President - Engineering,E1,Technology & Engineering,4.8,Risk Factor,Egotistic,risk_10,2.6
LTM1082,Vivaan Johal,Vice President - Engineering,E1,Technology & Engineering,4.8,Risk Factor,Micro Managing,risk_10,2.8
LTM1082,Vivaan Johal,Vice President - Engineering,E1,Technology & Engineering,4.8,Risk Factor,Opportunistic,risk_10,2.5
LTM1082,Vivaan Johal,Vice President - Engineering,E1,Technology & Engineering,4.8,Risk Factor,Restrained,risk_10,2.5
LTM1082,Vivaan Johal,Vice President - Engineering,E1,Technology & Engineering,4.8,Risk Factor,Social Pleaser,risk_10,3.1
LTM1082,Vivaan Johal,Vice President - Engineering,E1,Technology & Engineering,4.8,Risk Factor,Solitary,risk_10,2.1
LTM1082,Vivaan Johal,Vice President - Engineering,E1,Technology & Engineering,4.8,Risk Factor,Suspicious,risk_10,1.7
LTM1082,Vivaan Johal,Vice President - Engineering,E1,Technology & Engineering,4.8,Risk Factor,Volatile,risk_10,5.3
LTM1072,Hrishita Bhatnagar,Director - Enterprise Applications,E2,Technology & Engineering,4.8,Strategic Thinking,Strategic Vision,ordinal_4,3.0
LTM1072,Hrishita Bhatnagar,Director - Enterprise Applications,E2,Technology & Engineering,4.8,Strategic Thinking,Business Acumen,ordinal_4,3.0
LTM1072,Hrishita Bhatnagar,Director - Enterprise Applications,E2,Technology & Engineering,4.8,Strategic Thinking,Market and External Awareness,ordinal_4,3.0
LTM1072,Hrishita Bhatnagar,Director - Enterprise Applications,E2,Technology & Engineering,4.8,Operational Excellence,Drive for Results,ordinal_4,4.0
LTM1072,Hrishita Bhatnagar,Director - Enterprise Applications,E2,Technology & Engineering,4.8,Operational Excellence,Process Optimization,ordinal_4,4.0
LTM1072,Hrishita Bhatnagar,Director - Enterprise Applications,E2,Technology & Engineering,4.8,Operational Excellence,Quality Focus,ordinal_4,4.0
LTM1072,Hrishita Bhatnagar,Director - Enterprise Applications,E2,Technology & Engineering,4.8,Decision Effectiveness,Analytical Thinking,ordinal_4,4.0
LTM1072,Hrishita Bhatnagar,Director - Enterprise Applications,E2,Technology & Engineering,4.8,Decision Effectiveness,Sound Judgment,ordinal_4,3.0
LTM1072,Hrishita Bhatnagar,Director - Enterprise Applications,E2,Technology & Engineering,4.8,Decision Effectiveness,Decisiveness Under Uncertainty,ordinal_4,3.0
LTM1072,Hrishita Bhatnagar,Director - Enterprise Applications,E2,Technology & Engineering,4.8,People Leadership,Develops Talent,ordinal_4,3.0
LTM1072,Hrishita Bhatnagar,Director - Enterprise Applications,E2,Technology & Engineering,4.8,People Leadership,Builds Effective Teams,ordinal_4,4.0
LTM1072,Hrishita Bhatnagar,Director - Enterprise Applications,E2,Technology & Engineering,4.8,People Leadership,Coaching Others,ordinal_4,3.0
LTM1072,Hrishita Bhatnagar,Director - Enterprise Applications,E2,Technology & Engineering,4.8,Leading Change,Change Sponsorship,ordinal_4,4.0
LTM1072,Hrishita Bhatnagar,Director - Enterprise Applications,E2,Technology & Engineering,4.8,Leading Change,Adaptability,ordinal_4,4.0
LTM1072,Hrishita Bhatnagar,Director - Enterprise Applications,E2,Technology & Engineering,4.8,Leading Change,Resilience,ordinal_4,3.0
LTM1072,Hrishita Bhatnagar,Director - Enterprise Applications,E2,Technology & Engineering,4.8,Stakeholder Engagement,Builds Trust,ordinal_4,3.0
LTM1072,Hrishita Bhatnagar,Director - Enterprise Applications,E2,Technology & Engineering,4.8,Stakeholder Engagement,Customer Focus,ordinal_4,3.0
LTM1072,Hrishita Bhatnagar,Director - Enterprise Applications,E2,Technology & Engineering,4.8,Stakeholder Engagement,Influences Others,ordinal_4,3.0
LTM1072,Hrishita Bhatnagar,Director - Enterprise Applications,E2,Technology & Engineering,4.8,Positivity,Optimism,scale_100,61.0
LTM1072,Hrishita Bhatnagar,Director - Enterprise Applications,E2,Technology & Engineering,4.8,Positivity,Situational Self-Awareness,scale_100,58.0
LTM1072,Hrishita Bhatnagar,Director - Enterprise Applications,E2,Technology & Engineering,4.8,Positivity,Composure,scale_100,40.0
LTM1072,Hrishita Bhatnagar,Director - Enterprise Applications,E2,Technology & Engineering,4.8,Striving,Credibility,scale_100,72.0
LTM1072,Hrishita Bhatnagar,Director - Enterprise Applications,E2,Technology & Engineering,4.8,Striving,Confidence,scale_100,60.0
LTM1072,Hrishita Bhatnagar,Director - Enterprise Applications,E2,Technology & Engineering,4.8,Striving,Need for Achievement,scale_100,56.0
LTM1072,Hrishita Bhatnagar,Director - Enterprise Applications,E2,Technology & Engineering,4.8,Striving,Persistence,scale_100,55.0
LTM1072,Hrishita Bhatnagar,Director - Enterprise Applications,E2,Technology & Engineering,4.8,Agreeableness,Affiliation,scale_100,64.0
LTM1072,Hrishita Bhatnagar,Director - Enterprise Applications,E2,Technology & Engineering,4.8,Agreeableness,Humility,scale_100,52.0
LTM1072,Hrishita Bhatnagar,Director - Enterprise Applications,E2,Technology & Engineering,4.8,Agreeableness,Trust,scale_100,38.0
LTM1072,Hrishita Bhatnagar,Director - Enterprise Applications,E2,Technology & Engineering,4.8,Agreeableness,Openness to Differences,scale_100,65.0
LTM1072,Hrishita Bhatnagar,Director - Enterprise Applications,E2,Technology & Engineering,4.8,Agility,Focus,scale_100,72.0
LTM1072,Hrishita Bhatnagar,Director - Enterprise Applications,E2,Technology & Engineering,4.8,Agility,Curiosity,scale_100,65.0
LTM1072,Hrishita Bhatnagar,Director - Enterprise Applications,E2,Technology & Engineering,4.8,Agility,Adaptability,scale_100,55.0
LTM1072,Hrishita Bhatnagar,Director - Enterprise Applications,E2,Technology & Engineering,4.8,Agility,Risk Taking,scale_100,67.0
LTM1072,Hrishita Bhatnagar,Director - Enterprise Applications,E2,Technology & Engineering,4.8,Agility,Tolerance of Ambiguity,scale_100,52.0
LTM1072,Hrishita Bhatnagar,Director - Enterprise Applications,E2,Technology & Engineering,4.8,Presence,Empathy,scale_100,50.0
LTM1072,Hrishita Bhatnagar,Director - Enterprise Applications,E2,Technology & Engineering,4.8,Presence,Assertiveness,scale_100,53.0
LTM1072,Hrishita Bhatnagar,Director - Enterprise Applications,E2,Technology & Engineering,4.8,Presence,Sociability,scale_100,69.0
LTM1072,Hrishita Bhatnagar,Director - Enterprise Applications,E2,Technology & Engineering,4.8,Presence,Influence,scale_100,57.0
LTM1072,Hrishita Bhatnagar,Director - Enterprise Applications,E2,Technology & Engineering,4.8,Learning Agility,Mental Agility,scale_10,7.2
LTM1072,Hrishita Bhatnagar,Director - Enterprise Applications,E2,Technology & Engineering,4.8,Learning Agility,People Agility,scale_10,9.2
LTM1072,Hrishita Bhatnagar,Director - Enterprise Applications,E2,Technology & Engineering,4.8,Learning Agility,Change Agility,scale_10,7.9
LTM1072,Hrishita Bhatnagar,Director - Enterprise Applications,E2,Technology & Engineering,4.8,Learning Agility,Results Agility,scale_10,7.9
LTM1072,Hrishita Bhatnagar,Director - Enterprise Applications,E2,Technology & Engineering,4.8,Learning Agility,Situational Self-Awareness,scale_10,7.3
LTM1072,Hrishita Bhatnagar,Director - Enterprise Applications,E2,Technology & Engineering,4.8,Drivers,Balance,drivers_60,35.0
LTM1072,Hrishita Bhatnagar,Director - Enterprise Applications,E2,Technology & Engineering,4.8,Drivers,Collaboration,drivers_60,24.0
LTM1072,Hrishita Bhatnagar,Director - Enterprise Applications,E2,Technology & Engineering,4.8,Drivers,Power,drivers_60,46.0
LTM1072,Hrishita Bhatnagar,Director - Enterprise Applications,E2,Technology & Engineering,4.8,Drivers,Challenge,drivers_60,42.0
LTM1072,Hrishita Bhatnagar,Director - Enterprise Applications,E2,Technology & Engineering,4.8,Drivers,Structure,drivers_60,38.0
LTM1072,Hrishita Bhatnagar,Director - Enterprise Applications,E2,Technology & Engineering,4.8,Drivers,Independence,drivers_60,38.0
LTM1072,Hrishita Bhatnagar,Director - Enterprise Applications,E2,Technology & Engineering,4.8,Risk Factor,Avoidant,risk_10,3.0
LTM1072,Hrishita Bhatnagar,Director - Enterprise Applications,E2,Technology & Engineering,4.8,Risk Factor,Closed,risk_10,1.0
LTM1072,Hrishita Bhatnagar,Director - Enterprise Applications,E2,Technology & Engineering,4.8,Risk Factor,Defensive,risk_10,1.8
LTM1072,Hrishita Bhatnagar,Director - Enterprise Applications,E2,Technology & Engineering,4.8,Risk Factor,Egotistic,risk_10,1.4
LTM1072,Hrishita Bhatnagar,Director - Enterprise Applications,E2,Technology & Engineering,4.8,Risk Factor,Micro Managing,risk_10,4.0
LTM1072,Hrishita Bhatnagar,Director - Enterprise Applications,E2,Technology & Engineering,4.8,Risk Factor,Opportunistic,risk_10,3.2
LTM1072,Hrishita Bhatnagar,Director - Enterprise Applications,E2,Technology & Engineering,4.8,Risk Factor,Restrained,risk_10,1.0
LTM1072,Hrishita Bhatnagar,Director - Enterprise Applications,E2,Technology & Engineering,4.8,Risk Factor,Social Pleaser,risk_10,1.0
LTM1072,Hrishita Bhatnagar,Director - Enterprise Applications,E2,Technology & Engineering,4.8,Risk Factor,Solitary,risk_10,2.3
LTM1072,Hrishita Bhatnagar,Director - Enterprise Applications,E2,Technology & Engineering,4.8,Risk Factor,Suspicious,risk_10,1.9
LTM1072,Hrishita Bhatnagar,Director - Enterprise Applications,E2,Technology & Engineering,4.8,Risk Factor,Volatile,risk_10,1.2
LTM1073,Anay Bahl,Vice President - Engineering,E1,Technology & Engineering,4.7,Strategic Thinking,Strategic Vision,ordinal_4,3.0
LTM1073,Anay Bahl,Vice President - Engineering,E1,Technology & Engineering,4.7,Strategic Thinking,Business Acumen,ordinal_4,3.0
LTM1073,Anay Bahl,Vice President - Engineering,E1,Technology & Engineering,4.7,Strategic Thinking,Market and External Awareness,ordinal_4,3.0
LTM1073,Anay Bahl,Vice President - Engineering,E1,Technology & Engineering,4.7,Operational Excellence,Drive for Results,ordinal_4,3.0
LTM1073,Anay Bahl,Vice President - Engineering,E1,Technology & Engineering,4.7,Operational Excellence,Process Optimization,ordinal_4,4.0
LTM1073,Anay Bahl,Vice President - Engineering,E1,Technology & Engineering,4.7,Operational Excellence,Quality Focus,ordinal_4,3.0
LTM1073,Anay Bahl,Vice President - Engineering,E1,Technology & Engineering,4.7,Decision Effectiveness,Analytical Thinking,ordinal_4,3.0
LTM1073,Anay Bahl,Vice President - Engineering,E1,Technology & Engineering,4.7,Decision Effectiveness,Sound Judgment,ordinal_4,3.0
LTM1073,Anay Bahl,Vice President - Engineering,E1,Technology & Engineering,4.7,Decision Effectiveness,Decisiveness Under Uncertainty,ordinal_4,2.0
LTM1073,Anay Bahl,Vice President - Engineering,E1,Technology & Engineering,4.7,People Leadership,Develops Talent,ordinal_4,3.0
LTM1073,Anay Bahl,Vice President - Engineering,E1,Technology & Engineering,4.7,People Leadership,Builds Effective Teams,ordinal_4,3.0
LTM1073,Anay Bahl,Vice President - Engineering,E1,Technology & Engineering,4.7,People Leadership,Coaching Others,ordinal_4,3.0
LTM1073,Anay Bahl,Vice President - Engineering,E1,Technology & Engineering,4.7,Leading Change,Change Sponsorship,ordinal_4,2.0
LTM1073,Anay Bahl,Vice President - Engineering,E1,Technology & Engineering,4.7,Leading Change,Adaptability,ordinal_4,2.0
LTM1073,Anay Bahl,Vice President - Engineering,E1,Technology & Engineering,4.7,Leading Change,Resilience,ordinal_4,2.0
LTM1073,Anay Bahl,Vice President - Engineering,E1,Technology & Engineering,4.7,Stakeholder Engagement,Builds Trust,ordinal_4,3.0
LTM1073,Anay Bahl,Vice President - Engineering,E1,Technology & Engineering,4.7,Stakeholder Engagement,Customer Focus,ordinal_4,3.0
LTM1073,Anay Bahl,Vice President - Engineering,E1,Technology & Engineering,4.7,Stakeholder Engagement,Influences Others,ordinal_4,3.0
LTM1073,Anay Bahl,Vice President - Engineering,E1,Technology & Engineering,4.7,Positivity,Optimism,scale_100,46.0
LTM1073,Anay Bahl,Vice President - Engineering,E1,Technology & Engineering,4.7,Positivity,Situational Self-Awareness,scale_100,43.0
LTM1073,Anay Bahl,Vice President - Engineering,E1,Technology & Engineering,4.7,Positivity,Composure,scale_100,56.0
LTM1073,Anay Bahl,Vice President - Engineering,E1,Technology & Engineering,4.7,Striving,Credibility,scale_100,51.0
LTM1073,Anay Bahl,Vice President - Engineering,E1,Technology & Engineering,4.7,Striving,Confidence,scale_100,49.0
LTM1073,Anay Bahl,Vice President - Engineering,E1,Technology & Engineering,4.7,Striving,Need for Achievement,scale_100,72.0
LTM1073,Anay Bahl,Vice President - Engineering,E1,Technology & Engineering,4.7,Striving,Persistence,scale_100,55.0
LTM1073,Anay Bahl,Vice President - Engineering,E1,Technology & Engineering,4.7,Agreeableness,Affiliation,scale_100,69.0
LTM1073,Anay Bahl,Vice President - Engineering,E1,Technology & Engineering,4.7,Agreeableness,Humility,scale_100,51.0
LTM1073,Anay Bahl,Vice President - Engineering,E1,Technology & Engineering,4.7,Agreeableness,Trust,scale_100,59.0
LTM1073,Anay Bahl,Vice President - Engineering,E1,Technology & Engineering,4.7,Agreeableness,Openness to Differences,scale_100,56.0
LTM1073,Anay Bahl,Vice President - Engineering,E1,Technology & Engineering,4.7,Agility,Focus,scale_100,45.0
LTM1073,Anay Bahl,Vice President - Engineering,E1,Technology & Engineering,4.7,Agility,Curiosity,scale_100,76.0
LTM1073,Anay Bahl,Vice President - Engineering,E1,Technology & Engineering,4.7,Agility,Adaptability,scale_100,61.0
LTM1073,Anay Bahl,Vice President - Engineering,E1,Technology & Engineering,4.7,Agility,Risk Taking,scale_100,70.0
LTM1073,Anay Bahl,Vice President - Engineering,E1,Technology & Engineering,4.7,Agility,Tolerance of Ambiguity,scale_100,55.0
LTM1073,Anay Bahl,Vice President - Engineering,E1,Technology & Engineering,4.7,Presence,Empathy,scale_100,54.0
LTM1073,Anay Bahl,Vice President - Engineering,E1,Technology & Engineering,4.7,Presence,Assertiveness,scale_100,47.0
LTM1073,Anay Bahl,Vice President - Engineering,E1,Technology & Engineering,4.7,Presence,Sociability,scale_100,68.0
LTM1073,Anay Bahl,Vice President - Engineering,E1,Technology & Engineering,4.7,Presence,Influence,scale_100,59.0
LTM1073,Anay Bahl,Vice President - Engineering,E1,Technology & Engineering,4.7,Learning Agility,Mental Agility,scale_10,7.3
LTM1073,Anay Bahl,Vice President - Engineering,E1,Technology & Engineering,4.7,Learning Agility,People Agility,scale_10,8.1
LTM1073,Anay Bahl,Vice President - Engineering,E1,Technology & Engineering,4.7,Learning Agility,Change Agility,scale_10,7.9
LTM1073,Anay Bahl,Vice President - Engineering,E1,Technology & Engineering,4.7,Learning Agility,Results Agility,scale_10,7.6
LTM1073,Anay Bahl,Vice President - Engineering,E1,Technology & Engineering,4.7,Learning Agility,Situational Self-Awareness,scale_10,5.8
LTM1073,Anay Bahl,Vice President - Engineering,E1,Technology & Engineering,4.7,Drivers,Balance,drivers_60,30.0
LTM1073,Anay Bahl,Vice President - Engineering,E1,Technology & Engineering,4.7,Drivers,Collaboration,drivers_60,28.0
LTM1073,Anay Bahl,Vice President - Engineering,E1,Technology & Engineering,4.7,Drivers,Power,drivers_60,40.0
LTM1073,Anay Bahl,Vice President - Engineering,E1,Technology & Engineering,4.7,Drivers,Challenge,drivers_60,36.0
LTM1073,Anay Bahl,Vice President - Engineering,E1,Technology & Engineering,4.7,Drivers,Structure,drivers_60,25.0
LTM1073,Anay Bahl,Vice President - Engineering,E1,Technology & Engineering,4.7,Drivers,Independence,drivers_60,34.0
LTM1073,Anay Bahl,Vice President - Engineering,E1,Technology & Engineering,4.7,Risk Factor,Avoidant,risk_10,1.6
LTM1073,Anay Bahl,Vice President - Engineering,E1,Technology & Engineering,4.7,Risk Factor,Closed,risk_10,2.9
LTM1073,Anay Bahl,Vice President - Engineering,E1,Technology & Engineering,4.7,Risk Factor,Defensive,risk_10,1.5
LTM1073,Anay Bahl,Vice President - Engineering,E1,Technology & Engineering,4.7,Risk Factor,Egotistic,risk_10,3.5
LTM1073,Anay Bahl,Vice President - Engineering,E1,Technology & Engineering,4.7,Risk Factor,Micro Managing,risk_10,3.3
LTM1073,Anay Bahl,Vice President - Engineering,E1,Technology & Engineering,4.7,Risk Factor,Opportunistic,risk_10,4.7
LTM1073,Anay Bahl,Vice President - Engineering,E1,Technology & Engineering,4.7,Risk Factor,Restrained,risk_10,3.7
LTM1073,Anay Bahl,Vice President - Engineering,E1,Technology & Engineering,4.7,Risk Factor,Social Pleaser,risk_10,2.6
LTM1073,Anay Bahl,Vice President - Engineering,E1,Technology & Engineering,4.7,Risk Factor,Solitary,risk_10,3.7
LTM1073,Anay Bahl,Vice President - Engineering,E1,Technology & Engineering,4.7,Risk Factor,Suspicious,risk_10,1.7
LTM1073,Anay Bahl,Vice President - Engineering,E1,Technology & Engineering,4.7,Risk Factor,Volatile,risk_10,2.1
LTM1074,Prisha Sunder,Senior Director - Delivery,E2,Operations,5.0,Strategic Thinking,Strategic Vision,ordinal_4,4.0
LTM1074,Prisha Sunder,Senior Director - Delivery,E2,Operations,5.0,Strategic Thinking,Business Acumen,ordinal_4,3.0
LTM1074,Prisha Sunder,Senior Director - Delivery,E2,Operations,5.0,Strategic Thinking,Market and External Awareness,ordinal_4,4.0
LTM1074,Prisha Sunder,Senior Director - Delivery,E2,Operations,5.0,Operational Excellence,Drive for Results,ordinal_4,4.0
LTM1074,Prisha Sunder,Senior Director - Delivery,E2,Operations,5.0,Operational Excellence,Process Optimization,ordinal_4,4.0
LTM1074,Prisha Sunder,Senior Director - Delivery,E2,Operations,5.0,Operational Excellence,Quality Focus,ordinal_4,4.0
LTM1074,Prisha Sunder,Senior Director - Delivery,E2,Operations,5.0,Decision Effectiveness,Analytical Thinking,ordinal_4,4.0
LTM1074,Prisha Sunder,Senior Director - Delivery,E2,Operations,5.0,Decision Effectiveness,Sound Judgment,ordinal_4,4.0
LTM1074,Prisha Sunder,Senior Director - Delivery,E2,Operations,5.0,Decision Effectiveness,Decisiveness Under Uncertainty,ordinal_4,4.0
LTM1074,Prisha Sunder,Senior Director - Delivery,E2,Operations,5.0,People Leadership,Develops Talent,ordinal_4,4.0
LTM1074,Prisha Sunder,Senior Director - Delivery,E2,Operations,5.0,People Leadership,Builds Effective Teams,ordinal_4,3.0
LTM1074,Prisha Sunder,Senior Director - Delivery,E2,Operations,5.0,People Leadership,Coaching Others,ordinal_4,4.0
LTM1074,Prisha Sunder,Senior Director - Delivery,E2,Operations,5.0,Leading Change,Change Sponsorship,ordinal_4,3.0
LTM1074,Prisha Sunder,Senior Director - Delivery,E2,Operations,5.0,Leading Change,Adaptability,ordinal_4,4.0
LTM1074,Prisha Sunder,Senior Director - Delivery,E2,Operations,5.0,Leading Change,Resilience,ordinal_4,4.0
LTM1074,Prisha Sunder,Senior Director - Delivery,E2,Operations,5.0,Stakeholder Engagement,Builds Trust,ordinal_4,4.0
LTM1074,Prisha Sunder,Senior Director - Delivery,E2,Operations,5.0,Stakeholder Engagement,Customer Focus,ordinal_4,4.0
LTM1074,Prisha Sunder,Senior Director - Delivery,E2,Operations,5.0,Stakeholder Engagement,Influences Others,ordinal_4,4.0
LTM1074,Prisha Sunder,Senior Director - Delivery,E2,Operations,5.0,Positivity,Optimism,scale_100,60.0
LTM1074,Prisha Sunder,Senior Director - Delivery,E2,Operations,5.0,Positivity,Situational Self-Awareness,scale_100,68.0
LTM1074,Prisha Sunder,Senior Director - Delivery,E2,Operations,5.0,Positivity,Composure,scale_100,70.0
LTM1074,Prisha Sunder,Senior Director - Delivery,E2,Operations,5.0,Striving,Credibility,scale_100,65.0
LTM1074,Prisha Sunder,Senior Director - Delivery,E2,Operations,5.0,Striving,Confidence,scale_100,77.0
LTM1074,Prisha Sunder,Senior Director - Delivery,E2,Operations,5.0,Striving,Need for Achievement,scale_100,60.0
LTM1074,Prisha Sunder,Senior Director - Delivery,E2,Operations,5.0,Striving,Persistence,scale_100,76.0
LTM1074,Prisha Sunder,Senior Director - Delivery,E2,Operations,5.0,Agreeableness,Affiliation,scale_100,71.0
LTM1074,Prisha Sunder,Senior Director - Delivery,E2,Operations,5.0,Agreeableness,Humility,scale_100,66.0
LTM1074,Prisha Sunder,Senior Director - Delivery,E2,Operations,5.0,Agreeableness,Trust,scale_100,63.0
LTM1074,Prisha Sunder,Senior Director - Delivery,E2,Operations,5.0,Agreeableness,Openness to Differences,scale_100,90.0
LTM1074,Prisha Sunder,Senior Director - Delivery,E2,Operations,5.0,Agility,Focus,scale_100,58.0
LTM1074,Prisha Sunder,Senior Director - Delivery,E2,Operations,5.0,Agility,Curiosity,scale_100,69.0
LTM1074,Prisha Sunder,Senior Director - Delivery,E2,Operations,5.0,Agility,Adaptability,scale_100,58.0
LTM1074,Prisha Sunder,Senior Director - Delivery,E2,Operations,5.0,Agility,Risk Taking,scale_100,84.0
LTM1074,Prisha Sunder,Senior Director - Delivery,E2,Operations,5.0,Agility,Tolerance of Ambiguity,scale_100,75.0
LTM1074,Prisha Sunder,Senior Director - Delivery,E2,Operations,5.0,Presence,Empathy,scale_100,59.0
LTM1074,Prisha Sunder,Senior Director - Delivery,E2,Operations,5.0,Presence,Assertiveness,scale_100,71.0
LTM1074,Prisha Sunder,Senior Director - Delivery,E2,Operations,5.0,Presence,Sociability,scale_100,69.0
LTM1074,Prisha Sunder,Senior Director - Delivery,E2,Operations,5.0,Presence,Influence,scale_100,61.0
LTM1074,Prisha Sunder,Senior Director - Delivery,E2,Operations,5.0,Learning Agility,Mental Agility,scale_10,8.4
LTM1074,Prisha Sunder,Senior Director - Delivery,E2,Operations,5.0,Learning Agility,People Agility,scale_10,8.1
LTM1074,Prisha Sunder,Senior Director - Delivery,E2,Operations,5.0,Learning Agility,Change Agility,scale_10,7.9
LTM1074,Prisha Sunder,Senior Director - Delivery,E2,Operations,5.0,Learning Agility,Results Agility,scale_10,7.7
LTM1074,Prisha Sunder,Senior Director - Delivery,E2,Operations,5.0,Learning Agility,Situational Self-Awareness,scale_10,8.1
LTM1074,Prisha Sunder,Senior Director - Delivery,E2,Operations,5.0,Drivers,Balance,drivers_60,51.0
LTM1074,Prisha Sunder,Senior Director - Delivery,E2,Operations,5.0,Drivers,Collaboration,drivers_60,49.0
LTM1074,Prisha Sunder,Senior Director - Delivery,E2,Operations,5.0,Drivers,Power,drivers_60,45.0
LTM1074,Prisha Sunder,Senior Director - Delivery,E2,Operations,5.0,Drivers,Challenge,drivers_60,60.0
LTM1074,Prisha Sunder,Senior Director - Delivery,E2,Operations,5.0,Drivers,Structure,drivers_60,42.0
LTM1074,Prisha Sunder,Senior Director - Delivery,E2,Operations,5.0,Drivers,Independence,drivers_60,52.0
LTM1074,Prisha Sunder,Senior Director - Delivery,E2,Operations,5.0,Risk Factor,Avoidant,risk_10,1.2
LTM1074,Prisha Sunder,Senior Director - Delivery,E2,Operations,5.0,Risk Factor,Closed,risk_10,3.1
LTM1074,Prisha Sunder,Senior Director - Delivery,E2,Operations,5.0,Risk Factor,Defensive,risk_10,1.0
LTM1074,Prisha Sunder,Senior Director - Delivery,E2,Operations,5.0,Risk Factor,Egotistic,risk_10,1.0
LTM1074,Prisha Sunder,Senior Director - Delivery,E2,Operations,5.0,Risk Factor,Micro Managing,risk_10,1.0
LTM1074,Prisha Sunder,Senior Director - Delivery,E2,Operations,5.0,Risk Factor,Opportunistic,risk_10,1.8
LTM1074,Prisha Sunder,Senior Director - Delivery,E2,Operations,5.0,Risk Factor,Restrained,risk_10,1.0
LTM1074,Prisha Sunder,Senior Director - Delivery,E2,Operations,5.0,Risk Factor,Social Pleaser,risk_10,1.1
LTM1074,Prisha Sunder,Senior Director - Delivery,E2,Operations,5.0,Risk Factor,Solitary,risk_10,1.0
LTM1074,Prisha Sunder,Senior Director - Delivery,E2,Operations,5.0,Risk Factor,Suspicious,risk_10,1.7
LTM1074,Prisha Sunder,Senior Director - Delivery,E2,Operations,5.0,Risk Factor,Volatile,risk_10,1.0
LTM1036,Vidur Balakrishnan,Vice President - Engineering,E1,Technology & Engineering,4.9,Strategic Thinking,Strategic Vision,ordinal_4,3.0
LTM1036,Vidur Balakrishnan,Vice President - Engineering,E1,Technology & Engineering,4.9,Strategic Thinking,Business Acumen,ordinal_4,4.0
LTM1036,Vidur Balakrishnan,Vice President - Engineering,E1,Technology & Engineering,4.9,Strategic Thinking,Market and External Awareness,ordinal_4,3.0
LTM1036,Vidur Balakrishnan,Vice President - Engineering,E1,Technology & Engineering,4.9,Operational Excellence,Drive for Results,ordinal_4,4.0
LTM1036,Vidur Balakrishnan,Vice President - Engineering,E1,Technology & Engineering,4.9,Operational Excellence,Process Optimization,ordinal_4,4.0
LTM1036,Vidur Balakrishnan,Vice President - Engineering,E1,Technology & Engineering,4.9,Operational Excellence,Quality Focus,ordinal_4,4.0
LTM1036,Vidur Balakrishnan,Vice President - Engineering,E1,Technology & Engineering,4.9,Decision Effectiveness,Analytical Thinking,ordinal_4,3.0
LTM1036,Vidur Balakrishnan,Vice President - Engineering,E1,Technology & Engineering,4.9,Decision Effectiveness,Sound Judgment,ordinal_4,3.0
LTM1036,Vidur Balakrishnan,Vice President - Engineering,E1,Technology & Engineering,4.9,Decision Effectiveness,Decisiveness Under Uncertainty,ordinal_4,3.0
LTM1036,Vidur Balakrishnan,Vice President - Engineering,E1,Technology & Engineering,4.9,People Leadership,Develops Talent,ordinal_4,3.0
LTM1036,Vidur Balakrishnan,Vice President - Engineering,E1,Technology & Engineering,4.9,People Leadership,Builds Effective Teams,ordinal_4,3.0
LTM1036,Vidur Balakrishnan,Vice President - Engineering,E1,Technology & Engineering,4.9,People Leadership,Coaching Others,ordinal_4,3.0
LTM1036,Vidur Balakrishnan,Vice President - Engineering,E1,Technology & Engineering,4.9,Leading Change,Change Sponsorship,ordinal_4,4.0
LTM1036,Vidur Balakrishnan,Vice President - Engineering,E1,Technology & Engineering,4.9,Leading Change,Adaptability,ordinal_4,3.0
LTM1036,Vidur Balakrishnan,Vice President - Engineering,E1,Technology & Engineering,4.9,Leading Change,Resilience,ordinal_4,3.0
LTM1036,Vidur Balakrishnan,Vice President - Engineering,E1,Technology & Engineering,4.9,Stakeholder Engagement,Builds Trust,ordinal_4,4.0
LTM1036,Vidur Balakrishnan,Vice President - Engineering,E1,Technology & Engineering,4.9,Stakeholder Engagement,Customer Focus,ordinal_4,4.0
LTM1036,Vidur Balakrishnan,Vice President - Engineering,E1,Technology & Engineering,4.9,Stakeholder Engagement,Influences Others,ordinal_4,3.0
LTM1036,Vidur Balakrishnan,Vice President - Engineering,E1,Technology & Engineering,4.9,Positivity,Optimism,scale_100,59.0
LTM1036,Vidur Balakrishnan,Vice President - Engineering,E1,Technology & Engineering,4.9,Positivity,Situational Self-Awareness,scale_100,44.0
LTM1036,Vidur Balakrishnan,Vice President - Engineering,E1,Technology & Engineering,4.9,Positivity,Composure,scale_100,51.0
LTM1036,Vidur Balakrishnan,Vice President - Engineering,E1,Technology & Engineering,4.9,Striving,Credibility,scale_100,65.0
LTM1036,Vidur Balakrishnan,Vice President - Engineering,E1,Technology & Engineering,4.9,Striving,Confidence,scale_100,60.0
LTM1036,Vidur Balakrishnan,Vice President - Engineering,E1,Technology & Engineering,4.9,Striving,Need for Achievement,scale_100,62.0
LTM1036,Vidur Balakrishnan,Vice President - Engineering,E1,Technology & Engineering,4.9,Striving,Persistence,scale_100,72.0
LTM1036,Vidur Balakrishnan,Vice President - Engineering,E1,Technology & Engineering,4.9,Agreeableness,Affiliation,scale_100,50.0
LTM1036,Vidur Balakrishnan,Vice President - Engineering,E1,Technology & Engineering,4.9,Agreeableness,Humility,scale_100,59.0
LTM1036,Vidur Balakrishnan,Vice President - Engineering,E1,Technology & Engineering,4.9,Agreeableness,Trust,scale_100,63.0
LTM1036,Vidur Balakrishnan,Vice President - Engineering,E1,Technology & Engineering,4.9,Agreeableness,Openness to Differences,scale_100,55.0
LTM1036,Vidur Balakrishnan,Vice President - Engineering,E1,Technology & Engineering,4.9,Agility,Focus,scale_100,82.0
LTM1036,Vidur Balakrishnan,Vice President - Engineering,E1,Technology & Engineering,4.9,Agility,Curiosity,scale_100,77.0
LTM1036,Vidur Balakrishnan,Vice President - Engineering,E1,Technology & Engineering,4.9,Agility,Adaptability,scale_100,70.0
LTM1036,Vidur Balakrishnan,Vice President - Engineering,E1,Technology & Engineering,4.9,Agility,Risk Taking,scale_100,86.0
LTM1036,Vidur Balakrishnan,Vice President - Engineering,E1,Technology & Engineering,4.9,Agility,Tolerance of Ambiguity,scale_100,53.0
LTM1036,Vidur Balakrishnan,Vice President - Engineering,E1,Technology & Engineering,4.9,Presence,Empathy,scale_100,62.0
LTM1036,Vidur Balakrishnan,Vice President - Engineering,E1,Technology & Engineering,4.9,Presence,Assertiveness,scale_100,65.0
LTM1036,Vidur Balakrishnan,Vice President - Engineering,E1,Technology & Engineering,4.9,Presence,Sociability,scale_100,52.0
LTM1036,Vidur Balakrishnan,Vice President - Engineering,E1,Technology & Engineering,4.9,Presence,Influence,scale_100,65.0
LTM1036,Vidur Balakrishnan,Vice President - Engineering,E1,Technology & Engineering,4.9,Learning Agility,Mental Agility,scale_10,6.8
LTM1036,Vidur Balakrishnan,Vice President - Engineering,E1,Technology & Engineering,4.9,Learning Agility,People Agility,scale_10,8.3
LTM1036,Vidur Balakrishnan,Vice President - Engineering,E1,Technology & Engineering,4.9,Learning Agility,Change Agility,scale_10,8.6
LTM1036,Vidur Balakrishnan,Vice President - Engineering,E1,Technology & Engineering,4.9,Learning Agility,Results Agility,scale_10,7.9
LTM1036,Vidur Balakrishnan,Vice President - Engineering,E1,Technology & Engineering,4.9,Learning Agility,Situational Self-Awareness,scale_10,6.2
LTM1036,Vidur Balakrishnan,Vice President - Engineering,E1,Technology & Engineering,4.9,Drivers,Balance,drivers_60,33.0
LTM1036,Vidur Balakrishnan,Vice President - Engineering,E1,Technology & Engineering,4.9,Drivers,Collaboration,drivers_60,44.0
LTM1036,Vidur Balakrishnan,Vice President - Engineering,E1,Technology & Engineering,4.9,Drivers,Power,drivers_60,40.0
LTM1036,Vidur Balakrishnan,Vice President - Engineering,E1,Technology & Engineering,4.9,Drivers,Challenge,drivers_60,21.0
LTM1036,Vidur Balakrishnan,Vice President - Engineering,E1,Technology & Engineering,4.9,Drivers,Structure,drivers_60,49.0
LTM1036,Vidur Balakrishnan,Vice President - Engineering,E1,Technology & Engineering,4.9,Drivers,Independence,drivers_60,41.0
LTM1036,Vidur Balakrishnan,Vice President - Engineering,E1,Technology & Engineering,4.9,Risk Factor,Avoidant,risk_10,1.4
LTM1036,Vidur Balakrishnan,Vice President - Engineering,E1,Technology & Engineering,4.9,Risk Factor,Closed,risk_10,3.0
LTM1036,Vidur Balakrishnan,Vice President - Engineering,E1,Technology & Engineering,4.9,Risk Factor,Defensive,risk_10,1.5
LTM1036,Vidur Balakrishnan,Vice President - Engineering,E1,Technology & Engineering,4.9,Risk Factor,Egotistic,risk_10,1.5
LTM1036,Vidur Balakrishnan,Vice President - Engineering,E1,Technology & Engineering,4.9,Risk Factor,Micro Managing,risk_10,2.4
LTM1036,Vidur Balakrishnan,Vice President - Engineering,E1,Technology & Engineering,4.9,Risk Factor,Opportunistic,risk_10,3.7
LTM1036,Vidur Balakrishnan,Vice President - Engineering,E1,Technology & Engineering,4.9,Risk Factor,Restrained,risk_10,3.6
LTM1036,Vidur Balakrishnan,Vice President - Engineering,E1,Technology & Engineering,4.9,Risk Factor,Social Pleaser,risk_10,2.4
LTM1036,Vidur Balakrishnan,Vice President - Engineering,E1,Technology & Engineering,4.9,Risk Factor,Solitary,risk_10,2.5
LTM1036,Vidur Balakrishnan,Vice President - Engineering,E1,Technology & Engineering,4.9,Risk Factor,Suspicious,risk_10,2.8
LTM1036,Vidur Balakrishnan,Vice President - Engineering,E1,Technology & Engineering,4.9,Risk Factor,Volatile,risk_10,1.0
LTM1076,Arhaan Reddy,Director - Cloud Infrastructure,E2,Technology & Engineering,4.6,Strategic Thinking,Strategic Vision,ordinal_4,3.0
LTM1076,Arhaan Reddy,Director - Cloud Infrastructure,E2,Technology & Engineering,4.6,Strategic Thinking,Business Acumen,ordinal_4,2.0
LTM1076,Arhaan Reddy,Director - Cloud Infrastructure,E2,Technology & Engineering,4.6,Strategic Thinking,Market and External Awareness,ordinal_4,3.0
LTM1076,Arhaan Reddy,Director - Cloud Infrastructure,E2,Technology & Engineering,4.6,Operational Excellence,Drive for Results,ordinal_4,3.0
LTM1076,Arhaan Reddy,Director - Cloud Infrastructure,E2,Technology & Engineering,4.6,Operational Excellence,Process Optimization,ordinal_4,3.0
LTM1076,Arhaan Reddy,Director - Cloud Infrastructure,E2,Technology & Engineering,4.6,Operational Excellence,Quality Focus,ordinal_4,3.0
LTM1076,Arhaan Reddy,Director - Cloud Infrastructure,E2,Technology & Engineering,4.6,Decision Effectiveness,Analytical Thinking,ordinal_4,2.0
LTM1076,Arhaan Reddy,Director - Cloud Infrastructure,E2,Technology & Engineering,4.6,Decision Effectiveness,Sound Judgment,ordinal_4,3.0
LTM1076,Arhaan Reddy,Director - Cloud Infrastructure,E2,Technology & Engineering,4.6,Decision Effectiveness,Decisiveness Under Uncertainty,ordinal_4,3.0
LTM1076,Arhaan Reddy,Director - Cloud Infrastructure,E2,Technology & Engineering,4.6,People Leadership,Develops Talent,ordinal_4,3.0
LTM1076,Arhaan Reddy,Director - Cloud Infrastructure,E2,Technology & Engineering,4.6,People Leadership,Builds Effective Teams,ordinal_4,3.0
LTM1076,Arhaan Reddy,Director - Cloud Infrastructure,E2,Technology & Engineering,4.6,People Leadership,Coaching Others,ordinal_4,3.0
LTM1076,Arhaan Reddy,Director - Cloud Infrastructure,E2,Technology & Engineering,4.6,Leading Change,Change Sponsorship,ordinal_4,3.0
LTM1076,Arhaan Reddy,Director - Cloud Infrastructure,E2,Technology & Engineering,4.6,Leading Change,Adaptability,ordinal_4,3.0
LTM1076,Arhaan Reddy,Director - Cloud Infrastructure,E2,Technology & Engineering,4.6,Leading Change,Resilience,ordinal_4,3.0
LTM1076,Arhaan Reddy,Director - Cloud Infrastructure,E2,Technology & Engineering,4.6,Stakeholder Engagement,Builds Trust,ordinal_4,3.0
LTM1076,Arhaan Reddy,Director - Cloud Infrastructure,E2,Technology & Engineering,4.6,Stakeholder Engagement,Customer Focus,ordinal_4,2.0
LTM1076,Arhaan Reddy,Director - Cloud Infrastructure,E2,Technology & Engineering,4.6,Stakeholder Engagement,Influences Others,ordinal_4,2.0
LTM1076,Arhaan Reddy,Director - Cloud Infrastructure,E2,Technology & Engineering,4.6,Positivity,Optimism,scale_100,50.0
LTM1076,Arhaan Reddy,Director - Cloud Infrastructure,E2,Technology & Engineering,4.6,Positivity,Situational Self-Awareness,scale_100,63.0
LTM1076,Arhaan Reddy,Director - Cloud Infrastructure,E2,Technology & Engineering,4.6,Positivity,Composure,scale_100,51.0
LTM1076,Arhaan Reddy,Director - Cloud Infrastructure,E2,Technology & Engineering,4.6,Striving,Credibility,scale_100,63.0
LTM1076,Arhaan Reddy,Director - Cloud Infrastructure,E2,Technology & Engineering,4.6,Striving,Confidence,scale_100,56.0
LTM1076,Arhaan Reddy,Director - Cloud Infrastructure,E2,Technology & Engineering,4.6,Striving,Need for Achievement,scale_100,68.0
LTM1076,Arhaan Reddy,Director - Cloud Infrastructure,E2,Technology & Engineering,4.6,Striving,Persistence,scale_100,52.0
LTM1076,Arhaan Reddy,Director - Cloud Infrastructure,E2,Technology & Engineering,4.6,Agreeableness,Affiliation,scale_100,60.0
LTM1076,Arhaan Reddy,Director - Cloud Infrastructure,E2,Technology & Engineering,4.6,Agreeableness,Humility,scale_100,60.0
LTM1076,Arhaan Reddy,Director - Cloud Infrastructure,E2,Technology & Engineering,4.6,Agreeableness,Trust,scale_100,70.0
LTM1076,Arhaan Reddy,Director - Cloud Infrastructure,E2,Technology & Engineering,4.6,Agreeableness,Openness to Differences,scale_100,38.0
LTM1076,Arhaan Reddy,Director - Cloud Infrastructure,E2,Technology & Engineering,4.6,Agility,Focus,scale_100,56.0
LTM1076,Arhaan Reddy,Director - Cloud Infrastructure,E2,Technology & Engineering,4.6,Agility,Curiosity,scale_100,69.0
LTM1076,Arhaan Reddy,Director - Cloud Infrastructure,E2,Technology & Engineering,4.6,Agility,Adaptability,scale_100,76.0
LTM1076,Arhaan Reddy,Director - Cloud Infrastructure,E2,Technology & Engineering,4.6,Agility,Risk Taking,scale_100,63.0
LTM1076,Arhaan Reddy,Director - Cloud Infrastructure,E2,Technology & Engineering,4.6,Agility,Tolerance of Ambiguity,scale_100,58.0
LTM1076,Arhaan Reddy,Director - Cloud Infrastructure,E2,Technology & Engineering,4.6,Presence,Empathy,scale_100,63.0
LTM1076,Arhaan Reddy,Director - Cloud Infrastructure,E2,Technology & Engineering,4.6,Presence,Assertiveness,scale_100,64.0
LTM1076,Arhaan Reddy,Director - Cloud Infrastructure,E2,Technology & Engineering,4.6,Presence,Sociability,scale_100,51.0
LTM1076,Arhaan Reddy,Director - Cloud Infrastructure,E2,Technology & Engineering,4.6,Presence,Influence,scale_100,58.0
LTM1076,Arhaan Reddy,Director - Cloud Infrastructure,E2,Technology & Engineering,4.6,Learning Agility,Mental Agility,scale_10,7.8
LTM1076,Arhaan Reddy,Director - Cloud Infrastructure,E2,Technology & Engineering,4.6,Learning Agility,People Agility,scale_10,8.4
LTM1076,Arhaan Reddy,Director - Cloud Infrastructure,E2,Technology & Engineering,4.6,Learning Agility,Change Agility,scale_10,7.4
LTM1076,Arhaan Reddy,Director - Cloud Infrastructure,E2,Technology & Engineering,4.6,Learning Agility,Results Agility,scale_10,6.9
LTM1076,Arhaan Reddy,Director - Cloud Infrastructure,E2,Technology & Engineering,4.6,Learning Agility,Situational Self-Awareness,scale_10,6.8
LTM1076,Arhaan Reddy,Director - Cloud Infrastructure,E2,Technology & Engineering,4.6,Drivers,Balance,drivers_60,38.0
LTM1076,Arhaan Reddy,Director - Cloud Infrastructure,E2,Technology & Engineering,4.6,Drivers,Collaboration,drivers_60,33.0
LTM1076,Arhaan Reddy,Director - Cloud Infrastructure,E2,Technology & Engineering,4.6,Drivers,Power,drivers_60,35.0
LTM1076,Arhaan Reddy,Director - Cloud Infrastructure,E2,Technology & Engineering,4.6,Drivers,Challenge,drivers_60,27.0
LTM1076,Arhaan Reddy,Director - Cloud Infrastructure,E2,Technology & Engineering,4.6,Drivers,Structure,drivers_60,43.0
LTM1076,Arhaan Reddy,Director - Cloud Infrastructure,E2,Technology & Engineering,4.6,Drivers,Independence,drivers_60,26.0
LTM1076,Arhaan Reddy,Director - Cloud Infrastructure,E2,Technology & Engineering,4.6,Risk Factor,Avoidant,risk_10,2.9
LTM1076,Arhaan Reddy,Director - Cloud Infrastructure,E2,Technology & Engineering,4.6,Risk Factor,Closed,risk_10,3.3
LTM1076,Arhaan Reddy,Director - Cloud Infrastructure,E2,Technology & Engineering,4.6,Risk Factor,Defensive,risk_10,5.0
LTM1076,Arhaan Reddy,Director - Cloud Infrastructure,E2,Technology & Engineering,4.6,Risk Factor,Egotistic,risk_10,2.9
LTM1076,Arhaan Reddy,Director - Cloud Infrastructure,E2,Technology & Engineering,4.6,Risk Factor,Micro Managing,risk_10,2.7
LTM1076,Arhaan Reddy,Director - Cloud Infrastructure,E2,Technology & Engineering,4.6,Risk Factor,Opportunistic,risk_10,2.8
LTM1076,Arhaan Reddy,Director - Cloud Infrastructure,E2,Technology & Engineering,4.6,Risk Factor,Restrained,risk_10,4.7
LTM1076,Arhaan Reddy,Director - Cloud Infrastructure,E2,Technology & Engineering,4.6,Risk Factor,Social Pleaser,risk_10,1.0
LTM1076,Arhaan Reddy,Director - Cloud Infrastructure,E2,Technology & Engineering,4.6,Risk Factor,Solitary,risk_10,2.3
LTM1076,Arhaan Reddy,Director - Cloud Infrastructure,E2,Technology & Engineering,4.6,Risk Factor,Suspicious,risk_10,5.7
LTM1076,Arhaan Reddy,Director - Cloud Infrastructure,E2,Technology & Engineering,4.6,Risk Factor,Volatile,risk_10,3.8
LTM1062,Dishani Mander,Director - Enterprise Applications,E2,Technology & Engineering,4.5,Strategic Thinking,Strategic Vision,ordinal_4,2.0
LTM1062,Dishani Mander,Director - Enterprise Applications,E2,Technology & Engineering,4.5,Strategic Thinking,Business Acumen,ordinal_4,2.0
LTM1062,Dishani Mander,Director - Enterprise Applications,E2,Technology & Engineering,4.5,Strategic Thinking,Market and External Awareness,ordinal_4,2.0
LTM1062,Dishani Mander,Director - Enterprise Applications,E2,Technology & Engineering,4.5,Operational Excellence,Drive for Results,ordinal_4,3.0
LTM1062,Dishani Mander,Director - Enterprise Applications,E2,Technology & Engineering,4.5,Operational Excellence,Process Optimization,ordinal_4,4.0
LTM1062,Dishani Mander,Director - Enterprise Applications,E2,Technology & Engineering,4.5,Operational Excellence,Quality Focus,ordinal_4,3.0
LTM1062,Dishani Mander,Director - Enterprise Applications,E2,Technology & Engineering,4.5,Decision Effectiveness,Analytical Thinking,ordinal_4,2.0
LTM1062,Dishani Mander,Director - Enterprise Applications,E2,Technology & Engineering,4.5,Decision Effectiveness,Sound Judgment,ordinal_4,3.0
LTM1062,Dishani Mander,Director - Enterprise Applications,E2,Technology & Engineering,4.5,Decision Effectiveness,Decisiveness Under Uncertainty,ordinal_4,2.0
LTM1062,Dishani Mander,Director - Enterprise Applications,E2,Technology & Engineering,4.5,People Leadership,Develops Talent,ordinal_4,2.0
LTM1062,Dishani Mander,Director - Enterprise Applications,E2,Technology & Engineering,4.5,People Leadership,Builds Effective Teams,ordinal_4,2.0
LTM1062,Dishani Mander,Director - Enterprise Applications,E2,Technology & Engineering,4.5,People Leadership,Coaching Others,ordinal_4,2.0
LTM1062,Dishani Mander,Director - Enterprise Applications,E2,Technology & Engineering,4.5,Leading Change,Change Sponsorship,ordinal_4,2.0
LTM1062,Dishani Mander,Director - Enterprise Applications,E2,Technology & Engineering,4.5,Leading Change,Adaptability,ordinal_4,2.0
LTM1062,Dishani Mander,Director - Enterprise Applications,E2,Technology & Engineering,4.5,Leading Change,Resilience,ordinal_4,3.0
LTM1062,Dishani Mander,Director - Enterprise Applications,E2,Technology & Engineering,4.5,Stakeholder Engagement,Builds Trust,ordinal_4,2.0
LTM1062,Dishani Mander,Director - Enterprise Applications,E2,Technology & Engineering,4.5,Stakeholder Engagement,Customer Focus,ordinal_4,1.0
LTM1062,Dishani Mander,Director - Enterprise Applications,E2,Technology & Engineering,4.5,Stakeholder Engagement,Influences Others,ordinal_4,2.0
LTM1062,Dishani Mander,Director - Enterprise Applications,E2,Technology & Engineering,4.5,Positivity,Optimism,scale_100,48.0
LTM1062,Dishani Mander,Director - Enterprise Applications,E2,Technology & Engineering,4.5,Positivity,Situational Self-Awareness,scale_100,46.0
LTM1062,Dishani Mander,Director - Enterprise Applications,E2,Technology & Engineering,4.5,Positivity,Composure,scale_100,67.0
LTM1062,Dishani Mander,Director - Enterprise Applications,E2,Technology & Engineering,4.5,Striving,Credibility,scale_100,46.0
LTM1062,Dishani Mander,Director - Enterprise Applications,E2,Technology & Engineering,4.5,Striving,Confidence,scale_100,61.0
LTM1062,Dishani Mander,Director - Enterprise Applications,E2,Technology & Engineering,4.5,Striving,Need for Achievement,scale_100,52.0
LTM1062,Dishani Mander,Director - Enterprise Applications,E2,Technology & Engineering,4.5,Striving,Persistence,scale_100,52.0
LTM1062,Dishani Mander,Director - Enterprise Applications,E2,Technology & Engineering,4.5,Agreeableness,Affiliation,scale_100,44.0
LTM1062,Dishani Mander,Director - Enterprise Applications,E2,Technology & Engineering,4.5,Agreeableness,Humility,scale_100,52.0
LTM1062,Dishani Mander,Director - Enterprise Applications,E2,Technology & Engineering,4.5,Agreeableness,Trust,scale_100,45.0
LTM1062,Dishani Mander,Director - Enterprise Applications,E2,Technology & Engineering,4.5,Agreeableness,Openness to Differences,scale_100,54.0
LTM1062,Dishani Mander,Director - Enterprise Applications,E2,Technology & Engineering,4.5,Agility,Focus,scale_100,56.0
LTM1062,Dishani Mander,Director - Enterprise Applications,E2,Technology & Engineering,4.5,Agility,Curiosity,scale_100,49.0
LTM1062,Dishani Mander,Director - Enterprise Applications,E2,Technology & Engineering,4.5,Agility,Adaptability,scale_100,68.0
LTM1062,Dishani Mander,Director - Enterprise Applications,E2,Technology & Engineering,4.5,Agility,Risk Taking,scale_100,63.0
LTM1062,Dishani Mander,Director - Enterprise Applications,E2,Technology & Engineering,4.5,Agility,Tolerance of Ambiguity,scale_100,54.0
LTM1062,Dishani Mander,Director - Enterprise Applications,E2,Technology & Engineering,4.5,Presence,Empathy,scale_100,54.0
LTM1062,Dishani Mander,Director - Enterprise Applications,E2,Technology & Engineering,4.5,Presence,Assertiveness,scale_100,51.0
LTM1062,Dishani Mander,Director - Enterprise Applications,E2,Technology & Engineering,4.5,Presence,Sociability,scale_100,44.0
LTM1062,Dishani Mander,Director - Enterprise Applications,E2,Technology & Engineering,4.5,Presence,Influence,scale_100,53.0
LTM1062,Dishani Mander,Director - Enterprise Applications,E2,Technology & Engineering,4.5,Learning Agility,Mental Agility,scale_10,6.0
LTM1062,Dishani Mander,Director - Enterprise Applications,E2,Technology & Engineering,4.5,Learning Agility,People Agility,scale_10,5.7
LTM1062,Dishani Mander,Director - Enterprise Applications,E2,Technology & Engineering,4.5,Learning Agility,Change Agility,scale_10,5.2
LTM1062,Dishani Mander,Director - Enterprise Applications,E2,Technology & Engineering,4.5,Learning Agility,Results Agility,scale_10,6.2
LTM1062,Dishani Mander,Director - Enterprise Applications,E2,Technology & Engineering,4.5,Learning Agility,Situational Self-Awareness,scale_10,6.9
LTM1062,Dishani Mander,Director - Enterprise Applications,E2,Technology & Engineering,4.5,Drivers,Balance,drivers_60,27.0
LTM1062,Dishani Mander,Director - Enterprise Applications,E2,Technology & Engineering,4.5,Drivers,Collaboration,drivers_60,49.0
LTM1062,Dishani Mander,Director - Enterprise Applications,E2,Technology & Engineering,4.5,Drivers,Power,drivers_60,38.0
LTM1062,Dishani Mander,Director - Enterprise Applications,E2,Technology & Engineering,4.5,Drivers,Challenge,drivers_60,41.0
LTM1062,Dishani Mander,Director - Enterprise Applications,E2,Technology & Engineering,4.5,Drivers,Structure,drivers_60,37.0
LTM1062,Dishani Mander,Director - Enterprise Applications,E2,Technology & Engineering,4.5,Drivers,Independence,drivers_60,44.0
LTM1062,Dishani Mander,Director - Enterprise Applications,E2,Technology & Engineering,4.5,Risk Factor,Avoidant,risk_10,3.0
LTM1062,Dishani Mander,Director - Enterprise Applications,E2,Technology & Engineering,4.5,Risk Factor,Closed,risk_10,1.4
LTM1062,Dishani Mander,Director - Enterprise Applications,E2,Technology & Engineering,4.5,Risk Factor,Defensive,risk_10,3.3
LTM1062,Dishani Mander,Director - Enterprise Applications,E2,Technology & Engineering,4.5,Risk Factor,Egotistic,risk_10,4.2
LTM1062,Dishani Mander,Director - Enterprise Applications,E2,Technology & Engineering,4.5,Risk Factor,Micro Managing,risk_10,3.8
LTM1062,Dishani Mander,Director - Enterprise Applications,E2,Technology & Engineering,4.5,Risk Factor,Opportunistic,risk_10,3.9
LTM1062,Dishani Mander,Director - Enterprise Applications,E2,Technology & Engineering,4.5,Risk Factor,Restrained,risk_10,4.9
LTM1062,Dishani Mander,Director - Enterprise Applications,E2,Technology & Engineering,4.5,Risk Factor,Social Pleaser,risk_10,4.0
LTM1062,Dishani Mander,Director - Enterprise Applications,E2,Technology & Engineering,4.5,Risk Factor,Solitary,risk_10,4.4
LTM1062,Dishani Mander,Director - Enterprise Applications,E2,Technology & Engineering,4.5,Risk Factor,Suspicious,risk_10,2.8
LTM1062,Dishani Mander,Director - Enterprise Applications,E2,Technology & Engineering,4.5,Risk Factor,Volatile,risk_10,2.7
LTM1078,Inaaya  Kata,Senior Director - Sales,E2,Sales & Business Development,4.8,Strategic Thinking,Strategic Vision,ordinal_4,4.0
LTM1078,Inaaya  Kata,Senior Director - Sales,E2,Sales & Business Development,4.8,Strategic Thinking,Business Acumen,ordinal_4,3.0
LTM1078,Inaaya  Kata,Senior Director - Sales,E2,Sales & Business Development,4.8,Strategic Thinking,Market and External Awareness,ordinal_4,3.0
LTM1078,Inaaya  Kata,Senior Director - Sales,E2,Sales & Business Development,4.8,Operational Excellence,Drive for Results,ordinal_4,3.0
LTM1078,Inaaya  Kata,Senior Director - Sales,E2,Sales & Business Development,4.8,Operational Excellence,Process Optimization,ordinal_4,3.0
LTM1078,Inaaya  Kata,Senior Director - Sales,E2,Sales & Business Development,4.8,Operational Excellence,Quality Focus,ordinal_4,3.0
LTM1078,Inaaya  Kata,Senior Director - Sales,E2,Sales & Business Development,4.8,Decision Effectiveness,Analytical Thinking,ordinal_4,3.0
LTM1078,Inaaya  Kata,Senior Director - Sales,E2,Sales & Business Development,4.8,Decision Effectiveness,Sound Judgment,ordinal_4,3.0
LTM1078,Inaaya  Kata,Senior Director - Sales,E2,Sales & Business Development,4.8,Decision Effectiveness,Decisiveness Under Uncertainty,ordinal_4,3.0
LTM1078,Inaaya  Kata,Senior Director - Sales,E2,Sales & Business Development,4.8,People Leadership,Develops Talent,ordinal_4,3.0
LTM1078,Inaaya  Kata,Senior Director - Sales,E2,Sales & Business Development,4.8,People Leadership,Builds Effective Teams,ordinal_4,4.0
LTM1078,Inaaya  Kata,Senior Director - Sales,E2,Sales & Business Development,4.8,People Leadership,Coaching Others,ordinal_4,3.0
LTM1078,Inaaya  Kata,Senior Director - Sales,E2,Sales & Business Development,4.8,Leading Change,Change Sponsorship,ordinal_4,3.0
LTM1078,Inaaya  Kata,Senior Director - Sales,E2,Sales & Business Development,4.8,Leading Change,Adaptability,ordinal_4,3.0
LTM1078,Inaaya  Kata,Senior Director - Sales,E2,Sales & Business Development,4.8,Leading Change,Resilience,ordinal_4,3.0
LTM1078,Inaaya  Kata,Senior Director - Sales,E2,Sales & Business Development,4.8,Stakeholder Engagement,Builds Trust,ordinal_4,4.0
LTM1078,Inaaya  Kata,Senior Director - Sales,E2,Sales & Business Development,4.8,Stakeholder Engagement,Customer Focus,ordinal_4,4.0
LTM1078,Inaaya  Kata,Senior Director - Sales,E2,Sales & Business Development,4.8,Stakeholder Engagement,Influences Others,ordinal_4,4.0
LTM1078,Inaaya  Kata,Senior Director - Sales,E2,Sales & Business Development,4.8,Positivity,Optimism,scale_100,71.0
LTM1078,Inaaya  Kata,Senior Director - Sales,E2,Sales & Business Development,4.8,Positivity,Situational Self-Awareness,scale_100,61.0
LTM1078,Inaaya  Kata,Senior Director - Sales,E2,Sales & Business Development,4.8,Positivity,Composure,scale_100,68.0
LTM1078,Inaaya  Kata,Senior Director - Sales,E2,Sales & Business Development,4.8,Striving,Credibility,scale_100,62.0
LTM1078,Inaaya  Kata,Senior Director - Sales,E2,Sales & Business Development,4.8,Striving,Confidence,scale_100,48.0
LTM1078,Inaaya  Kata,Senior Director - Sales,E2,Sales & Business Development,4.8,Striving,Need for Achievement,scale_100,69.0
LTM1078,Inaaya  Kata,Senior Director - Sales,E2,Sales & Business Development,4.8,Striving,Persistence,scale_100,74.0
LTM1078,Inaaya  Kata,Senior Director - Sales,E2,Sales & Business Development,4.8,Agreeableness,Affiliation,scale_100,66.0
LTM1078,Inaaya  Kata,Senior Director - Sales,E2,Sales & Business Development,4.8,Agreeableness,Humility,scale_100,65.0
LTM1078,Inaaya  Kata,Senior Director - Sales,E2,Sales & Business Development,4.8,Agreeableness,Trust,scale_100,57.0
LTM1078,Inaaya  Kata,Senior Director - Sales,E2,Sales & Business Development,4.8,Agreeableness,Openness to Differences,scale_100,52.0
LTM1078,Inaaya  Kata,Senior Director - Sales,E2,Sales & Business Development,4.8,Agility,Focus,scale_100,66.0
LTM1078,Inaaya  Kata,Senior Director - Sales,E2,Sales & Business Development,4.8,Agility,Curiosity,scale_100,65.0
LTM1078,Inaaya  Kata,Senior Director - Sales,E2,Sales & Business Development,4.8,Agility,Adaptability,scale_100,55.0
LTM1078,Inaaya  Kata,Senior Director - Sales,E2,Sales & Business Development,4.8,Agility,Risk Taking,scale_100,72.0
LTM1078,Inaaya  Kata,Senior Director - Sales,E2,Sales & Business Development,4.8,Agility,Tolerance of Ambiguity,scale_100,52.0
LTM1078,Inaaya  Kata,Senior Director - Sales,E2,Sales & Business Development,4.8,Presence,Empathy,scale_100,61.0
LTM1078,Inaaya  Kata,Senior Director - Sales,E2,Sales & Business Development,4.8,Presence,Assertiveness,scale_100,83.0
LTM1078,Inaaya  Kata,Senior Director - Sales,E2,Sales & Business Development,4.8,Presence,Sociability,scale_100,75.0
LTM1078,Inaaya  Kata,Senior Director - Sales,E2,Sales & Business Development,4.8,Presence,Influence,scale_100,63.0
LTM1078,Inaaya  Kata,Senior Director - Sales,E2,Sales & Business Development,4.8,Learning Agility,Mental Agility,scale_10,7.2
LTM1078,Inaaya  Kata,Senior Director - Sales,E2,Sales & Business Development,4.8,Learning Agility,People Agility,scale_10,7.1
LTM1078,Inaaya  Kata,Senior Director - Sales,E2,Sales & Business Development,4.8,Learning Agility,Change Agility,scale_10,4.8
LTM1078,Inaaya  Kata,Senior Director - Sales,E2,Sales & Business Development,4.8,Learning Agility,Results Agility,scale_10,6.3
LTM1078,Inaaya  Kata,Senior Director - Sales,E2,Sales & Business Development,4.8,Learning Agility,Situational Self-Awareness,scale_10,7.0
LTM1078,Inaaya  Kata,Senior Director - Sales,E2,Sales & Business Development,4.8,Drivers,Balance,drivers_60,42.0
LTM1078,Inaaya  Kata,Senior Director - Sales,E2,Sales & Business Development,4.8,Drivers,Collaboration,drivers_60,46.0
LTM1078,Inaaya  Kata,Senior Director - Sales,E2,Sales & Business Development,4.8,Drivers,Power,drivers_60,52.0
LTM1078,Inaaya  Kata,Senior Director - Sales,E2,Sales & Business Development,4.8,Drivers,Challenge,drivers_60,42.0
LTM1078,Inaaya  Kata,Senior Director - Sales,E2,Sales & Business Development,4.8,Drivers,Structure,drivers_60,37.0
LTM1078,Inaaya  Kata,Senior Director - Sales,E2,Sales & Business Development,4.8,Drivers,Independence,drivers_60,46.0
LTM1078,Inaaya  Kata,Senior Director - Sales,E2,Sales & Business Development,4.8,Risk Factor,Avoidant,risk_10,2.1
LTM1078,Inaaya  Kata,Senior Director - Sales,E2,Sales & Business Development,4.8,Risk Factor,Closed,risk_10,2.2
LTM1078,Inaaya  Kata,Senior Director - Sales,E2,Sales & Business Development,4.8,Risk Factor,Defensive,risk_10,2.1
LTM1078,Inaaya  Kata,Senior Director - Sales,E2,Sales & Business Development,4.8,Risk Factor,Egotistic,risk_10,4.4
LTM1078,Inaaya  Kata,Senior Director - Sales,E2,Sales & Business Development,4.8,Risk Factor,Micro Managing,risk_10,1.0
LTM1078,Inaaya  Kata,Senior Director - Sales,E2,Sales & Business Development,4.8,Risk Factor,Opportunistic,risk_10,2.0
LTM1078,Inaaya  Kata,Senior Director - Sales,E2,Sales & Business Development,4.8,Risk Factor,Restrained,risk_10,2.4
LTM1078,Inaaya  Kata,Senior Director - Sales,E2,Sales & Business Development,4.8,Risk Factor,Social Pleaser,risk_10,1.7
LTM1078,Inaaya  Kata,Senior Director - Sales,E2,Sales & Business Development,4.8,Risk Factor,Solitary,risk_10,3.2
LTM1078,Inaaya  Kata,Senior Director - Sales,E2,Sales & Business Development,4.8,Risk Factor,Suspicious,risk_10,3.1
LTM1078,Inaaya  Kata,Senior Director - Sales,E2,Sales & Business Development,4.8,Risk Factor,Volatile,risk_10,2.3
LTM1094,Raunak Dasgupta,Vice President - Consulting,E1,Consulting,5.0,Strategic Thinking,Strategic Vision,ordinal_4,4.0
LTM1094,Raunak Dasgupta,Vice President - Consulting,E1,Consulting,5.0,Strategic Thinking,Business Acumen,ordinal_4,4.0
LTM1094,Raunak Dasgupta,Vice President - Consulting,E1,Consulting,5.0,Strategic Thinking,Market and External Awareness,ordinal_4,4.0
LTM1094,Raunak Dasgupta,Vice President - Consulting,E1,Consulting,5.0,Operational Excellence,Drive for Results,ordinal_4,3.0
LTM1094,Raunak Dasgupta,Vice President - Consulting,E1,Consulting,5.0,Operational Excellence,Process Optimization,ordinal_4,3.0
LTM1094,Raunak Dasgupta,Vice President - Consulting,E1,Consulting,5.0,Operational Excellence,Quality Focus,ordinal_4,4.0
LTM1094,Raunak Dasgupta,Vice President - Consulting,E1,Consulting,5.0,Decision Effectiveness,Analytical Thinking,ordinal_4,4.0
LTM1094,Raunak Dasgupta,Vice President - Consulting,E1,Consulting,5.0,Decision Effectiveness,Sound Judgment,ordinal_4,3.0
LTM1094,Raunak Dasgupta,Vice President - Consulting,E1,Consulting,5.0,Decision Effectiveness,Decisiveness Under Uncertainty,ordinal_4,3.0
LTM1094,Raunak Dasgupta,Vice President - Consulting,E1,Consulting,5.0,People Leadership,Develops Talent,ordinal_4,4.0
LTM1094,Raunak Dasgupta,Vice President - Consulting,E1,Consulting,5.0,People Leadership,Builds Effective Teams,ordinal_4,4.0
LTM1094,Raunak Dasgupta,Vice President - Consulting,E1,Consulting,5.0,People Leadership,Coaching Others,ordinal_4,4.0
LTM1094,Raunak Dasgupta,Vice President - Consulting,E1,Consulting,5.0,Leading Change,Change Sponsorship,ordinal_4,4.0
LTM1094,Raunak Dasgupta,Vice President - Consulting,E1,Consulting,5.0,Leading Change,Adaptability,ordinal_4,3.0
LTM1094,Raunak Dasgupta,Vice President - Consulting,E1,Consulting,5.0,Leading Change,Resilience,ordinal_4,4.0
LTM1094,Raunak Dasgupta,Vice President - Consulting,E1,Consulting,5.0,Stakeholder Engagement,Builds Trust,ordinal_4,4.0
LTM1094,Raunak Dasgupta,Vice President - Consulting,E1,Consulting,5.0,Stakeholder Engagement,Customer Focus,ordinal_4,4.0
LTM1094,Raunak Dasgupta,Vice President - Consulting,E1,Consulting,5.0,Stakeholder Engagement,Influences Others,ordinal_4,4.0
LTM1094,Raunak Dasgupta,Vice President - Consulting,E1,Consulting,5.0,Positivity,Optimism,scale_100,54.0
LTM1094,Raunak Dasgupta,Vice President - Consulting,E1,Consulting,5.0,Positivity,Situational Self-Awareness,scale_100,59.0
LTM1094,Raunak Dasgupta,Vice President - Consulting,E1,Consulting,5.0,Positivity,Composure,scale_100,66.0
LTM1094,Raunak Dasgupta,Vice President - Consulting,E1,Consulting,5.0,Striving,Credibility,scale_100,93.0
LTM1094,Raunak Dasgupta,Vice President - Consulting,E1,Consulting,5.0,Striving,Confidence,scale_100,67.0
LTM1094,Raunak Dasgupta,Vice President - Consulting,E1,Consulting,5.0,Striving,Need for Achievement,scale_100,80.0
LTM1094,Raunak Dasgupta,Vice President - Consulting,E1,Consulting,5.0,Striving,Persistence,scale_100,76.0
LTM1094,Raunak Dasgupta,Vice President - Consulting,E1,Consulting,5.0,Agreeableness,Affiliation,scale_100,68.0
LTM1094,Raunak Dasgupta,Vice President - Consulting,E1,Consulting,5.0,Agreeableness,Humility,scale_100,54.0
LTM1094,Raunak Dasgupta,Vice President - Consulting,E1,Consulting,5.0,Agreeableness,Trust,scale_100,75.0
LTM1094,Raunak Dasgupta,Vice President - Consulting,E1,Consulting,5.0,Agreeableness,Openness to Differences,scale_100,49.0
LTM1094,Raunak Dasgupta,Vice President - Consulting,E1,Consulting,5.0,Agility,Focus,scale_100,80.0
LTM1094,Raunak Dasgupta,Vice President - Consulting,E1,Consulting,5.0,Agility,Curiosity,scale_100,66.0
LTM1094,Raunak Dasgupta,Vice President - Consulting,E1,Consulting,5.0,Agility,Adaptability,scale_100,38.0
LTM1094,Raunak Dasgupta,Vice President - Consulting,E1,Consulting,5.0,Agility,Risk Taking,scale_100,61.0
LTM1094,Raunak Dasgupta,Vice President - Consulting,E1,Consulting,5.0,Agility,Tolerance of Ambiguity,scale_100,71.0
LTM1094,Raunak Dasgupta,Vice President - Consulting,E1,Consulting,5.0,Presence,Empathy,scale_100,62.0
LTM1094,Raunak Dasgupta,Vice President - Consulting,E1,Consulting,5.0,Presence,Assertiveness,scale_100,71.0
LTM1094,Raunak Dasgupta,Vice President - Consulting,E1,Consulting,5.0,Presence,Sociability,scale_100,56.0
LTM1094,Raunak Dasgupta,Vice President - Consulting,E1,Consulting,5.0,Presence,Influence,scale_100,51.0
LTM1094,Raunak Dasgupta,Vice President - Consulting,E1,Consulting,5.0,Learning Agility,Mental Agility,scale_10,7.4
LTM1094,Raunak Dasgupta,Vice President - Consulting,E1,Consulting,5.0,Learning Agility,People Agility,scale_10,7.5
LTM1094,Raunak Dasgupta,Vice President - Consulting,E1,Consulting,5.0,Learning Agility,Change Agility,scale_10,7.2
LTM1094,Raunak Dasgupta,Vice President - Consulting,E1,Consulting,5.0,Learning Agility,Results Agility,scale_10,8.5
LTM1094,Raunak Dasgupta,Vice President - Consulting,E1,Consulting,5.0,Learning Agility,Situational Self-Awareness,scale_10,6.8
LTM1094,Raunak Dasgupta,Vice President - Consulting,E1,Consulting,5.0,Drivers,Balance,drivers_60,45.0
LTM1094,Raunak Dasgupta,Vice President - Consulting,E1,Consulting,5.0,Drivers,Collaboration,drivers_60,43.0
LTM1094,Raunak Dasgupta,Vice President - Consulting,E1,Consulting,5.0,Drivers,Power,drivers_60,32.0
LTM1094,Raunak Dasgupta,Vice President - Consulting,E1,Consulting,5.0,Drivers,Challenge,drivers_60,33.0
LTM1094,Raunak Dasgupta,Vice President - Consulting,E1,Consulting,5.0,Drivers,Structure,drivers_60,43.0
LTM1094,Raunak Dasgupta,Vice President - Consulting,E1,Consulting,5.0,Drivers,Independence,drivers_60,57.0
LTM1094,Raunak Dasgupta,Vice President - Consulting,E1,Consulting,5.0,Risk Factor,Avoidant,risk_10,2.2
LTM1094,Raunak Dasgupta,Vice President - Consulting,E1,Consulting,5.0,Risk Factor,Closed,risk_10,1.0
LTM1094,Raunak Dasgupta,Vice President - Consulting,E1,Consulting,5.0,Risk Factor,Defensive,risk_10,1.0
LTM1094,Raunak Dasgupta,Vice President - Consulting,E1,Consulting,5.0,Risk Factor,Egotistic,risk_10,2.3
LTM1094,Raunak Dasgupta,Vice President - Consulting,E1,Consulting,5.0,Risk Factor,Micro Managing,risk_10,1.6
LTM1094,Raunak Dasgupta,Vice President - Consulting,E1,Consulting,5.0,Risk Factor,Opportunistic,risk_10,2.7
LTM1094,Raunak Dasgupta,Vice President - Consulting,E1,Consulting,5.0,Risk Factor,Restrained,risk_10,1.0
LTM1094,Raunak Dasgupta,Vice President - Consulting,E1,Consulting,5.0,Risk Factor,Social Pleaser,risk_10,2.0
LTM1094,Raunak Dasgupta,Vice President - Consulting,E1,Consulting,5.0,Risk Factor,Solitary,risk_10,2.4
LTM1094,Raunak Dasgupta,Vice President - Consulting,E1,Consulting,5.0,Risk Factor,Suspicious,risk_10,1.3
LTM1094,Raunak Dasgupta,Vice President - Consulting,E1,Consulting,5.0,Risk Factor,Volatile,risk_10,1.3
LTM1080,Armaan Rama,Chief Information Security Officer,E2,Information Security,4.9,Strategic Thinking,Strategic Vision,ordinal_4,3.0
LTM1080,Armaan Rama,Chief Information Security Officer,E2,Information Security,4.9,Strategic Thinking,Business Acumen,ordinal_4,4.0
LTM1080,Armaan Rama,Chief Information Security Officer,E2,Information Security,4.9,Strategic Thinking,Market and External Awareness,ordinal_4,3.0
LTM1080,Armaan Rama,Chief Information Security Officer,E2,Information Security,4.9,Operational Excellence,Drive for Results,ordinal_4,4.0
LTM1080,Armaan Rama,Chief Information Security Officer,E2,Information Security,4.9,Operational Excellence,Process Optimization,ordinal_4,4.0
LTM1080,Armaan Rama,Chief Information Security Officer,E2,Information Security,4.9,Operational Excellence,Quality Focus,ordinal_4,4.0
LTM1080,Armaan Rama,Chief Information Security Officer,E2,Information Security,4.9,Decision Effectiveness,Analytical Thinking,ordinal_4,4.0
LTM1080,Armaan Rama,Chief Information Security Officer,E2,Information Security,4.9,Decision Effectiveness,Sound Judgment,ordinal_4,3.0
LTM1080,Armaan Rama,Chief Information Security Officer,E2,Information Security,4.9,Decision Effectiveness,Decisiveness Under Uncertainty,ordinal_4,3.0
LTM1080,Armaan Rama,Chief Information Security Officer,E2,Information Security,4.9,People Leadership,Develops Talent,ordinal_4,3.0
LTM1080,Armaan Rama,Chief Information Security Officer,E2,Information Security,4.9,People Leadership,Builds Effective Teams,ordinal_4,3.0
LTM1080,Armaan Rama,Chief Information Security Officer,E2,Information Security,4.9,People Leadership,Coaching Others,ordinal_4,3.0
LTM1080,Armaan Rama,Chief Information Security Officer,E2,Information Security,4.9,Leading Change,Change Sponsorship,ordinal_4,3.0
LTM1080,Armaan Rama,Chief Information Security Officer,E2,Information Security,4.9,Leading Change,Adaptability,ordinal_4,3.0
LTM1080,Armaan Rama,Chief Information Security Officer,E2,Information Security,4.9,Leading Change,Resilience,ordinal_4,4.0
LTM1080,Armaan Rama,Chief Information Security Officer,E2,Information Security,4.9,Stakeholder Engagement,Builds Trust,ordinal_4,3.0
LTM1080,Armaan Rama,Chief Information Security Officer,E2,Information Security,4.9,Stakeholder Engagement,Customer Focus,ordinal_4,4.0
LTM1080,Armaan Rama,Chief Information Security Officer,E2,Information Security,4.9,Stakeholder Engagement,Influences Others,ordinal_4,3.0
LTM1080,Armaan Rama,Chief Information Security Officer,E2,Information Security,4.9,Positivity,Optimism,scale_100,69.0
LTM1080,Armaan Rama,Chief Information Security Officer,E2,Information Security,4.9,Positivity,Situational Self-Awareness,scale_100,49.0
LTM1080,Armaan Rama,Chief Information Security Officer,E2,Information Security,4.9,Positivity,Composure,scale_100,59.0
LTM1080,Armaan Rama,Chief Information Security Officer,E2,Information Security,4.9,Striving,Credibility,scale_100,57.0
LTM1080,Armaan Rama,Chief Information Security Officer,E2,Information Security,4.9,Striving,Confidence,scale_100,78.0
LTM1080,Armaan Rama,Chief Information Security Officer,E2,Information Security,4.9,Striving,Need for Achievement,scale_100,57.0
LTM1080,Armaan Rama,Chief Information Security Officer,E2,Information Security,4.9,Striving,Persistence,scale_100,71.0
LTM1080,Armaan Rama,Chief Information Security Officer,E2,Information Security,4.9,Agreeableness,Affiliation,scale_100,57.0
LTM1080,Armaan Rama,Chief Information Security Officer,E2,Information Security,4.9,Agreeableness,Humility,scale_100,59.0
LTM1080,Armaan Rama,Chief Information Security Officer,E2,Information Security,4.9,Agreeableness,Trust,scale_100,61.0
LTM1080,Armaan Rama,Chief Information Security Officer,E2,Information Security,4.9,Agreeableness,Openness to Differences,scale_100,76.0
LTM1080,Armaan Rama,Chief Information Security Officer,E2,Information Security,4.9,Agility,Focus,scale_100,50.0
LTM1080,Armaan Rama,Chief Information Security Officer,E2,Information Security,4.9,Agility,Curiosity,scale_100,56.0
LTM1080,Armaan Rama,Chief Information Security Officer,E2,Information Security,4.9,Agility,Adaptability,scale_100,50.0
LTM1080,Armaan Rama,Chief Information Security Officer,E2,Information Security,4.9,Agility,Risk Taking,scale_100,58.0
LTM1080,Armaan Rama,Chief Information Security Officer,E2,Information Security,4.9,Agility,Tolerance of Ambiguity,scale_100,61.0
LTM1080,Armaan Rama,Chief Information Security Officer,E2,Information Security,4.9,Presence,Empathy,scale_100,47.0
LTM1080,Armaan Rama,Chief Information Security Officer,E2,Information Security,4.9,Presence,Assertiveness,scale_100,56.0
LTM1080,Armaan Rama,Chief Information Security Officer,E2,Information Security,4.9,Presence,Sociability,scale_100,43.0
LTM1080,Armaan Rama,Chief Information Security Officer,E2,Information Security,4.9,Presence,Influence,scale_100,53.0
LTM1080,Armaan Rama,Chief Information Security Officer,E2,Information Security,4.9,Learning Agility,Mental Agility,scale_10,8.3
LTM1080,Armaan Rama,Chief Information Security Officer,E2,Information Security,4.9,Learning Agility,People Agility,scale_10,7.7
LTM1080,Armaan Rama,Chief Information Security Officer,E2,Information Security,4.9,Learning Agility,Change Agility,scale_10,7.5
LTM1080,Armaan Rama,Chief Information Security Officer,E2,Information Security,4.9,Learning Agility,Results Agility,scale_10,6.6
LTM1080,Armaan Rama,Chief Information Security Officer,E2,Information Security,4.9,Learning Agility,Situational Self-Awareness,scale_10,6.1
LTM1080,Armaan Rama,Chief Information Security Officer,E2,Information Security,4.9,Drivers,Balance,drivers_60,34.0
LTM1080,Armaan Rama,Chief Information Security Officer,E2,Information Security,4.9,Drivers,Collaboration,drivers_60,41.0
LTM1080,Armaan Rama,Chief Information Security Officer,E2,Information Security,4.9,Drivers,Power,drivers_60,48.0
LTM1080,Armaan Rama,Chief Information Security Officer,E2,Information Security,4.9,Drivers,Challenge,drivers_60,48.0
LTM1080,Armaan Rama,Chief Information Security Officer,E2,Information Security,4.9,Drivers,Structure,drivers_60,46.0
LTM1080,Armaan Rama,Chief Information Security Officer,E2,Information Security,4.9,Drivers,Independence,drivers_60,36.0
LTM1080,Armaan Rama,Chief Information Security Officer,E2,Information Security,4.9,Risk Factor,Avoidant,risk_10,2.0
LTM1080,Armaan Rama,Chief Information Security Officer,E2,Information Security,4.9,Risk Factor,Closed,risk_10,1.6
LTM1080,Armaan Rama,Chief Information Security Officer,E2,Information Security,4.9,Risk Factor,Defensive,risk_10,1.8
LTM1080,Armaan Rama,Chief Information Security Officer,E2,Information Security,4.9,Risk Factor,Egotistic,risk_10,3.8
LTM1080,Armaan Rama,Chief Information Security Officer,E2,Information Security,4.9,Risk Factor,Micro Managing,risk_10,1.0
LTM1080,Armaan Rama,Chief Information Security Officer,E2,Information Security,4.9,Risk Factor,Opportunistic,risk_10,1.7
LTM1080,Armaan Rama,Chief Information Security Officer,E2,Information Security,4.9,Risk Factor,Restrained,risk_10,3.0
LTM1080,Armaan Rama,Chief Information Security Officer,E2,Information Security,4.9,Risk Factor,Social Pleaser,risk_10,1.0
LTM1080,Armaan Rama,Chief Information Security Officer,E2,Information Security,4.9,Risk Factor,Solitary,risk_10,1.4
LTM1080,Armaan Rama,Chief Information Security Officer,E2,Information Security,4.9,Risk Factor,Suspicious,risk_10,1.5
LTM1080,Armaan Rama,Chief Information Security Officer,E2,Information Security,4.9,Risk Factor,Volatile,risk_10,1.7
LTM1081,Zara Gill,Vice President - Operations,E1,Operations,4.8,Strategic Thinking,Strategic Vision,ordinal_4,2.0
LTM1081,Zara Gill,Vice President - Operations,E1,Operations,4.8,Strategic Thinking,Business Acumen,ordinal_4,3.0
LTM1081,Zara Gill,Vice President - Operations,E1,Operations,4.8,Strategic Thinking,Market and External Awareness,ordinal_4,3.0
LTM1081,Zara Gill,Vice President - Operations,E1,Operations,4.8,Operational Excellence,Drive for Results,ordinal_4,4.0
LTM1081,Zara Gill,Vice President - Operations,E1,Operations,4.8,Operational Excellence,Process Optimization,ordinal_4,3.0
LTM1081,Zara Gill,Vice President - Operations,E1,Operations,4.8,Operational Excellence,Quality Focus,ordinal_4,4.0
LTM1081,Zara Gill,Vice President - Operations,E1,Operations,4.8,Decision Effectiveness,Analytical Thinking,ordinal_4,3.0
LTM1081,Zara Gill,Vice President - Operations,E1,Operations,4.8,Decision Effectiveness,Sound Judgment,ordinal_4,3.0
LTM1081,Zara Gill,Vice President - Operations,E1,Operations,4.8,Decision Effectiveness,Decisiveness Under Uncertainty,ordinal_4,4.0
LTM1081,Zara Gill,Vice President - Operations,E1,Operations,4.8,People Leadership,Develops Talent,ordinal_4,3.0
LTM1081,Zara Gill,Vice President - Operations,E1,Operations,4.8,People Leadership,Builds Effective Teams,ordinal_4,3.0
LTM1081,Zara Gill,Vice President - Operations,E1,Operations,4.8,People Leadership,Coaching Others,ordinal_4,3.0
LTM1081,Zara Gill,Vice President - Operations,E1,Operations,4.8,Leading Change,Change Sponsorship,ordinal_4,3.0
LTM1081,Zara Gill,Vice President - Operations,E1,Operations,4.8,Leading Change,Adaptability,ordinal_4,3.0
LTM1081,Zara Gill,Vice President - Operations,E1,Operations,4.8,Leading Change,Resilience,ordinal_4,3.0
LTM1081,Zara Gill,Vice President - Operations,E1,Operations,4.8,Stakeholder Engagement,Builds Trust,ordinal_4,3.0
LTM1081,Zara Gill,Vice President - Operations,E1,Operations,4.8,Stakeholder Engagement,Customer Focus,ordinal_4,3.0
LTM1081,Zara Gill,Vice President - Operations,E1,Operations,4.8,Stakeholder Engagement,Influences Others,ordinal_4,3.0
LTM1081,Zara Gill,Vice President - Operations,E1,Operations,4.8,Positivity,Optimism,scale_100,64.0
LTM1081,Zara Gill,Vice President - Operations,E1,Operations,4.8,Positivity,Situational Self-Awareness,scale_100,48.0
LTM1081,Zara Gill,Vice President - Operations,E1,Operations,4.8,Positivity,Composure,scale_100,53.0
LTM1081,Zara Gill,Vice President - Operations,E1,Operations,4.8,Striving,Credibility,scale_100,62.0
LTM1081,Zara Gill,Vice President - Operations,E1,Operations,4.8,Striving,Confidence,scale_100,53.0
LTM1081,Zara Gill,Vice President - Operations,E1,Operations,4.8,Striving,Need for Achievement,scale_100,56.0
LTM1081,Zara Gill,Vice President - Operations,E1,Operations,4.8,Striving,Persistence,scale_100,63.0
LTM1081,Zara Gill,Vice President - Operations,E1,Operations,4.8,Agreeableness,Affiliation,scale_100,55.0
LTM1081,Zara Gill,Vice President - Operations,E1,Operations,4.8,Agreeableness,Humility,scale_100,61.0
LTM1081,Zara Gill,Vice President - Operations,E1,Operations,4.8,Agreeableness,Trust,scale_100,75.0
LTM1081,Zara Gill,Vice President - Operations,E1,Operations,4.8,Agreeableness,Openness to Differences,scale_100,57.0
LTM1081,Zara Gill,Vice President - Operations,E1,Operations,4.8,Agility,Focus,scale_100,71.0
LTM1081,Zara Gill,Vice President - Operations,E1,Operations,4.8,Agility,Curiosity,scale_100,64.0
LTM1081,Zara Gill,Vice President - Operations,E1,Operations,4.8,Agility,Adaptability,scale_100,44.0
LTM1081,Zara Gill,Vice President - Operations,E1,Operations,4.8,Agility,Risk Taking,scale_100,48.0
LTM1081,Zara Gill,Vice President - Operations,E1,Operations,4.8,Agility,Tolerance of Ambiguity,scale_100,50.0
LTM1081,Zara Gill,Vice President - Operations,E1,Operations,4.8,Presence,Empathy,scale_100,50.0
LTM1081,Zara Gill,Vice President - Operations,E1,Operations,4.8,Presence,Assertiveness,scale_100,58.0
LTM1081,Zara Gill,Vice President - Operations,E1,Operations,4.8,Presence,Sociability,scale_100,65.0
LTM1081,Zara Gill,Vice President - Operations,E1,Operations,4.8,Presence,Influence,scale_100,71.0
LTM1081,Zara Gill,Vice President - Operations,E1,Operations,4.8,Learning Agility,Mental Agility,scale_10,7.0
LTM1081,Zara Gill,Vice President - Operations,E1,Operations,4.8,Learning Agility,People Agility,scale_10,6.4
LTM1081,Zara Gill,Vice President - Operations,E1,Operations,4.8,Learning Agility,Change Agility,scale_10,5.1
LTM1081,Zara Gill,Vice President - Operations,E1,Operations,4.8,Learning Agility,Results Agility,scale_10,6.8
LTM1081,Zara Gill,Vice President - Operations,E1,Operations,4.8,Learning Agility,Situational Self-Awareness,scale_10,6.8
LTM1081,Zara Gill,Vice President - Operations,E1,Operations,4.8,Drivers,Balance,drivers_60,44.0
LTM1081,Zara Gill,Vice President - Operations,E1,Operations,4.8,Drivers,Collaboration,drivers_60,57.0
LTM1081,Zara Gill,Vice President - Operations,E1,Operations,4.8,Drivers,Power,drivers_60,51.0
LTM1081,Zara Gill,Vice President - Operations,E1,Operations,4.8,Drivers,Challenge,drivers_60,48.0
LTM1081,Zara Gill,Vice President - Operations,E1,Operations,4.8,Drivers,Structure,drivers_60,36.0
LTM1081,Zara Gill,Vice President - Operations,E1,Operations,4.8,Drivers,Independence,drivers_60,39.0
LTM1081,Zara Gill,Vice President - Operations,E1,Operations,4.8,Risk Factor,Avoidant,risk_10,2.5
LTM1081,Zara Gill,Vice President - Operations,E1,Operations,4.8,Risk Factor,Closed,risk_10,1.8
LTM1081,Zara Gill,Vice President - Operations,E1,Operations,4.8,Risk Factor,Defensive,risk_10,3.0
LTM1081,Zara Gill,Vice President - Operations,E1,Operations,4.8,Risk Factor,Egotistic,risk_10,2.9
LTM1081,Zara Gill,Vice President - Operations,E1,Operations,4.8,Risk Factor,Micro Managing,risk_10,1.6
LTM1081,Zara Gill,Vice President - Operations,E1,Operations,4.8,Risk Factor,Opportunistic,risk_10,3.6
LTM1081,Zara Gill,Vice President - Operations,E1,Operations,4.8,Risk Factor,Restrained,risk_10,2.6
LTM1081,Zara Gill,Vice President - Operations,E1,Operations,4.8,Risk Factor,Social Pleaser,risk_10,1.0
LTM1081,Zara Gill,Vice President - Operations,E1,Operations,4.8,Risk Factor,Solitary,risk_10,2.5
LTM1081,Zara Gill,Vice President - Operations,E1,Operations,4.8,Risk Factor,Suspicious,risk_10,2.8
LTM1081,Zara Gill,Vice President - Operations,E1,Operations,4.8,Risk Factor,Volatile,risk_10,3.4
LTM1050,Seher Kota,Vice President - Consulting,E1,Consulting,4.6,Strategic Thinking,Strategic Vision,ordinal_4,3.0
LTM1050,Seher Kota,Vice President - Consulting,E1,Consulting,4.6,Strategic Thinking,Business Acumen,ordinal_4,3.0
LTM1050,Seher Kota,Vice President - Consulting,E1,Consulting,4.6,Strategic Thinking,Market and External Awareness,ordinal_4,3.0
LTM1050,Seher Kota,Vice President - Consulting,E1,Consulting,4.6,Operational Excellence,Drive for Results,ordinal_4,2.0
LTM1050,Seher Kota,Vice President - Consulting,E1,Consulting,4.6,Operational Excellence,Process Optimization,ordinal_4,2.0
LTM1050,Seher Kota,Vice President - Consulting,E1,Consulting,4.6,Operational Excellence,Quality Focus,ordinal_4,3.0
LTM1050,Seher Kota,Vice President - Consulting,E1,Consulting,4.6,Decision Effectiveness,Analytical Thinking,ordinal_4,3.0
LTM1050,Seher Kota,Vice President - Consulting,E1,Consulting,4.6,Decision Effectiveness,Sound Judgment,ordinal_4,3.0
LTM1050,Seher Kota,Vice President - Consulting,E1,Consulting,4.6,Decision Effectiveness,Decisiveness Under Uncertainty,ordinal_4,3.0
LTM1050,Seher Kota,Vice President - Consulting,E1,Consulting,4.6,People Leadership,Develops Talent,ordinal_4,3.0
LTM1050,Seher Kota,Vice President - Consulting,E1,Consulting,4.6,People Leadership,Builds Effective Teams,ordinal_4,3.0
LTM1050,Seher Kota,Vice President - Consulting,E1,Consulting,4.6,People Leadership,Coaching Others,ordinal_4,3.0
LTM1050,Seher Kota,Vice President - Consulting,E1,Consulting,4.6,Leading Change,Change Sponsorship,ordinal_4,3.0
LTM1050,Seher Kota,Vice President - Consulting,E1,Consulting,4.6,Leading Change,Adaptability,ordinal_4,3.0
LTM1050,Seher Kota,Vice President - Consulting,E1,Consulting,4.6,Leading Change,Resilience,ordinal_4,2.0
LTM1050,Seher Kota,Vice President - Consulting,E1,Consulting,4.6,Stakeholder Engagement,Builds Trust,ordinal_4,3.0
LTM1050,Seher Kota,Vice President - Consulting,E1,Consulting,4.6,Stakeholder Engagement,Customer Focus,ordinal_4,3.0
LTM1050,Seher Kota,Vice President - Consulting,E1,Consulting,4.6,Stakeholder Engagement,Influences Others,ordinal_4,3.0
LTM1050,Seher Kota,Vice President - Consulting,E1,Consulting,4.6,Positivity,Optimism,scale_100,60.0
LTM1050,Seher Kota,Vice President - Consulting,E1,Consulting,4.6,Positivity,Situational Self-Awareness,scale_100,44.0
LTM1050,Seher Kota,Vice President - Consulting,E1,Consulting,4.6,Positivity,Composure,scale_100,57.0
LTM1050,Seher Kota,Vice President - Consulting,E1,Consulting,4.6,Striving,Credibility,scale_100,48.0
LTM1050,Seher Kota,Vice President - Consulting,E1,Consulting,4.6,Striving,Confidence,scale_100,51.0
LTM1050,Seher Kota,Vice President - Consulting,E1,Consulting,4.6,Striving,Need for Achievement,scale_100,46.0
LTM1050,Seher Kota,Vice President - Consulting,E1,Consulting,4.6,Striving,Persistence,scale_100,52.0
LTM1050,Seher Kota,Vice President - Consulting,E1,Consulting,4.6,Agreeableness,Affiliation,scale_100,72.0
LTM1050,Seher Kota,Vice President - Consulting,E1,Consulting,4.6,Agreeableness,Humility,scale_100,67.0
LTM1050,Seher Kota,Vice President - Consulting,E1,Consulting,4.6,Agreeableness,Trust,scale_100,57.0
LTM1050,Seher Kota,Vice President - Consulting,E1,Consulting,4.6,Agreeableness,Openness to Differences,scale_100,53.0
LTM1050,Seher Kota,Vice President - Consulting,E1,Consulting,4.6,Agility,Focus,scale_100,62.0
LTM1050,Seher Kota,Vice President - Consulting,E1,Consulting,4.6,Agility,Curiosity,scale_100,65.0
LTM1050,Seher Kota,Vice President - Consulting,E1,Consulting,4.6,Agility,Adaptability,scale_100,45.0
LTM1050,Seher Kota,Vice President - Consulting,E1,Consulting,4.6,Agility,Risk Taking,scale_100,53.0
LTM1050,Seher Kota,Vice President - Consulting,E1,Consulting,4.6,Agility,Tolerance of Ambiguity,scale_100,35.0
LTM1050,Seher Kota,Vice President - Consulting,E1,Consulting,4.6,Presence,Empathy,scale_100,65.0
LTM1050,Seher Kota,Vice President - Consulting,E1,Consulting,4.6,Presence,Assertiveness,scale_100,74.0
LTM1050,Seher Kota,Vice President - Consulting,E1,Consulting,4.6,Presence,Sociability,scale_100,54.0
LTM1050,Seher Kota,Vice President - Consulting,E1,Consulting,4.6,Presence,Influence,scale_100,32.0
LTM1050,Seher Kota,Vice President - Consulting,E1,Consulting,4.6,Learning Agility,Mental Agility,scale_10,6.5
LTM1050,Seher Kota,Vice President - Consulting,E1,Consulting,4.6,Learning Agility,People Agility,scale_10,5.3
LTM1050,Seher Kota,Vice President - Consulting,E1,Consulting,4.6,Learning Agility,Change Agility,scale_10,5.5
LTM1050,Seher Kota,Vice President - Consulting,E1,Consulting,4.6,Learning Agility,Results Agility,scale_10,6.5
LTM1050,Seher Kota,Vice President - Consulting,E1,Consulting,4.6,Learning Agility,Situational Self-Awareness,scale_10,6.2
LTM1050,Seher Kota,Vice President - Consulting,E1,Consulting,4.6,Drivers,Balance,drivers_60,29.0
LTM1050,Seher Kota,Vice President - Consulting,E1,Consulting,4.6,Drivers,Collaboration,drivers_60,28.0
LTM1050,Seher Kota,Vice President - Consulting,E1,Consulting,4.6,Drivers,Power,drivers_60,34.0
LTM1050,Seher Kota,Vice President - Consulting,E1,Consulting,4.6,Drivers,Challenge,drivers_60,30.0
LTM1050,Seher Kota,Vice President - Consulting,E1,Consulting,4.6,Drivers,Structure,drivers_60,25.0
LTM1050,Seher Kota,Vice President - Consulting,E1,Consulting,4.6,Drivers,Independence,drivers_60,30.0
LTM1050,Seher Kota,Vice President - Consulting,E1,Consulting,4.6,Risk Factor,Avoidant,risk_10,3.7
LTM1050,Seher Kota,Vice President - Consulting,E1,Consulting,4.6,Risk Factor,Closed,risk_10,3.3
LTM1050,Seher Kota,Vice President - Consulting,E1,Consulting,4.6,Risk Factor,Defensive,risk_10,2.1
LTM1050,Seher Kota,Vice President - Consulting,E1,Consulting,4.6,Risk Factor,Egotistic,risk_10,4.3
LTM1050,Seher Kota,Vice President - Consulting,E1,Consulting,4.6,Risk Factor,Micro Managing,risk_10,1.0
LTM1050,Seher Kota,Vice President - Consulting,E1,Consulting,4.6,Risk Factor,Opportunistic,risk_10,3.0
LTM1050,Seher Kota,Vice President - Consulting,E1,Consulting,4.6,Risk Factor,Restrained,risk_10,2.9
LTM1050,Seher Kota,Vice President - Consulting,E1,Consulting,4.6,Risk Factor,Social Pleaser,risk_10,3.6
LTM1050,Seher Kota,Vice President - Consulting,E1,Consulting,4.6,Risk Factor,Solitary,risk_10,3.9
LTM1050,Seher Kota,Vice President - Consulting,E1,Consulting,4.6,Risk Factor,Suspicious,risk_10,4.4
LTM1050,Seher Kota,Vice President - Consulting,E1,Consulting,4.6,Risk Factor,Volatile,risk_10,2.8
LTM1070,Taimur Sundaram,Vice President - Customer Success,E1,General Management,4.8,Strategic Thinking,Strategic Vision,ordinal_4,4.0
LTM1070,Taimur Sundaram,Vice President - Customer Success,E1,General Management,4.8,Strategic Thinking,Business Acumen,ordinal_4,4.0
LTM1070,Taimur Sundaram,Vice President - Customer Success,E1,General Management,4.8,Strategic Thinking,Market and External Awareness,ordinal_4,3.0
LTM1070,Taimur Sundaram,Vice President - Customer Success,E1,General Management,4.8,Operational Excellence,Drive for Results,ordinal_4,4.0
LTM1070,Taimur Sundaram,Vice President - Customer Success,E1,General Management,4.8,Operational Excellence,Process Optimization,ordinal_4,3.0
LTM1070,Taimur Sundaram,Vice President - Customer Success,E1,General Management,4.8,Operational Excellence,Quality Focus,ordinal_4,3.0
LTM1070,Taimur Sundaram,Vice President - Customer Success,E1,General Management,4.8,Decision Effectiveness,Analytical Thinking,ordinal_4,3.0
LTM1070,Taimur Sundaram,Vice President - Customer Success,E1,General Management,4.8,Decision Effectiveness,Sound Judgment,ordinal_4,3.0
LTM1070,Taimur Sundaram,Vice President - Customer Success,E1,General Management,4.8,Decision Effectiveness,Decisiveness Under Uncertainty,ordinal_4,3.0
LTM1070,Taimur Sundaram,Vice President - Customer Success,E1,General Management,4.8,People Leadership,Develops Talent,ordinal_4,4.0
LTM1070,Taimur Sundaram,Vice President - Customer Success,E1,General Management,4.8,People Leadership,Builds Effective Teams,ordinal_4,3.0
LTM1070,Taimur Sundaram,Vice President - Customer Success,E1,General Management,4.8,People Leadership,Coaching Others,ordinal_4,4.0
LTM1070,Taimur Sundaram,Vice President - Customer Success,E1,General Management,4.8,Leading Change,Change Sponsorship,ordinal_4,3.0
LTM1070,Taimur Sundaram,Vice President - Customer Success,E1,General Management,4.8,Leading Change,Adaptability,ordinal_4,3.0
LTM1070,Taimur Sundaram,Vice President - Customer Success,E1,General Management,4.8,Leading Change,Resilience,ordinal_4,4.0
LTM1070,Taimur Sundaram,Vice President - Customer Success,E1,General Management,4.8,Stakeholder Engagement,Builds Trust,ordinal_4,3.0
LTM1070,Taimur Sundaram,Vice President - Customer Success,E1,General Management,4.8,Stakeholder Engagement,Customer Focus,ordinal_4,3.0
LTM1070,Taimur Sundaram,Vice President - Customer Success,E1,General Management,4.8,Stakeholder Engagement,Influences Others,ordinal_4,3.0
LTM1070,Taimur Sundaram,Vice President - Customer Success,E1,General Management,4.8,Positivity,Optimism,scale_100,59.0
LTM1070,Taimur Sundaram,Vice President - Customer Success,E1,General Management,4.8,Positivity,Situational Self-Awareness,scale_100,50.0
LTM1070,Taimur Sundaram,Vice President - Customer Success,E1,General Management,4.8,Positivity,Composure,scale_100,56.0
LTM1070,Taimur Sundaram,Vice President - Customer Success,E1,General Management,4.8,Striving,Credibility,scale_100,56.0
LTM1070,Taimur Sundaram,Vice President - Customer Success,E1,General Management,4.8,Striving,Confidence,scale_100,52.0
LTM1070,Taimur Sundaram,Vice President - Customer Success,E1,General Management,4.8,Striving,Need for Achievement,scale_100,63.0
LTM1070,Taimur Sundaram,Vice President - Customer Success,E1,General Management,4.8,Striving,Persistence,scale_100,61.0
LTM1070,Taimur Sundaram,Vice President - Customer Success,E1,General Management,4.8,Agreeableness,Affiliation,scale_100,43.0
LTM1070,Taimur Sundaram,Vice President - Customer Success,E1,General Management,4.8,Agreeableness,Humility,scale_100,42.0
LTM1070,Taimur Sundaram,Vice President - Customer Success,E1,General Management,4.8,Agreeableness,Trust,scale_100,63.0
LTM1070,Taimur Sundaram,Vice President - Customer Success,E1,General Management,4.8,Agreeableness,Openness to Differences,scale_100,51.0
LTM1070,Taimur Sundaram,Vice President - Customer Success,E1,General Management,4.8,Agility,Focus,scale_100,62.0
LTM1070,Taimur Sundaram,Vice President - Customer Success,E1,General Management,4.8,Agility,Curiosity,scale_100,67.0
LTM1070,Taimur Sundaram,Vice President - Customer Success,E1,General Management,4.8,Agility,Adaptability,scale_100,46.0
LTM1070,Taimur Sundaram,Vice President - Customer Success,E1,General Management,4.8,Agility,Risk Taking,scale_100,45.0
LTM1070,Taimur Sundaram,Vice President - Customer Success,E1,General Management,4.8,Agility,Tolerance of Ambiguity,scale_100,76.0
LTM1070,Taimur Sundaram,Vice President - Customer Success,E1,General Management,4.8,Presence,Empathy,scale_100,62.0
LTM1070,Taimur Sundaram,Vice President - Customer Success,E1,General Management,4.8,Presence,Assertiveness,scale_100,55.0
LTM1070,Taimur Sundaram,Vice President - Customer Success,E1,General Management,4.8,Presence,Sociability,scale_100,49.0
LTM1070,Taimur Sundaram,Vice President - Customer Success,E1,General Management,4.8,Presence,Influence,scale_100,54.0
LTM1070,Taimur Sundaram,Vice President - Customer Success,E1,General Management,4.8,Learning Agility,Mental Agility,scale_10,5.8
LTM1070,Taimur Sundaram,Vice President - Customer Success,E1,General Management,4.8,Learning Agility,People Agility,scale_10,7.5
LTM1070,Taimur Sundaram,Vice President - Customer Success,E1,General Management,4.8,Learning Agility,Change Agility,scale_10,6.1
LTM1070,Taimur Sundaram,Vice President - Customer Success,E1,General Management,4.8,Learning Agility,Results Agility,scale_10,7.6
LTM1070,Taimur Sundaram,Vice President - Customer Success,E1,General Management,4.8,Learning Agility,Situational Self-Awareness,scale_10,6.4
LTM1070,Taimur Sundaram,Vice President - Customer Success,E1,General Management,4.8,Drivers,Balance,drivers_60,30.0
LTM1070,Taimur Sundaram,Vice President - Customer Success,E1,General Management,4.8,Drivers,Collaboration,drivers_60,35.0
LTM1070,Taimur Sundaram,Vice President - Customer Success,E1,General Management,4.8,Drivers,Power,drivers_60,19.0
LTM1070,Taimur Sundaram,Vice President - Customer Success,E1,General Management,4.8,Drivers,Challenge,drivers_60,37.0
LTM1070,Taimur Sundaram,Vice President - Customer Success,E1,General Management,4.8,Drivers,Structure,drivers_60,36.0
LTM1070,Taimur Sundaram,Vice President - Customer Success,E1,General Management,4.8,Drivers,Independence,drivers_60,43.0
LTM1070,Taimur Sundaram,Vice President - Customer Success,E1,General Management,4.8,Risk Factor,Avoidant,risk_10,1.0
LTM1070,Taimur Sundaram,Vice President - Customer Success,E1,General Management,4.8,Risk Factor,Closed,risk_10,3.6
LTM1070,Taimur Sundaram,Vice President - Customer Success,E1,General Management,4.8,Risk Factor,Defensive,risk_10,3.3
LTM1070,Taimur Sundaram,Vice President - Customer Success,E1,General Management,4.8,Risk Factor,Egotistic,risk_10,3.7
LTM1070,Taimur Sundaram,Vice President - Customer Success,E1,General Management,4.8,Risk Factor,Micro Managing,risk_10,2.5
LTM1070,Taimur Sundaram,Vice President - Customer Success,E1,General Management,4.8,Risk Factor,Opportunistic,risk_10,3.5
LTM1070,Taimur Sundaram,Vice President - Customer Success,E1,General Management,4.8,Risk Factor,Restrained,risk_10,1.2
LTM1070,Taimur Sundaram,Vice President - Customer Success,E1,General Management,4.8,Risk Factor,Social Pleaser,risk_10,3.2
LTM1070,Taimur Sundaram,Vice President - Customer Success,E1,General Management,4.8,Risk Factor,Solitary,risk_10,1.8
LTM1070,Taimur Sundaram,Vice President - Customer Success,E1,General Management,4.8,Risk Factor,Suspicious,risk_10,1.1
LTM1070,Taimur Sundaram,Vice President - Customer Success,E1,General Management,4.8,Risk Factor,Volatile,risk_10,1.5
LTM1084,Bhamini Bakshi,Director - Digital Transformation,E2,Technology & Engineering,4.8,Strategic Thinking,Strategic Vision,ordinal_4,3.0
LTM1084,Bhamini Bakshi,Director - Digital Transformation,E2,Technology & Engineering,4.8,Strategic Thinking,Business Acumen,ordinal_4,3.0
LTM1084,Bhamini Bakshi,Director - Digital Transformation,E2,Technology & Engineering,4.8,Strategic Thinking,Market and External Awareness,ordinal_4,3.0
LTM1084,Bhamini Bakshi,Director - Digital Transformation,E2,Technology & Engineering,4.8,Operational Excellence,Drive for Results,ordinal_4,3.0
LTM1084,Bhamini Bakshi,Director - Digital Transformation,E2,Technology & Engineering,4.8,Operational Excellence,Process Optimization,ordinal_4,3.0
LTM1084,Bhamini Bakshi,Director - Digital Transformation,E2,Technology & Engineering,4.8,Operational Excellence,Quality Focus,ordinal_4,4.0
LTM1084,Bhamini Bakshi,Director - Digital Transformation,E2,Technology & Engineering,4.8,Decision Effectiveness,Analytical Thinking,ordinal_4,3.0
LTM1084,Bhamini Bakshi,Director - Digital Transformation,E2,Technology & Engineering,4.8,Decision Effectiveness,Sound Judgment,ordinal_4,3.0
LTM1084,Bhamini Bakshi,Director - Digital Transformation,E2,Technology & Engineering,4.8,Decision Effectiveness,Decisiveness Under Uncertainty,ordinal_4,3.0
LTM1084,Bhamini Bakshi,Director - Digital Transformation,E2,Technology & Engineering,4.8,People Leadership,Develops Talent,ordinal_4,4.0
LTM1084,Bhamini Bakshi,Director - Digital Transformation,E2,Technology & Engineering,4.8,People Leadership,Builds Effective Teams,ordinal_4,3.0
LTM1084,Bhamini Bakshi,Director - Digital Transformation,E2,Technology & Engineering,4.8,People Leadership,Coaching Others,ordinal_4,3.0
LTM1084,Bhamini Bakshi,Director - Digital Transformation,E2,Technology & Engineering,4.8,Leading Change,Change Sponsorship,ordinal_4,4.0
LTM1084,Bhamini Bakshi,Director - Digital Transformation,E2,Technology & Engineering,4.8,Leading Change,Adaptability,ordinal_4,3.0
LTM1084,Bhamini Bakshi,Director - Digital Transformation,E2,Technology & Engineering,4.8,Leading Change,Resilience,ordinal_4,3.0
LTM1084,Bhamini Bakshi,Director - Digital Transformation,E2,Technology & Engineering,4.8,Stakeholder Engagement,Builds Trust,ordinal_4,3.0
LTM1084,Bhamini Bakshi,Director - Digital Transformation,E2,Technology & Engineering,4.8,Stakeholder Engagement,Customer Focus,ordinal_4,3.0
LTM1084,Bhamini Bakshi,Director - Digital Transformation,E2,Technology & Engineering,4.8,Stakeholder Engagement,Influences Others,ordinal_4,3.0
LTM1084,Bhamini Bakshi,Director - Digital Transformation,E2,Technology & Engineering,4.8,Positivity,Optimism,scale_100,61.0
LTM1084,Bhamini Bakshi,Director - Digital Transformation,E2,Technology & Engineering,4.8,Positivity,Situational Self-Awareness,scale_100,61.0
LTM1084,Bhamini Bakshi,Director - Digital Transformation,E2,Technology & Engineering,4.8,Positivity,Composure,scale_100,50.0
LTM1084,Bhamini Bakshi,Director - Digital Transformation,E2,Technology & Engineering,4.8,Striving,Credibility,scale_100,69.0
LTM1084,Bhamini Bakshi,Director - Digital Transformation,E2,Technology & Engineering,4.8,Striving,Confidence,scale_100,51.0
LTM1084,Bhamini Bakshi,Director - Digital Transformation,E2,Technology & Engineering,4.8,Striving,Need for Achievement,scale_100,58.0
LTM1084,Bhamini Bakshi,Director - Digital Transformation,E2,Technology & Engineering,4.8,Striving,Persistence,scale_100,58.0
LTM1084,Bhamini Bakshi,Director - Digital Transformation,E2,Technology & Engineering,4.8,Agreeableness,Affiliation,scale_100,64.0
LTM1084,Bhamini Bakshi,Director - Digital Transformation,E2,Technology & Engineering,4.8,Agreeableness,Humility,scale_100,39.0
LTM1084,Bhamini Bakshi,Director - Digital Transformation,E2,Technology & Engineering,4.8,Agreeableness,Trust,scale_100,69.0
LTM1084,Bhamini Bakshi,Director - Digital Transformation,E2,Technology & Engineering,4.8,Agreeableness,Openness to Differences,scale_100,54.0
LTM1084,Bhamini Bakshi,Director - Digital Transformation,E2,Technology & Engineering,4.8,Agility,Focus,scale_100,79.0
LTM1084,Bhamini Bakshi,Director - Digital Transformation,E2,Technology & Engineering,4.8,Agility,Curiosity,scale_100,62.0
LTM1084,Bhamini Bakshi,Director - Digital Transformation,E2,Technology & Engineering,4.8,Agility,Adaptability,scale_100,66.0
LTM1084,Bhamini Bakshi,Director - Digital Transformation,E2,Technology & Engineering,4.8,Agility,Risk Taking,scale_100,86.0
LTM1084,Bhamini Bakshi,Director - Digital Transformation,E2,Technology & Engineering,4.8,Agility,Tolerance of Ambiguity,scale_100,64.0
LTM1084,Bhamini Bakshi,Director - Digital Transformation,E2,Technology & Engineering,4.8,Presence,Empathy,scale_100,73.0
LTM1084,Bhamini Bakshi,Director - Digital Transformation,E2,Technology & Engineering,4.8,Presence,Assertiveness,scale_100,61.0
LTM1084,Bhamini Bakshi,Director - Digital Transformation,E2,Technology & Engineering,4.8,Presence,Sociability,scale_100,65.0
LTM1084,Bhamini Bakshi,Director - Digital Transformation,E2,Technology & Engineering,4.8,Presence,Influence,scale_100,61.0
LTM1084,Bhamini Bakshi,Director - Digital Transformation,E2,Technology & Engineering,4.8,Learning Agility,Mental Agility,scale_10,8.3
LTM1084,Bhamini Bakshi,Director - Digital Transformation,E2,Technology & Engineering,4.8,Learning Agility,People Agility,scale_10,7.1
LTM1084,Bhamini Bakshi,Director - Digital Transformation,E2,Technology & Engineering,4.8,Learning Agility,Change Agility,scale_10,6.8
LTM1084,Bhamini Bakshi,Director - Digital Transformation,E2,Technology & Engineering,4.8,Learning Agility,Results Agility,scale_10,7.1
LTM1084,Bhamini Bakshi,Director - Digital Transformation,E2,Technology & Engineering,4.8,Learning Agility,Situational Self-Awareness,scale_10,7.7
LTM1084,Bhamini Bakshi,Director - Digital Transformation,E2,Technology & Engineering,4.8,Drivers,Balance,drivers_60,37.0
LTM1084,Bhamini Bakshi,Director - Digital Transformation,E2,Technology & Engineering,4.8,Drivers,Collaboration,drivers_60,44.0
LTM1084,Bhamini Bakshi,Director - Digital Transformation,E2,Technology & Engineering,4.8,Drivers,Power,drivers_60,48.0
LTM1084,Bhamini Bakshi,Director - Digital Transformation,E2,Technology & Engineering,4.8,Drivers,Challenge,drivers_60,32.0
LTM1084,Bhamini Bakshi,Director - Digital Transformation,E2,Technology & Engineering,4.8,Drivers,Structure,drivers_60,34.0
LTM1084,Bhamini Bakshi,Director - Digital Transformation,E2,Technology & Engineering,4.8,Drivers,Independence,drivers_60,29.0
LTM1084,Bhamini Bakshi,Director - Digital Transformation,E2,Technology & Engineering,4.8,Risk Factor,Avoidant,risk_10,4.2
LTM1084,Bhamini Bakshi,Director - Digital Transformation,E2,Technology & Engineering,4.8,Risk Factor,Closed,risk_10,2.6
LTM1084,Bhamini Bakshi,Director - Digital Transformation,E2,Technology & Engineering,4.8,Risk Factor,Defensive,risk_10,2.8
LTM1084,Bhamini Bakshi,Director - Digital Transformation,E2,Technology & Engineering,4.8,Risk Factor,Egotistic,risk_10,1.2
LTM1084,Bhamini Bakshi,Director - Digital Transformation,E2,Technology & Engineering,4.8,Risk Factor,Micro Managing,risk_10,2.4
LTM1084,Bhamini Bakshi,Director - Digital Transformation,E2,Technology & Engineering,4.8,Risk Factor,Opportunistic,risk_10,2.8
LTM1084,Bhamini Bakshi,Director - Digital Transformation,E2,Technology & Engineering,4.8,Risk Factor,Restrained,risk_10,2.1
LTM1084,Bhamini Bakshi,Director - Digital Transformation,E2,Technology & Engineering,4.8,Risk Factor,Social Pleaser,risk_10,3.3
LTM1084,Bhamini Bakshi,Director - Digital Transformation,E2,Technology & Engineering,4.8,Risk Factor,Solitary,risk_10,4.5
LTM1084,Bhamini Bakshi,Director - Digital Transformation,E2,Technology & Engineering,4.8,Risk Factor,Suspicious,risk_10,1.5
LTM1084,Bhamini Bakshi,Director - Digital Transformation,E2,Technology & Engineering,4.8,Risk Factor,Volatile,risk_10,1.5
LTM1085,Siya Doshi,Vice President - Finance,E1,Finance & Accounting,4.8,Strategic Thinking,Strategic Vision,ordinal_4,3.0
LTM1085,Siya Doshi,Vice President - Finance,E1,Finance & Accounting,4.8,Strategic Thinking,Business Acumen,ordinal_4,4.0
LTM1085,Siya Doshi,Vice President - Finance,E1,Finance & Accounting,4.8,Strategic Thinking,Market and External Awareness,ordinal_4,3.0
LTM1085,Siya Doshi,Vice President - Finance,E1,Finance & Accounting,4.8,Operational Excellence,Drive for Results,ordinal_4,4.0
LTM1085,Siya Doshi,Vice President - Finance,E1,Finance & Accounting,4.8,Operational Excellence,Process Optimization,ordinal_4,4.0
LTM1085,Siya Doshi,Vice President - Finance,E1,Finance & Accounting,4.8,Operational Excellence,Quality Focus,ordinal_4,3.0
LTM1085,Siya Doshi,Vice President - Finance,E1,Finance & Accounting,4.8,Decision Effectiveness,Analytical Thinking,ordinal_4,4.0
LTM1085,Siya Doshi,Vice President - Finance,E1,Finance & Accounting,4.8,Decision Effectiveness,Sound Judgment,ordinal_4,3.0
LTM1085,Siya Doshi,Vice President - Finance,E1,Finance & Accounting,4.8,Decision Effectiveness,Decisiveness Under Uncertainty,ordinal_4,4.0
LTM1085,Siya Doshi,Vice President - Finance,E1,Finance & Accounting,4.8,People Leadership,Develops Talent,ordinal_4,3.0
LTM1085,Siya Doshi,Vice President - Finance,E1,Finance & Accounting,4.8,People Leadership,Builds Effective Teams,ordinal_4,3.0
LTM1085,Siya Doshi,Vice President - Finance,E1,Finance & Accounting,4.8,People Leadership,Coaching Others,ordinal_4,3.0
LTM1085,Siya Doshi,Vice President - Finance,E1,Finance & Accounting,4.8,Leading Change,Change Sponsorship,ordinal_4,3.0
LTM1085,Siya Doshi,Vice President - Finance,E1,Finance & Accounting,4.8,Leading Change,Adaptability,ordinal_4,3.0
LTM1085,Siya Doshi,Vice President - Finance,E1,Finance & Accounting,4.8,Leading Change,Resilience,ordinal_4,4.0
LTM1085,Siya Doshi,Vice President - Finance,E1,Finance & Accounting,4.8,Stakeholder Engagement,Builds Trust,ordinal_4,3.0
LTM1085,Siya Doshi,Vice President - Finance,E1,Finance & Accounting,4.8,Stakeholder Engagement,Customer Focus,ordinal_4,3.0
LTM1085,Siya Doshi,Vice President - Finance,E1,Finance & Accounting,4.8,Stakeholder Engagement,Influences Others,ordinal_4,3.0
LTM1085,Siya Doshi,Vice President - Finance,E1,Finance & Accounting,4.8,Positivity,Optimism,scale_100,52.0
LTM1085,Siya Doshi,Vice President - Finance,E1,Finance & Accounting,4.8,Positivity,Situational Self-Awareness,scale_100,65.0
LTM1085,Siya Doshi,Vice President - Finance,E1,Finance & Accounting,4.8,Positivity,Composure,scale_100,61.0
LTM1085,Siya Doshi,Vice President - Finance,E1,Finance & Accounting,4.8,Striving,Credibility,scale_100,45.0
LTM1085,Siya Doshi,Vice President - Finance,E1,Finance & Accounting,4.8,Striving,Confidence,scale_100,56.0
LTM1085,Siya Doshi,Vice President - Finance,E1,Finance & Accounting,4.8,Striving,Need for Achievement,scale_100,58.0
LTM1085,Siya Doshi,Vice President - Finance,E1,Finance & Accounting,4.8,Striving,Persistence,scale_100,54.0
LTM1085,Siya Doshi,Vice President - Finance,E1,Finance & Accounting,4.8,Agreeableness,Affiliation,scale_100,74.0
LTM1085,Siya Doshi,Vice President - Finance,E1,Finance & Accounting,4.8,Agreeableness,Humility,scale_100,64.0
LTM1085,Siya Doshi,Vice President - Finance,E1,Finance & Accounting,4.8,Agreeableness,Trust,scale_100,73.0
LTM1085,Siya Doshi,Vice President - Finance,E1,Finance & Accounting,4.8,Agreeableness,Openness to Differences,scale_100,61.0
LTM1085,Siya Doshi,Vice President - Finance,E1,Finance & Accounting,4.8,Agility,Focus,scale_100,60.0
LTM1085,Siya Doshi,Vice President - Finance,E1,Finance & Accounting,4.8,Agility,Curiosity,scale_100,49.0
LTM1085,Siya Doshi,Vice President - Finance,E1,Finance & Accounting,4.8,Agility,Adaptability,scale_100,59.0
LTM1085,Siya Doshi,Vice President - Finance,E1,Finance & Accounting,4.8,Agility,Risk Taking,scale_100,59.0
LTM1085,Siya Doshi,Vice President - Finance,E1,Finance & Accounting,4.8,Agility,Tolerance of Ambiguity,scale_100,45.0
LTM1085,Siya Doshi,Vice President - Finance,E1,Finance & Accounting,4.8,Presence,Empathy,scale_100,53.0
LTM1085,Siya Doshi,Vice President - Finance,E1,Finance & Accounting,4.8,Presence,Assertiveness,scale_100,56.0
LTM1085,Siya Doshi,Vice President - Finance,E1,Finance & Accounting,4.8,Presence,Sociability,scale_100,63.0
LTM1085,Siya Doshi,Vice President - Finance,E1,Finance & Accounting,4.8,Presence,Influence,scale_100,63.0
LTM1085,Siya Doshi,Vice President - Finance,E1,Finance & Accounting,4.8,Learning Agility,Mental Agility,scale_10,6.3
LTM1085,Siya Doshi,Vice President - Finance,E1,Finance & Accounting,4.8,Learning Agility,People Agility,scale_10,7.1
LTM1085,Siya Doshi,Vice President - Finance,E1,Finance & Accounting,4.8,Learning Agility,Change Agility,scale_10,6.6
LTM1085,Siya Doshi,Vice President - Finance,E1,Finance & Accounting,4.8,Learning Agility,Results Agility,scale_10,4.5
LTM1085,Siya Doshi,Vice President - Finance,E1,Finance & Accounting,4.8,Learning Agility,Situational Self-Awareness,scale_10,6.4
LTM1085,Siya Doshi,Vice President - Finance,E1,Finance & Accounting,4.8,Drivers,Balance,drivers_60,45.0
LTM1085,Siya Doshi,Vice President - Finance,E1,Finance & Accounting,4.8,Drivers,Collaboration,drivers_60,26.0
LTM1085,Siya Doshi,Vice President - Finance,E1,Finance & Accounting,4.8,Drivers,Power,drivers_60,38.0
LTM1085,Siya Doshi,Vice President - Finance,E1,Finance & Accounting,4.8,Drivers,Challenge,drivers_60,49.0
LTM1085,Siya Doshi,Vice President - Finance,E1,Finance & Accounting,4.8,Drivers,Structure,drivers_60,32.0
LTM1085,Siya Doshi,Vice President - Finance,E1,Finance & Accounting,4.8,Drivers,Independence,drivers_60,38.0
LTM1085,Siya Doshi,Vice President - Finance,E1,Finance & Accounting,4.8,Risk Factor,Avoidant,risk_10,1.4
LTM1085,Siya Doshi,Vice President - Finance,E1,Finance & Accounting,4.8,Risk Factor,Closed,risk_10,4.0
LTM1085,Siya Doshi,Vice President - Finance,E1,Finance & Accounting,4.8,Risk Factor,Defensive,risk_10,2.5
LTM1085,Siya Doshi,Vice President - Finance,E1,Finance & Accounting,4.8,Risk Factor,Egotistic,risk_10,2.6
LTM1085,Siya Doshi,Vice President - Finance,E1,Finance & Accounting,4.8,Risk Factor,Micro Managing,risk_10,3.8
LTM1085,Siya Doshi,Vice President - Finance,E1,Finance & Accounting,4.8,Risk Factor,Opportunistic,risk_10,3.1
LTM1085,Siya Doshi,Vice President - Finance,E1,Finance & Accounting,4.8,Risk Factor,Restrained,risk_10,1.8
LTM1085,Siya Doshi,Vice President - Finance,E1,Finance & Accounting,4.8,Risk Factor,Social Pleaser,risk_10,2.0
LTM1085,Siya Doshi,Vice President - Finance,E1,Finance & Accounting,4.8,Risk Factor,Solitary,risk_10,3.0
LTM1085,Siya Doshi,Vice President - Finance,E1,Finance & Accounting,4.8,Risk Factor,Suspicious,risk_10,2.0
LTM1085,Siya Doshi,Vice President - Finance,E1,Finance & Accounting,4.8,Risk Factor,Volatile,risk_10,1.0
LTM1086,Hazel Yadav,Vice President - Finance,E1,Finance & Accounting,4.6,Strategic Thinking,Strategic Vision,ordinal_4,2.0
LTM1086,Hazel Yadav,Vice President - Finance,E1,Finance & Accounting,4.6,Strategic Thinking,Business Acumen,ordinal_4,2.0
LTM1086,Hazel Yadav,Vice President - Finance,E1,Finance & Accounting,4.6,Strategic Thinking,Market and External Awareness,ordinal_4,3.0
LTM1086,Hazel Yadav,Vice President - Finance,E1,Finance & Accounting,4.6,Operational Excellence,Drive for Results,ordinal_4,3.0
LTM1086,Hazel Yadav,Vice President - Finance,E1,Finance & Accounting,4.6,Operational Excellence,Process Optimization,ordinal_4,3.0
LTM1086,Hazel Yadav,Vice President - Finance,E1,Finance & Accounting,4.6,Operational Excellence,Quality Focus,ordinal_4,3.0
LTM1086,Hazel Yadav,Vice President - Finance,E1,Finance & Accounting,4.6,Decision Effectiveness,Analytical Thinking,ordinal_4,2.0
LTM1086,Hazel Yadav,Vice President - Finance,E1,Finance & Accounting,4.6,Decision Effectiveness,Sound Judgment,ordinal_4,3.0
LTM1086,Hazel Yadav,Vice President - Finance,E1,Finance & Accounting,4.6,Decision Effectiveness,Decisiveness Under Uncertainty,ordinal_4,3.0
LTM1086,Hazel Yadav,Vice President - Finance,E1,Finance & Accounting,4.6,People Leadership,Develops Talent,ordinal_4,3.0
LTM1086,Hazel Yadav,Vice President - Finance,E1,Finance & Accounting,4.6,People Leadership,Builds Effective Teams,ordinal_4,3.0
LTM1086,Hazel Yadav,Vice President - Finance,E1,Finance & Accounting,4.6,People Leadership,Coaching Others,ordinal_4,2.0
LTM1086,Hazel Yadav,Vice President - Finance,E1,Finance & Accounting,4.6,Leading Change,Change Sponsorship,ordinal_4,2.0
LTM1086,Hazel Yadav,Vice President - Finance,E1,Finance & Accounting,4.6,Leading Change,Adaptability,ordinal_4,2.0
LTM1086,Hazel Yadav,Vice President - Finance,E1,Finance & Accounting,4.6,Leading Change,Resilience,ordinal_4,3.0
LTM1086,Hazel Yadav,Vice President - Finance,E1,Finance & Accounting,4.6,Stakeholder Engagement,Builds Trust,ordinal_4,2.0
LTM1086,Hazel Yadav,Vice President - Finance,E1,Finance & Accounting,4.6,Stakeholder Engagement,Customer Focus,ordinal_4,3.0
LTM1086,Hazel Yadav,Vice President - Finance,E1,Finance & Accounting,4.6,Stakeholder Engagement,Influences Others,ordinal_4,3.0
LTM1086,Hazel Yadav,Vice President - Finance,E1,Finance & Accounting,4.6,Positivity,Optimism,scale_100,36.0
LTM1086,Hazel Yadav,Vice President - Finance,E1,Finance & Accounting,4.6,Positivity,Situational Self-Awareness,scale_100,47.0
LTM1086,Hazel Yadav,Vice President - Finance,E1,Finance & Accounting,4.6,Positivity,Composure,scale_100,47.0
LTM1086,Hazel Yadav,Vice President - Finance,E1,Finance & Accounting,4.6,Striving,Credibility,scale_100,53.0
LTM1086,Hazel Yadav,Vice President - Finance,E1,Finance & Accounting,4.6,Striving,Confidence,scale_100,53.0
LTM1086,Hazel Yadav,Vice President - Finance,E1,Finance & Accounting,4.6,Striving,Need for Achievement,scale_100,83.0
LTM1086,Hazel Yadav,Vice President - Finance,E1,Finance & Accounting,4.6,Striving,Persistence,scale_100,43.0
LTM1086,Hazel Yadav,Vice President - Finance,E1,Finance & Accounting,4.6,Agreeableness,Affiliation,scale_100,56.0
LTM1086,Hazel Yadav,Vice President - Finance,E1,Finance & Accounting,4.6,Agreeableness,Humility,scale_100,59.0
LTM1086,Hazel Yadav,Vice President - Finance,E1,Finance & Accounting,4.6,Agreeableness,Trust,scale_100,53.0
LTM1086,Hazel Yadav,Vice President - Finance,E1,Finance & Accounting,4.6,Agreeableness,Openness to Differences,scale_100,54.0
LTM1086,Hazel Yadav,Vice President - Finance,E1,Finance & Accounting,4.6,Agility,Focus,scale_100,43.0
LTM1086,Hazel Yadav,Vice President - Finance,E1,Finance & Accounting,4.6,Agility,Curiosity,scale_100,54.0
LTM1086,Hazel Yadav,Vice President - Finance,E1,Finance & Accounting,4.6,Agility,Adaptability,scale_100,58.0
LTM1086,Hazel Yadav,Vice President - Finance,E1,Finance & Accounting,4.6,Agility,Risk Taking,scale_100,57.0
LTM1086,Hazel Yadav,Vice President - Finance,E1,Finance & Accounting,4.6,Agility,Tolerance of Ambiguity,scale_100,59.0
LTM1086,Hazel Yadav,Vice President - Finance,E1,Finance & Accounting,4.6,Presence,Empathy,scale_100,67.0
LTM1086,Hazel Yadav,Vice President - Finance,E1,Finance & Accounting,4.6,Presence,Assertiveness,scale_100,63.0
LTM1086,Hazel Yadav,Vice President - Finance,E1,Finance & Accounting,4.6,Presence,Sociability,scale_100,54.0
LTM1086,Hazel Yadav,Vice President - Finance,E1,Finance & Accounting,4.6,Presence,Influence,scale_100,42.0
LTM1086,Hazel Yadav,Vice President - Finance,E1,Finance & Accounting,4.6,Learning Agility,Mental Agility,scale_10,5.5
LTM1086,Hazel Yadav,Vice President - Finance,E1,Finance & Accounting,4.6,Learning Agility,People Agility,scale_10,5.8
LTM1086,Hazel Yadav,Vice President - Finance,E1,Finance & Accounting,4.6,Learning Agility,Change Agility,scale_10,6.2
LTM1086,Hazel Yadav,Vice President - Finance,E1,Finance & Accounting,4.6,Learning Agility,Results Agility,scale_10,5.6
LTM1086,Hazel Yadav,Vice President - Finance,E1,Finance & Accounting,4.6,Learning Agility,Situational Self-Awareness,scale_10,5.3
LTM1086,Hazel Yadav,Vice President - Finance,E1,Finance & Accounting,4.6,Drivers,Balance,drivers_60,24.0
LTM1086,Hazel Yadav,Vice President - Finance,E1,Finance & Accounting,4.6,Drivers,Collaboration,drivers_60,21.0
LTM1086,Hazel Yadav,Vice President - Finance,E1,Finance & Accounting,4.6,Drivers,Power,drivers_60,31.0
LTM1086,Hazel Yadav,Vice President - Finance,E1,Finance & Accounting,4.6,Drivers,Challenge,drivers_60,22.0
LTM1086,Hazel Yadav,Vice President - Finance,E1,Finance & Accounting,4.6,Drivers,Structure,drivers_60,26.0
LTM1086,Hazel Yadav,Vice President - Finance,E1,Finance & Accounting,4.6,Drivers,Independence,drivers_60,30.0
LTM1086,Hazel Yadav,Vice President - Finance,E1,Finance & Accounting,4.6,Risk Factor,Avoidant,risk_10,2.2
LTM1086,Hazel Yadav,Vice President - Finance,E1,Finance & Accounting,4.6,Risk Factor,Closed,risk_10,3.8
LTM1086,Hazel Yadav,Vice President - Finance,E1,Finance & Accounting,4.6,Risk Factor,Defensive,risk_10,4.1
LTM1086,Hazel Yadav,Vice President - Finance,E1,Finance & Accounting,4.6,Risk Factor,Egotistic,risk_10,2.9
LTM1086,Hazel Yadav,Vice President - Finance,E1,Finance & Accounting,4.6,Risk Factor,Micro Managing,risk_10,3.0
LTM1086,Hazel Yadav,Vice President - Finance,E1,Finance & Accounting,4.6,Risk Factor,Opportunistic,risk_10,3.9
LTM1086,Hazel Yadav,Vice President - Finance,E1,Finance & Accounting,4.6,Risk Factor,Restrained,risk_10,2.8
LTM1086,Hazel Yadav,Vice President - Finance,E1,Finance & Accounting,4.6,Risk Factor,Social Pleaser,risk_10,2.7
LTM1086,Hazel Yadav,Vice President - Finance,E1,Finance & Accounting,4.6,Risk Factor,Solitary,risk_10,4.5
LTM1086,Hazel Yadav,Vice President - Finance,E1,Finance & Accounting,4.6,Risk Factor,Suspicious,risk_10,4.2
LTM1086,Hazel Yadav,Vice President - Finance,E1,Finance & Accounting,4.6,Risk Factor,Volatile,risk_10,4.0
LTM1087,Aarna Konda,Vice President - Engineering,E1,Technology & Engineering,4.6,Strategic Thinking,Strategic Vision,ordinal_4,3.0
LTM1087,Aarna Konda,Vice President - Engineering,E1,Technology & Engineering,4.6,Strategic Thinking,Business Acumen,ordinal_4,2.0
LTM1087,Aarna Konda,Vice President - Engineering,E1,Technology & Engineering,4.6,Strategic Thinking,Market and External Awareness,ordinal_4,3.0
LTM1087,Aarna Konda,Vice President - Engineering,E1,Technology & Engineering,4.6,Operational Excellence,Drive for Results,ordinal_4,3.0
LTM1087,Aarna Konda,Vice President - Engineering,E1,Technology & Engineering,4.6,Operational Excellence,Process Optimization,ordinal_4,3.0
LTM1087,Aarna Konda,Vice President - Engineering,E1,Technology & Engineering,4.6,Operational Excellence,Quality Focus,ordinal_4,3.0
LTM1087,Aarna Konda,Vice President - Engineering,E1,Technology & Engineering,4.6,Decision Effectiveness,Analytical Thinking,ordinal_4,3.0
LTM1087,Aarna Konda,Vice President - Engineering,E1,Technology & Engineering,4.6,Decision Effectiveness,Sound Judgment,ordinal_4,2.0
LTM1087,Aarna Konda,Vice President - Engineering,E1,Technology & Engineering,4.6,Decision Effectiveness,Decisiveness Under Uncertainty,ordinal_4,3.0
LTM1087,Aarna Konda,Vice President - Engineering,E1,Technology & Engineering,4.6,People Leadership,Develops Talent,ordinal_4,2.0
LTM1087,Aarna Konda,Vice President - Engineering,E1,Technology & Engineering,4.6,People Leadership,Builds Effective Teams,ordinal_4,3.0
LTM1087,Aarna Konda,Vice President - Engineering,E1,Technology & Engineering,4.6,People Leadership,Coaching Others,ordinal_4,2.0
LTM1087,Aarna Konda,Vice President - Engineering,E1,Technology & Engineering,4.6,Leading Change,Change Sponsorship,ordinal_4,2.0
LTM1087,Aarna Konda,Vice President - Engineering,E1,Technology & Engineering,4.6,Leading Change,Adaptability,ordinal_4,3.0
LTM1087,Aarna Konda,Vice President - Engineering,E1,Technology & Engineering,4.6,Leading Change,Resilience,ordinal_4,2.0
LTM1087,Aarna Konda,Vice President - Engineering,E1,Technology & Engineering,4.6,Stakeholder Engagement,Builds Trust,ordinal_4,2.0
LTM1087,Aarna Konda,Vice President - Engineering,E1,Technology & Engineering,4.6,Stakeholder Engagement,Customer Focus,ordinal_4,2.0
LTM1087,Aarna Konda,Vice President - Engineering,E1,Technology & Engineering,4.6,Stakeholder Engagement,Influences Others,ordinal_4,3.0
LTM1087,Aarna Konda,Vice President - Engineering,E1,Technology & Engineering,4.6,Positivity,Optimism,scale_100,46.0
LTM1087,Aarna Konda,Vice President - Engineering,E1,Technology & Engineering,4.6,Positivity,Situational Self-Awareness,scale_100,51.0
LTM1087,Aarna Konda,Vice President - Engineering,E1,Technology & Engineering,4.6,Positivity,Composure,scale_100,62.0
LTM1087,Aarna Konda,Vice President - Engineering,E1,Technology & Engineering,4.6,Striving,Credibility,scale_100,46.0
LTM1087,Aarna Konda,Vice President - Engineering,E1,Technology & Engineering,4.6,Striving,Confidence,scale_100,61.0
LTM1087,Aarna Konda,Vice President - Engineering,E1,Technology & Engineering,4.6,Striving,Need for Achievement,scale_100,62.0
LTM1087,Aarna Konda,Vice President - Engineering,E1,Technology & Engineering,4.6,Striving,Persistence,scale_100,64.0
LTM1087,Aarna Konda,Vice President - Engineering,E1,Technology & Engineering,4.6,Agreeableness,Affiliation,scale_100,55.0
LTM1087,Aarna Konda,Vice President - Engineering,E1,Technology & Engineering,4.6,Agreeableness,Humility,scale_100,86.0
LTM1087,Aarna Konda,Vice President - Engineering,E1,Technology & Engineering,4.6,Agreeableness,Trust,scale_100,64.0
LTM1087,Aarna Konda,Vice President - Engineering,E1,Technology & Engineering,4.6,Agreeableness,Openness to Differences,scale_100,57.0
LTM1087,Aarna Konda,Vice President - Engineering,E1,Technology & Engineering,4.6,Agility,Focus,scale_100,51.0
LTM1087,Aarna Konda,Vice President - Engineering,E1,Technology & Engineering,4.6,Agility,Curiosity,scale_100,58.0
LTM1087,Aarna Konda,Vice President - Engineering,E1,Technology & Engineering,4.6,Agility,Adaptability,scale_100,74.0
LTM1087,Aarna Konda,Vice President - Engineering,E1,Technology & Engineering,4.6,Agility,Risk Taking,scale_100,76.0
LTM1087,Aarna Konda,Vice President - Engineering,E1,Technology & Engineering,4.6,Agility,Tolerance of Ambiguity,scale_100,74.0
LTM1087,Aarna Konda,Vice President - Engineering,E1,Technology & Engineering,4.6,Presence,Empathy,scale_100,61.0
LTM1087,Aarna Konda,Vice President - Engineering,E1,Technology & Engineering,4.6,Presence,Assertiveness,scale_100,41.0
LTM1087,Aarna Konda,Vice President - Engineering,E1,Technology & Engineering,4.6,Presence,Sociability,scale_100,58.0
LTM1087,Aarna Konda,Vice President - Engineering,E1,Technology & Engineering,4.6,Presence,Influence,scale_100,41.0
LTM1087,Aarna Konda,Vice President - Engineering,E1,Technology & Engineering,4.6,Learning Agility,Mental Agility,scale_10,5.4
LTM1087,Aarna Konda,Vice President - Engineering,E1,Technology & Engineering,4.6,Learning Agility,People Agility,scale_10,6.8
LTM1087,Aarna Konda,Vice President - Engineering,E1,Technology & Engineering,4.6,Learning Agility,Change Agility,scale_10,7.0
LTM1087,Aarna Konda,Vice President - Engineering,E1,Technology & Engineering,4.6,Learning Agility,Results Agility,scale_10,7.3
LTM1087,Aarna Konda,Vice President - Engineering,E1,Technology & Engineering,4.6,Learning Agility,Situational Self-Awareness,scale_10,7.0
LTM1087,Aarna Konda,Vice President - Engineering,E1,Technology & Engineering,4.6,Drivers,Balance,drivers_60,36.0
LTM1087,Aarna Konda,Vice President - Engineering,E1,Technology & Engineering,4.6,Drivers,Collaboration,drivers_60,26.0
LTM1087,Aarna Konda,Vice President - Engineering,E1,Technology & Engineering,4.6,Drivers,Power,drivers_60,32.0
LTM1087,Aarna Konda,Vice President - Engineering,E1,Technology & Engineering,4.6,Drivers,Challenge,drivers_60,22.0
LTM1087,Aarna Konda,Vice President - Engineering,E1,Technology & Engineering,4.6,Drivers,Structure,drivers_60,19.0
LTM1087,Aarna Konda,Vice President - Engineering,E1,Technology & Engineering,4.6,Drivers,Independence,drivers_60,38.0
LTM1087,Aarna Konda,Vice President - Engineering,E1,Technology & Engineering,4.6,Risk Factor,Avoidant,risk_10,2.7
LTM1087,Aarna Konda,Vice President - Engineering,E1,Technology & Engineering,4.6,Risk Factor,Closed,risk_10,4.2
LTM1087,Aarna Konda,Vice President - Engineering,E1,Technology & Engineering,4.6,Risk Factor,Defensive,risk_10,4.4
LTM1087,Aarna Konda,Vice President - Engineering,E1,Technology & Engineering,4.6,Risk Factor,Egotistic,risk_10,2.9
LTM1087,Aarna Konda,Vice President - Engineering,E1,Technology & Engineering,4.6,Risk Factor,Micro Managing,risk_10,3.9
LTM1087,Aarna Konda,Vice President - Engineering,E1,Technology & Engineering,4.6,Risk Factor,Opportunistic,risk_10,2.8
LTM1087,Aarna Konda,Vice President - Engineering,E1,Technology & Engineering,4.6,Risk Factor,Restrained,risk_10,1.8
LTM1087,Aarna Konda,Vice President - Engineering,E1,Technology & Engineering,4.6,Risk Factor,Social Pleaser,risk_10,3.5
LTM1087,Aarna Konda,Vice President - Engineering,E1,Technology & Engineering,4.6,Risk Factor,Solitary,risk_10,3.0
LTM1087,Aarna Konda,Vice President - Engineering,E1,Technology & Engineering,4.6,Risk Factor,Suspicious,risk_10,3.0
LTM1087,Aarna Konda,Vice President - Engineering,E1,Technology & Engineering,4.6,Risk Factor,Volatile,risk_10,5.2
LTM1088,Lakshit Grewal,Chief Information Security Officer,E2,Information Security,4.8,Strategic Thinking,Strategic Vision,ordinal_4,3.0
LTM1088,Lakshit Grewal,Chief Information Security Officer,E2,Information Security,4.8,Strategic Thinking,Business Acumen,ordinal_4,3.0
LTM1088,Lakshit Grewal,Chief Information Security Officer,E2,Information Security,4.8,Strategic Thinking,Market and External Awareness,ordinal_4,3.0
LTM1088,Lakshit Grewal,Chief Information Security Officer,E2,Information Security,4.8,Operational Excellence,Drive for Results,ordinal_4,4.0
LTM1088,Lakshit Grewal,Chief Information Security Officer,E2,Information Security,4.8,Operational Excellence,Process Optimization,ordinal_4,4.0
LTM1088,Lakshit Grewal,Chief Information Security Officer,E2,Information Security,4.8,Operational Excellence,Quality Focus,ordinal_4,4.0
LTM1088,Lakshit Grewal,Chief Information Security Officer,E2,Information Security,4.8,Decision Effectiveness,Analytical Thinking,ordinal_4,3.0
LTM1088,Lakshit Grewal,Chief Information Security Officer,E2,Information Security,4.8,Decision Effectiveness,Sound Judgment,ordinal_4,3.0
LTM1088,Lakshit Grewal,Chief Information Security Officer,E2,Information Security,4.8,Decision Effectiveness,Decisiveness Under Uncertainty,ordinal_4,3.0
LTM1088,Lakshit Grewal,Chief Information Security Officer,E2,Information Security,4.8,People Leadership,Develops Talent,ordinal_4,4.0
LTM1088,Lakshit Grewal,Chief Information Security Officer,E2,Information Security,4.8,People Leadership,Builds Effective Teams,ordinal_4,3.0
LTM1088,Lakshit Grewal,Chief Information Security Officer,E2,Information Security,4.8,People Leadership,Coaching Others,ordinal_4,3.0
LTM1088,Lakshit Grewal,Chief Information Security Officer,E2,Information Security,4.8,Leading Change,Change Sponsorship,ordinal_4,3.0
LTM1088,Lakshit Grewal,Chief Information Security Officer,E2,Information Security,4.8,Leading Change,Adaptability,ordinal_4,4.0
LTM1088,Lakshit Grewal,Chief Information Security Officer,E2,Information Security,4.8,Leading Change,Resilience,ordinal_4,3.0
LTM1088,Lakshit Grewal,Chief Information Security Officer,E2,Information Security,4.8,Stakeholder Engagement,Builds Trust,ordinal_4,4.0
LTM1088,Lakshit Grewal,Chief Information Security Officer,E2,Information Security,4.8,Stakeholder Engagement,Customer Focus,ordinal_4,3.0
LTM1088,Lakshit Grewal,Chief Information Security Officer,E2,Information Security,4.8,Stakeholder Engagement,Influences Others,ordinal_4,3.0
LTM1088,Lakshit Grewal,Chief Information Security Officer,E2,Information Security,4.8,Positivity,Optimism,scale_100,67.0
LTM1088,Lakshit Grewal,Chief Information Security Officer,E2,Information Security,4.8,Positivity,Situational Self-Awareness,scale_100,64.0
LTM1088,Lakshit Grewal,Chief Information Security Officer,E2,Information Security,4.8,Positivity,Composure,scale_100,53.0
LTM1088,Lakshit Grewal,Chief Information Security Officer,E2,Information Security,4.8,Striving,Credibility,scale_100,52.0
LTM1088,Lakshit Grewal,Chief Information Security Officer,E2,Information Security,4.8,Striving,Confidence,scale_100,70.0
LTM1088,Lakshit Grewal,Chief Information Security Officer,E2,Information Security,4.8,Striving,Need for Achievement,scale_100,72.0
LTM1088,Lakshit Grewal,Chief Information Security Officer,E2,Information Security,4.8,Striving,Persistence,scale_100,76.0
LTM1088,Lakshit Grewal,Chief Information Security Officer,E2,Information Security,4.8,Agreeableness,Affiliation,scale_100,79.0
LTM1088,Lakshit Grewal,Chief Information Security Officer,E2,Information Security,4.8,Agreeableness,Humility,scale_100,62.0
LTM1088,Lakshit Grewal,Chief Information Security Officer,E2,Information Security,4.8,Agreeableness,Trust,scale_100,57.0
LTM1088,Lakshit Grewal,Chief Information Security Officer,E2,Information Security,4.8,Agreeableness,Openness to Differences,scale_100,74.0
LTM1088,Lakshit Grewal,Chief Information Security Officer,E2,Information Security,4.8,Agility,Focus,scale_100,74.0
LTM1088,Lakshit Grewal,Chief Information Security Officer,E2,Information Security,4.8,Agility,Curiosity,scale_100,57.0
LTM1088,Lakshit Grewal,Chief Information Security Officer,E2,Information Security,4.8,Agility,Adaptability,scale_100,56.0
LTM1088,Lakshit Grewal,Chief Information Security Officer,E2,Information Security,4.8,Agility,Risk Taking,scale_100,71.0
LTM1088,Lakshit Grewal,Chief Information Security Officer,E2,Information Security,4.8,Agility,Tolerance of Ambiguity,scale_100,65.0
LTM1088,Lakshit Grewal,Chief Information Security Officer,E2,Information Security,4.8,Presence,Empathy,scale_100,60.0
LTM1088,Lakshit Grewal,Chief Information Security Officer,E2,Information Security,4.8,Presence,Assertiveness,scale_100,71.0
LTM1088,Lakshit Grewal,Chief Information Security Officer,E2,Information Security,4.8,Presence,Sociability,scale_100,68.0
LTM1088,Lakshit Grewal,Chief Information Security Officer,E2,Information Security,4.8,Presence,Influence,scale_100,74.0
LTM1088,Lakshit Grewal,Chief Information Security Officer,E2,Information Security,4.8,Learning Agility,Mental Agility,scale_10,5.5
LTM1088,Lakshit Grewal,Chief Information Security Officer,E2,Information Security,4.8,Learning Agility,People Agility,scale_10,7.2
LTM1088,Lakshit Grewal,Chief Information Security Officer,E2,Information Security,4.8,Learning Agility,Change Agility,scale_10,7.6
LTM1088,Lakshit Grewal,Chief Information Security Officer,E2,Information Security,4.8,Learning Agility,Results Agility,scale_10,5.8
LTM1088,Lakshit Grewal,Chief Information Security Officer,E2,Information Security,4.8,Learning Agility,Situational Self-Awareness,scale_10,6.5
LTM1088,Lakshit Grewal,Chief Information Security Officer,E2,Information Security,4.8,Drivers,Balance,drivers_60,33.0
LTM1088,Lakshit Grewal,Chief Information Security Officer,E2,Information Security,4.8,Drivers,Collaboration,drivers_60,39.0
LTM1088,Lakshit Grewal,Chief Information Security Officer,E2,Information Security,4.8,Drivers,Power,drivers_60,50.0
LTM1088,Lakshit Grewal,Chief Information Security Officer,E2,Information Security,4.8,Drivers,Challenge,drivers_60,53.0
LTM1088,Lakshit Grewal,Chief Information Security Officer,E2,Information Security,4.8,Drivers,Structure,drivers_60,33.0
LTM1088,Lakshit Grewal,Chief Information Security Officer,E2,Information Security,4.8,Drivers,Independence,drivers_60,43.0
LTM1088,Lakshit Grewal,Chief Information Security Officer,E2,Information Security,4.8,Risk Factor,Avoidant,risk_10,2.9
LTM1088,Lakshit Grewal,Chief Information Security Officer,E2,Information Security,4.8,Risk Factor,Closed,risk_10,2.7
LTM1088,Lakshit Grewal,Chief Information Security Officer,E2,Information Security,4.8,Risk Factor,Defensive,risk_10,2.7
LTM1088,Lakshit Grewal,Chief Information Security Officer,E2,Information Security,4.8,Risk Factor,Egotistic,risk_10,2.6
LTM1088,Lakshit Grewal,Chief Information Security Officer,E2,Information Security,4.8,Risk Factor,Micro Managing,risk_10,3.9
LTM1088,Lakshit Grewal,Chief Information Security Officer,E2,Information Security,4.8,Risk Factor,Opportunistic,risk_10,3.4
LTM1088,Lakshit Grewal,Chief Information Security Officer,E2,Information Security,4.8,Risk Factor,Restrained,risk_10,1.4
LTM1088,Lakshit Grewal,Chief Information Security Officer,E2,Information Security,4.8,Risk Factor,Social Pleaser,risk_10,3.1
LTM1088,Lakshit Grewal,Chief Information Security Officer,E2,Information Security,4.8,Risk Factor,Solitary,risk_10,3.2
LTM1088,Lakshit Grewal,Chief Information Security Officer,E2,Information Security,4.8,Risk Factor,Suspicious,risk_10,2.7
LTM1088,Lakshit Grewal,Chief Information Security Officer,E2,Information Security,4.8,Risk Factor,Volatile,risk_10,3.4
LTM1089,Zara Rout,Senior Director - Delivery,E2,Operations,4.9,Strategic Thinking,Strategic Vision,ordinal_4,4.0
LTM1089,Zara Rout,Senior Director - Delivery,E2,Operations,4.9,Strategic Thinking,Business Acumen,ordinal_4,4.0
LTM1089,Zara Rout,Senior Director - Delivery,E2,Operations,4.9,Strategic Thinking,Market and External Awareness,ordinal_4,3.0
LTM1089,Zara Rout,Senior Director - Delivery,E2,Operations,4.9,Operational Excellence,Drive for Results,ordinal_4,3.0
LTM1089,Zara Rout,Senior Director - Delivery,E2,Operations,4.9,Operational Excellence,Process Optimization,ordinal_4,4.0
LTM1089,Zara Rout,Senior Director - Delivery,E2,Operations,4.9,Operational Excellence,Quality Focus,ordinal_4,4.0
LTM1089,Zara Rout,Senior Director - Delivery,E2,Operations,4.9,Decision Effectiveness,Analytical Thinking,ordinal_4,4.0
LTM1089,Zara Rout,Senior Director - Delivery,E2,Operations,4.9,Decision Effectiveness,Sound Judgment,ordinal_4,4.0
LTM1089,Zara Rout,Senior Director - Delivery,E2,Operations,4.9,Decision Effectiveness,Decisiveness Under Uncertainty,ordinal_4,4.0
LTM1089,Zara Rout,Senior Director - Delivery,E2,Operations,4.9,People Leadership,Develops Talent,ordinal_4,3.0
LTM1089,Zara Rout,Senior Director - Delivery,E2,Operations,4.9,People Leadership,Builds Effective Teams,ordinal_4,3.0
LTM1089,Zara Rout,Senior Director - Delivery,E2,Operations,4.9,People Leadership,Coaching Others,ordinal_4,4.0
LTM1089,Zara Rout,Senior Director - Delivery,E2,Operations,4.9,Leading Change,Change Sponsorship,ordinal_4,4.0
LTM1089,Zara Rout,Senior Director - Delivery,E2,Operations,4.9,Leading Change,Adaptability,ordinal_4,3.0
LTM1089,Zara Rout,Senior Director - Delivery,E2,Operations,4.9,Leading Change,Resilience,ordinal_4,3.0
LTM1089,Zara Rout,Senior Director - Delivery,E2,Operations,4.9,Stakeholder Engagement,Builds Trust,ordinal_4,4.0
LTM1089,Zara Rout,Senior Director - Delivery,E2,Operations,4.9,Stakeholder Engagement,Customer Focus,ordinal_4,3.0
LTM1089,Zara Rout,Senior Director - Delivery,E2,Operations,4.9,Stakeholder Engagement,Influences Others,ordinal_4,3.0
LTM1089,Zara Rout,Senior Director - Delivery,E2,Operations,4.9,Positivity,Optimism,scale_100,59.0
LTM1089,Zara Rout,Senior Director - Delivery,E2,Operations,4.9,Positivity,Situational Self-Awareness,scale_100,62.0
LTM1089,Zara Rout,Senior Director - Delivery,E2,Operations,4.9,Positivity,Composure,scale_100,58.0
LTM1089,Zara Rout,Senior Director - Delivery,E2,Operations,4.9,Striving,Credibility,scale_100,65.0
LTM1089,Zara Rout,Senior Director - Delivery,E2,Operations,4.9,Striving,Confidence,scale_100,82.0
LTM1089,Zara Rout,Senior Director - Delivery,E2,Operations,4.9,Striving,Need for Achievement,scale_100,60.0
LTM1089,Zara Rout,Senior Director - Delivery,E2,Operations,4.9,Striving,Persistence,scale_100,66.0
LTM1089,Zara Rout,Senior Director - Delivery,E2,Operations,4.9,Agreeableness,Affiliation,scale_100,83.0
LTM1089,Zara Rout,Senior Director - Delivery,E2,Operations,4.9,Agreeableness,Humility,scale_100,58.0
LTM1089,Zara Rout,Senior Director - Delivery,E2,Operations,4.9,Agreeableness,Trust,scale_100,81.0
LTM1089,Zara Rout,Senior Director - Delivery,E2,Operations,4.9,Agreeableness,Openness to Differences,scale_100,63.0
LTM1089,Zara Rout,Senior Director - Delivery,E2,Operations,4.9,Agility,Focus,scale_100,81.0
LTM1089,Zara Rout,Senior Director - Delivery,E2,Operations,4.9,Agility,Curiosity,scale_100,71.0
LTM1089,Zara Rout,Senior Director - Delivery,E2,Operations,4.9,Agility,Adaptability,scale_100,66.0
LTM1089,Zara Rout,Senior Director - Delivery,E2,Operations,4.9,Agility,Risk Taking,scale_100,63.0
LTM1089,Zara Rout,Senior Director - Delivery,E2,Operations,4.9,Agility,Tolerance of Ambiguity,scale_100,57.0
LTM1089,Zara Rout,Senior Director - Delivery,E2,Operations,4.9,Presence,Empathy,scale_100,64.0
LTM1089,Zara Rout,Senior Director - Delivery,E2,Operations,4.9,Presence,Assertiveness,scale_100,72.0
LTM1089,Zara Rout,Senior Director - Delivery,E2,Operations,4.9,Presence,Sociability,scale_100,63.0
LTM1089,Zara Rout,Senior Director - Delivery,E2,Operations,4.9,Presence,Influence,scale_100,60.0
LTM1089,Zara Rout,Senior Director - Delivery,E2,Operations,4.9,Learning Agility,Mental Agility,scale_10,7.2
LTM1089,Zara Rout,Senior Director - Delivery,E2,Operations,4.9,Learning Agility,People Agility,scale_10,8.2
LTM1089,Zara Rout,Senior Director - Delivery,E2,Operations,4.9,Learning Agility,Change Agility,scale_10,8.4
LTM1089,Zara Rout,Senior Director - Delivery,E2,Operations,4.9,Learning Agility,Results Agility,scale_10,6.8
LTM1089,Zara Rout,Senior Director - Delivery,E2,Operations,4.9,Learning Agility,Situational Self-Awareness,scale_10,6.8
LTM1089,Zara Rout,Senior Director - Delivery,E2,Operations,4.9,Drivers,Balance,drivers_60,49.0
LTM1089,Zara Rout,Senior Director - Delivery,E2,Operations,4.9,Drivers,Collaboration,drivers_60,57.0
LTM1089,Zara Rout,Senior Director - Delivery,E2,Operations,4.9,Drivers,Power,drivers_60,55.0
LTM1089,Zara Rout,Senior Director - Delivery,E2,Operations,4.9,Drivers,Challenge,drivers_60,38.0
LTM1089,Zara Rout,Senior Director - Delivery,E2,Operations,4.9,Drivers,Structure,drivers_60,45.0
LTM1089,Zara Rout,Senior Director - Delivery,E2,Operations,4.9,Drivers,Independence,drivers_60,40.0
LTM1089,Zara Rout,Senior Director - Delivery,E2,Operations,4.9,Risk Factor,Avoidant,risk_10,1.7
LTM1089,Zara Rout,Senior Director - Delivery,E2,Operations,4.9,Risk Factor,Closed,risk_10,3.4
LTM1089,Zara Rout,Senior Director - Delivery,E2,Operations,4.9,Risk Factor,Defensive,risk_10,1.0
LTM1089,Zara Rout,Senior Director - Delivery,E2,Operations,4.9,Risk Factor,Egotistic,risk_10,1.0
LTM1089,Zara Rout,Senior Director - Delivery,E2,Operations,4.9,Risk Factor,Micro Managing,risk_10,1.2
LTM1089,Zara Rout,Senior Director - Delivery,E2,Operations,4.9,Risk Factor,Opportunistic,risk_10,2.2
LTM1089,Zara Rout,Senior Director - Delivery,E2,Operations,4.9,Risk Factor,Restrained,risk_10,2.5
LTM1089,Zara Rout,Senior Director - Delivery,E2,Operations,4.9,Risk Factor,Social Pleaser,risk_10,2.3
LTM1089,Zara Rout,Senior Director - Delivery,E2,Operations,4.9,Risk Factor,Solitary,risk_10,3.0
LTM1089,Zara Rout,Senior Director - Delivery,E2,Operations,4.9,Risk Factor,Suspicious,risk_10,1.0
LTM1089,Zara Rout,Senior Director - Delivery,E2,Operations,4.9,Risk Factor,Volatile,risk_10,3.0
LTM1090,Ira Srivastava,Director - Cloud Infrastructure,E2,Technology & Engineering,4.7,Strategic Thinking,Strategic Vision,ordinal_4,3.0
LTM1090,Ira Srivastava,Director - Cloud Infrastructure,E2,Technology & Engineering,4.7,Strategic Thinking,Business Acumen,ordinal_4,3.0
LTM1090,Ira Srivastava,Director - Cloud Infrastructure,E2,Technology & Engineering,4.7,Strategic Thinking,Market and External Awareness,ordinal_4,3.0
LTM1090,Ira Srivastava,Director - Cloud Infrastructure,E2,Technology & Engineering,4.7,Operational Excellence,Drive for Results,ordinal_4,4.0
LTM1090,Ira Srivastava,Director - Cloud Infrastructure,E2,Technology & Engineering,4.7,Operational Excellence,Process Optimization,ordinal_4,4.0
LTM1090,Ira Srivastava,Director - Cloud Infrastructure,E2,Technology & Engineering,4.7,Operational Excellence,Quality Focus,ordinal_4,4.0
LTM1090,Ira Srivastava,Director - Cloud Infrastructure,E2,Technology & Engineering,4.7,Decision Effectiveness,Analytical Thinking,ordinal_4,2.0
LTM1090,Ira Srivastava,Director - Cloud Infrastructure,E2,Technology & Engineering,4.7,Decision Effectiveness,Sound Judgment,ordinal_4,3.0
LTM1090,Ira Srivastava,Director - Cloud Infrastructure,E2,Technology & Engineering,4.7,Decision Effectiveness,Decisiveness Under Uncertainty,ordinal_4,3.0
LTM1090,Ira Srivastava,Director - Cloud Infrastructure,E2,Technology & Engineering,4.7,People Leadership,Develops Talent,ordinal_4,3.0
LTM1090,Ira Srivastava,Director - Cloud Infrastructure,E2,Technology & Engineering,4.7,People Leadership,Builds Effective Teams,ordinal_4,3.0
LTM1090,Ira Srivastava,Director - Cloud Infrastructure,E2,Technology & Engineering,4.7,People Leadership,Coaching Others,ordinal_4,3.0
LTM1090,Ira Srivastava,Director - Cloud Infrastructure,E2,Technology & Engineering,4.7,Leading Change,Change Sponsorship,ordinal_4,3.0
LTM1090,Ira Srivastava,Director - Cloud Infrastructure,E2,Technology & Engineering,4.7,Leading Change,Adaptability,ordinal_4,3.0
LTM1090,Ira Srivastava,Director - Cloud Infrastructure,E2,Technology & Engineering,4.7,Leading Change,Resilience,ordinal_4,3.0
LTM1090,Ira Srivastava,Director - Cloud Infrastructure,E2,Technology & Engineering,4.7,Stakeholder Engagement,Builds Trust,ordinal_4,2.0
LTM1090,Ira Srivastava,Director - Cloud Infrastructure,E2,Technology & Engineering,4.7,Stakeholder Engagement,Customer Focus,ordinal_4,3.0
LTM1090,Ira Srivastava,Director - Cloud Infrastructure,E2,Technology & Engineering,4.7,Stakeholder Engagement,Influences Others,ordinal_4,3.0
LTM1090,Ira Srivastava,Director - Cloud Infrastructure,E2,Technology & Engineering,4.7,Positivity,Optimism,scale_100,55.0
LTM1090,Ira Srivastava,Director - Cloud Infrastructure,E2,Technology & Engineering,4.7,Positivity,Situational Self-Awareness,scale_100,46.0
LTM1090,Ira Srivastava,Director - Cloud Infrastructure,E2,Technology & Engineering,4.7,Positivity,Composure,scale_100,67.0
LTM1090,Ira Srivastava,Director - Cloud Infrastructure,E2,Technology & Engineering,4.7,Striving,Credibility,scale_100,46.0
LTM1090,Ira Srivastava,Director - Cloud Infrastructure,E2,Technology & Engineering,4.7,Striving,Confidence,scale_100,56.0
LTM1090,Ira Srivastava,Director - Cloud Infrastructure,E2,Technology & Engineering,4.7,Striving,Need for Achievement,scale_100,57.0
LTM1090,Ira Srivastava,Director - Cloud Infrastructure,E2,Technology & Engineering,4.7,Striving,Persistence,scale_100,65.0
LTM1090,Ira Srivastava,Director - Cloud Infrastructure,E2,Technology & Engineering,4.7,Agreeableness,Affiliation,scale_100,51.0
LTM1090,Ira Srivastava,Director - Cloud Infrastructure,E2,Technology & Engineering,4.7,Agreeableness,Humility,scale_100,51.0
LTM1090,Ira Srivastava,Director - Cloud Infrastructure,E2,Technology & Engineering,4.7,Agreeableness,Trust,scale_100,59.0
LTM1090,Ira Srivastava,Director - Cloud Infrastructure,E2,Technology & Engineering,4.7,Agreeableness,Openness to Differences,scale_100,68.0
LTM1090,Ira Srivastava,Director - Cloud Infrastructure,E2,Technology & Engineering,4.7,Agility,Focus,scale_100,87.0
LTM1090,Ira Srivastava,Director - Cloud Infrastructure,E2,Technology & Engineering,4.7,Agility,Curiosity,scale_100,49.0
LTM1090,Ira Srivastava,Director - Cloud Infrastructure,E2,Technology & Engineering,4.7,Agility,Adaptability,scale_100,67.0
LTM1090,Ira Srivastava,Director - Cloud Infrastructure,E2,Technology & Engineering,4.7,Agility,Risk Taking,scale_100,53.0
LTM1090,Ira Srivastava,Director - Cloud Infrastructure,E2,Technology & Engineering,4.7,Agility,Tolerance of Ambiguity,scale_100,74.0
LTM1090,Ira Srivastava,Director - Cloud Infrastructure,E2,Technology & Engineering,4.7,Presence,Empathy,scale_100,48.0
LTM1090,Ira Srivastava,Director - Cloud Infrastructure,E2,Technology & Engineering,4.7,Presence,Assertiveness,scale_100,51.0
LTM1090,Ira Srivastava,Director - Cloud Infrastructure,E2,Technology & Engineering,4.7,Presence,Sociability,scale_100,52.0
LTM1090,Ira Srivastava,Director - Cloud Infrastructure,E2,Technology & Engineering,4.7,Presence,Influence,scale_100,57.0
LTM1090,Ira Srivastava,Director - Cloud Infrastructure,E2,Technology & Engineering,4.7,Learning Agility,Mental Agility,scale_10,7.5
LTM1090,Ira Srivastava,Director - Cloud Infrastructure,E2,Technology & Engineering,4.7,Learning Agility,People Agility,scale_10,7.6
LTM1090,Ira Srivastava,Director - Cloud Infrastructure,E2,Technology & Engineering,4.7,Learning Agility,Change Agility,scale_10,7.2
LTM1090,Ira Srivastava,Director - Cloud Infrastructure,E2,Technology & Engineering,4.7,Learning Agility,Results Agility,scale_10,6.2
LTM1090,Ira Srivastava,Director - Cloud Infrastructure,E2,Technology & Engineering,4.7,Learning Agility,Situational Self-Awareness,scale_10,7.8
LTM1090,Ira Srivastava,Director - Cloud Infrastructure,E2,Technology & Engineering,4.7,Drivers,Balance,drivers_60,36.0
LTM1090,Ira Srivastava,Director - Cloud Infrastructure,E2,Technology & Engineering,4.7,Drivers,Collaboration,drivers_60,45.0
LTM1090,Ira Srivastava,Director - Cloud Infrastructure,E2,Technology & Engineering,4.7,Drivers,Power,drivers_60,32.0
LTM1090,Ira Srivastava,Director - Cloud Infrastructure,E2,Technology & Engineering,4.7,Drivers,Challenge,drivers_60,25.0
LTM1090,Ira Srivastava,Director - Cloud Infrastructure,E2,Technology & Engineering,4.7,Drivers,Structure,drivers_60,36.0
LTM1090,Ira Srivastava,Director - Cloud Infrastructure,E2,Technology & Engineering,4.7,Drivers,Independence,drivers_60,46.0
LTM1090,Ira Srivastava,Director - Cloud Infrastructure,E2,Technology & Engineering,4.7,Risk Factor,Avoidant,risk_10,3.0
LTM1090,Ira Srivastava,Director - Cloud Infrastructure,E2,Technology & Engineering,4.7,Risk Factor,Closed,risk_10,2.6
LTM1090,Ira Srivastava,Director - Cloud Infrastructure,E2,Technology & Engineering,4.7,Risk Factor,Defensive,risk_10,2.0
LTM1090,Ira Srivastava,Director - Cloud Infrastructure,E2,Technology & Engineering,4.7,Risk Factor,Egotistic,risk_10,4.4
LTM1090,Ira Srivastava,Director - Cloud Infrastructure,E2,Technology & Engineering,4.7,Risk Factor,Micro Managing,risk_10,1.9
LTM1090,Ira Srivastava,Director - Cloud Infrastructure,E2,Technology & Engineering,4.7,Risk Factor,Opportunistic,risk_10,2.2
LTM1090,Ira Srivastava,Director - Cloud Infrastructure,E2,Technology & Engineering,4.7,Risk Factor,Restrained,risk_10,3.3
LTM1090,Ira Srivastava,Director - Cloud Infrastructure,E2,Technology & Engineering,4.7,Risk Factor,Social Pleaser,risk_10,1.1
LTM1090,Ira Srivastava,Director - Cloud Infrastructure,E2,Technology & Engineering,4.7,Risk Factor,Solitary,risk_10,4.0
LTM1090,Ira Srivastava,Director - Cloud Infrastructure,E2,Technology & Engineering,4.7,Risk Factor,Suspicious,risk_10,3.4
LTM1090,Ira Srivastava,Director - Cloud Infrastructure,E2,Technology & Engineering,4.7,Risk Factor,Volatile,risk_10,3.6
LTM1091,Aaryahi Vohra,Director - Enterprise Applications,E2,Technology & Engineering,4.5,Strategic Thinking,Strategic Vision,ordinal_4,3.0
LTM1091,Aaryahi Vohra,Director - Enterprise Applications,E2,Technology & Engineering,4.5,Strategic Thinking,Business Acumen,ordinal_4,2.0
LTM1091,Aaryahi Vohra,Director - Enterprise Applications,E2,Technology & Engineering,4.5,Strategic Thinking,Market and External Awareness,ordinal_4,2.0
LTM1091,Aaryahi Vohra,Director - Enterprise Applications,E2,Technology & Engineering,4.5,Operational Excellence,Drive for Results,ordinal_4,3.0
LTM1091,Aaryahi Vohra,Director - Enterprise Applications,E2,Technology & Engineering,4.5,Operational Excellence,Process Optimization,ordinal_4,3.0
LTM1091,Aaryahi Vohra,Director - Enterprise Applications,E2,Technology & Engineering,4.5,Operational Excellence,Quality Focus,ordinal_4,3.0
LTM1091,Aaryahi Vohra,Director - Enterprise Applications,E2,Technology & Engineering,4.5,Decision Effectiveness,Analytical Thinking,ordinal_4,3.0
LTM1091,Aaryahi Vohra,Director - Enterprise Applications,E2,Technology & Engineering,4.5,Decision Effectiveness,Sound Judgment,ordinal_4,3.0
LTM1091,Aaryahi Vohra,Director - Enterprise Applications,E2,Technology & Engineering,4.5,Decision Effectiveness,Decisiveness Under Uncertainty,ordinal_4,3.0
LTM1091,Aaryahi Vohra,Director - Enterprise Applications,E2,Technology & Engineering,4.5,People Leadership,Develops Talent,ordinal_4,3.0
LTM1091,Aaryahi Vohra,Director - Enterprise Applications,E2,Technology & Engineering,4.5,People Leadership,Builds Effective Teams,ordinal_4,2.0
LTM1091,Aaryahi Vohra,Director - Enterprise Applications,E2,Technology & Engineering,4.5,People Leadership,Coaching Others,ordinal_4,2.0
LTM1091,Aaryahi Vohra,Director - Enterprise Applications,E2,Technology & Engineering,4.5,Leading Change,Change Sponsorship,ordinal_4,3.0
LTM1091,Aaryahi Vohra,Director - Enterprise Applications,E2,Technology & Engineering,4.5,Leading Change,Adaptability,ordinal_4,2.0
LTM1091,Aaryahi Vohra,Director - Enterprise Applications,E2,Technology & Engineering,4.5,Leading Change,Resilience,ordinal_4,3.0
LTM1091,Aaryahi Vohra,Director - Enterprise Applications,E2,Technology & Engineering,4.5,Stakeholder Engagement,Builds Trust,ordinal_4,2.0
LTM1091,Aaryahi Vohra,Director - Enterprise Applications,E2,Technology & Engineering,4.5,Stakeholder Engagement,Customer Focus,ordinal_4,2.0
LTM1091,Aaryahi Vohra,Director - Enterprise Applications,E2,Technology & Engineering,4.5,Stakeholder Engagement,Influences Others,ordinal_4,3.0
LTM1091,Aaryahi Vohra,Director - Enterprise Applications,E2,Technology & Engineering,4.5,Positivity,Optimism,scale_100,61.0
LTM1091,Aaryahi Vohra,Director - Enterprise Applications,E2,Technology & Engineering,4.5,Positivity,Situational Self-Awareness,scale_100,42.0
LTM1091,Aaryahi Vohra,Director - Enterprise Applications,E2,Technology & Engineering,4.5,Positivity,Composure,scale_100,59.0
LTM1091,Aaryahi Vohra,Director - Enterprise Applications,E2,Technology & Engineering,4.5,Striving,Credibility,scale_100,47.0
LTM1091,Aaryahi Vohra,Director - Enterprise Applications,E2,Technology & Engineering,4.5,Striving,Confidence,scale_100,52.0
LTM1091,Aaryahi Vohra,Director - Enterprise Applications,E2,Technology & Engineering,4.5,Striving,Need for Achievement,scale_100,66.0
LTM1091,Aaryahi Vohra,Director - Enterprise Applications,E2,Technology & Engineering,4.5,Striving,Persistence,scale_100,60.0
LTM1091,Aaryahi Vohra,Director - Enterprise Applications,E2,Technology & Engineering,4.5,Agreeableness,Affiliation,scale_100,60.0
LTM1091,Aaryahi Vohra,Director - Enterprise Applications,E2,Technology & Engineering,4.5,Agreeableness,Humility,scale_100,71.0
LTM1091,Aaryahi Vohra,Director - Enterprise Applications,E2,Technology & Engineering,4.5,Agreeableness,Trust,scale_100,45.0
LTM1091,Aaryahi Vohra,Director - Enterprise Applications,E2,Technology & Engineering,4.5,Agreeableness,Openness to Differences,scale_100,42.0
LTM1091,Aaryahi Vohra,Director - Enterprise Applications,E2,Technology & Engineering,4.5,Agility,Focus,scale_100,51.0
LTM1091,Aaryahi Vohra,Director - Enterprise Applications,E2,Technology & Engineering,4.5,Agility,Curiosity,scale_100,56.0
LTM1091,Aaryahi Vohra,Director - Enterprise Applications,E2,Technology & Engineering,4.5,Agility,Adaptability,scale_100,35.0
LTM1091,Aaryahi Vohra,Director - Enterprise Applications,E2,Technology & Engineering,4.5,Agility,Risk Taking,scale_100,56.0
LTM1091,Aaryahi Vohra,Director - Enterprise Applications,E2,Technology & Engineering,4.5,Agility,Tolerance of Ambiguity,scale_100,53.0
LTM1091,Aaryahi Vohra,Director - Enterprise Applications,E2,Technology & Engineering,4.5,Presence,Empathy,scale_100,60.0
LTM1091,Aaryahi Vohra,Director - Enterprise Applications,E2,Technology & Engineering,4.5,Presence,Assertiveness,scale_100,56.0
LTM1091,Aaryahi Vohra,Director - Enterprise Applications,E2,Technology & Engineering,4.5,Presence,Sociability,scale_100,46.0
LTM1091,Aaryahi Vohra,Director - Enterprise Applications,E2,Technology & Engineering,4.5,Presence,Influence,scale_100,58.0
LTM1091,Aaryahi Vohra,Director - Enterprise Applications,E2,Technology & Engineering,4.5,Learning Agility,Mental Agility,scale_10,7.1
LTM1091,Aaryahi Vohra,Director - Enterprise Applications,E2,Technology & Engineering,4.5,Learning Agility,People Agility,scale_10,5.9
LTM1091,Aaryahi Vohra,Director - Enterprise Applications,E2,Technology & Engineering,4.5,Learning Agility,Change Agility,scale_10,6.1
LTM1091,Aaryahi Vohra,Director - Enterprise Applications,E2,Technology & Engineering,4.5,Learning Agility,Results Agility,scale_10,4.7
LTM1091,Aaryahi Vohra,Director - Enterprise Applications,E2,Technology & Engineering,4.5,Learning Agility,Situational Self-Awareness,scale_10,5.6
LTM1091,Aaryahi Vohra,Director - Enterprise Applications,E2,Technology & Engineering,4.5,Drivers,Balance,drivers_60,26.0
LTM1091,Aaryahi Vohra,Director - Enterprise Applications,E2,Technology & Engineering,4.5,Drivers,Collaboration,drivers_60,32.0
LTM1091,Aaryahi Vohra,Director - Enterprise Applications,E2,Technology & Engineering,4.5,Drivers,Power,drivers_60,25.0
LTM1091,Aaryahi Vohra,Director - Enterprise Applications,E2,Technology & Engineering,4.5,Drivers,Challenge,drivers_60,28.0
LTM1091,Aaryahi Vohra,Director - Enterprise Applications,E2,Technology & Engineering,4.5,Drivers,Structure,drivers_60,23.0
LTM1091,Aaryahi Vohra,Director - Enterprise Applications,E2,Technology & Engineering,4.5,Drivers,Independence,drivers_60,33.0
LTM1091,Aaryahi Vohra,Director - Enterprise Applications,E2,Technology & Engineering,4.5,Risk Factor,Avoidant,risk_10,4.1
LTM1091,Aaryahi Vohra,Director - Enterprise Applications,E2,Technology & Engineering,4.5,Risk Factor,Closed,risk_10,4.0
LTM1091,Aaryahi Vohra,Director - Enterprise Applications,E2,Technology & Engineering,4.5,Risk Factor,Defensive,risk_10,3.7
LTM1091,Aaryahi Vohra,Director - Enterprise Applications,E2,Technology & Engineering,4.5,Risk Factor,Egotistic,risk_10,2.3
LTM1091,Aaryahi Vohra,Director - Enterprise Applications,E2,Technology & Engineering,4.5,Risk Factor,Micro Managing,risk_10,3.1
LTM1091,Aaryahi Vohra,Director - Enterprise Applications,E2,Technology & Engineering,4.5,Risk Factor,Opportunistic,risk_10,3.3
LTM1091,Aaryahi Vohra,Director - Enterprise Applications,E2,Technology & Engineering,4.5,Risk Factor,Restrained,risk_10,3.3
LTM1091,Aaryahi Vohra,Director - Enterprise Applications,E2,Technology & Engineering,4.5,Risk Factor,Social Pleaser,risk_10,3.8
LTM1091,Aaryahi Vohra,Director - Enterprise Applications,E2,Technology & Engineering,4.5,Risk Factor,Solitary,risk_10,5.0
LTM1091,Aaryahi Vohra,Director - Enterprise Applications,E2,Technology & Engineering,4.5,Risk Factor,Suspicious,risk_10,4.4
LTM1091,Aaryahi Vohra,Director - Enterprise Applications,E2,Technology & Engineering,4.5,Risk Factor,Volatile,risk_10,2.8
LTM1092,Ayesha Sankar,Vice President - Product Management,E1,Technology & Engineering,4.8,Strategic Thinking,Strategic Vision,ordinal_4,3.0
LTM1092,Ayesha Sankar,Vice President - Product Management,E1,Technology & Engineering,4.8,Strategic Thinking,Business Acumen,ordinal_4,3.0
LTM1092,Ayesha Sankar,Vice President - Product Management,E1,Technology & Engineering,4.8,Strategic Thinking,Market and External Awareness,ordinal_4,3.0
LTM1092,Ayesha Sankar,Vice President - Product Management,E1,Technology & Engineering,4.8,Operational Excellence,Drive for Results,ordinal_4,4.0
LTM1092,Ayesha Sankar,Vice President - Product Management,E1,Technology & Engineering,4.8,Operational Excellence,Process Optimization,ordinal_4,4.0
LTM1092,Ayesha Sankar,Vice President - Product Management,E1,Technology & Engineering,4.8,Operational Excellence,Quality Focus,ordinal_4,3.0
LTM1092,Ayesha Sankar,Vice President - Product Management,E1,Technology & Engineering,4.8,Decision Effectiveness,Analytical Thinking,ordinal_4,3.0
LTM1092,Ayesha Sankar,Vice President - Product Management,E1,Technology & Engineering,4.8,Decision Effectiveness,Sound Judgment,ordinal_4,3.0
LTM1092,Ayesha Sankar,Vice President - Product Management,E1,Technology & Engineering,4.8,Decision Effectiveness,Decisiveness Under Uncertainty,ordinal_4,3.0
LTM1092,Ayesha Sankar,Vice President - Product Management,E1,Technology & Engineering,4.8,People Leadership,Develops Talent,ordinal_4,3.0
LTM1092,Ayesha Sankar,Vice President - Product Management,E1,Technology & Engineering,4.8,People Leadership,Builds Effective Teams,ordinal_4,3.0
LTM1092,Ayesha Sankar,Vice President - Product Management,E1,Technology & Engineering,4.8,People Leadership,Coaching Others,ordinal_4,3.0
LTM1092,Ayesha Sankar,Vice President - Product Management,E1,Technology & Engineering,4.8,Leading Change,Change Sponsorship,ordinal_4,3.0
LTM1092,Ayesha Sankar,Vice President - Product Management,E1,Technology & Engineering,4.8,Leading Change,Adaptability,ordinal_4,3.0
LTM1092,Ayesha Sankar,Vice President - Product Management,E1,Technology & Engineering,4.8,Leading Change,Resilience,ordinal_4,3.0
LTM1092,Ayesha Sankar,Vice President - Product Management,E1,Technology & Engineering,4.8,Stakeholder Engagement,Builds Trust,ordinal_4,3.0
LTM1092,Ayesha Sankar,Vice President - Product Management,E1,Technology & Engineering,4.8,Stakeholder Engagement,Customer Focus,ordinal_4,3.0
LTM1092,Ayesha Sankar,Vice President - Product Management,E1,Technology & Engineering,4.8,Stakeholder Engagement,Influences Others,ordinal_4,2.0
LTM1092,Ayesha Sankar,Vice President - Product Management,E1,Technology & Engineering,4.8,Positivity,Optimism,scale_100,64.0
LTM1092,Ayesha Sankar,Vice President - Product Management,E1,Technology & Engineering,4.8,Positivity,Situational Self-Awareness,scale_100,47.0
LTM1092,Ayesha Sankar,Vice President - Product Management,E1,Technology & Engineering,4.8,Positivity,Composure,scale_100,60.0
LTM1092,Ayesha Sankar,Vice President - Product Management,E1,Technology & Engineering,4.8,Striving,Credibility,scale_100,63.0
LTM1092,Ayesha Sankar,Vice President - Product Management,E1,Technology & Engineering,4.8,Striving,Confidence,scale_100,65.0
LTM1092,Ayesha Sankar,Vice President - Product Management,E1,Technology & Engineering,4.8,Striving,Need for Achievement,scale_100,47.0
LTM1092,Ayesha Sankar,Vice President - Product Management,E1,Technology & Engineering,4.8,Striving,Persistence,scale_100,58.0
LTM1092,Ayesha Sankar,Vice President - Product Management,E1,Technology & Engineering,4.8,Agreeableness,Affiliation,scale_100,76.0
LTM1092,Ayesha Sankar,Vice President - Product Management,E1,Technology & Engineering,4.8,Agreeableness,Humility,scale_100,76.0
LTM1092,Ayesha Sankar,Vice President - Product Management,E1,Technology & Engineering,4.8,Agreeableness,Trust,scale_100,69.0
LTM1092,Ayesha Sankar,Vice President - Product Management,E1,Technology & Engineering,4.8,Agreeableness,Openness to Differences,scale_100,62.0
LTM1092,Ayesha Sankar,Vice President - Product Management,E1,Technology & Engineering,4.8,Agility,Focus,scale_100,55.0
LTM1092,Ayesha Sankar,Vice President - Product Management,E1,Technology & Engineering,4.8,Agility,Curiosity,scale_100,72.0
LTM1092,Ayesha Sankar,Vice President - Product Management,E1,Technology & Engineering,4.8,Agility,Adaptability,scale_100,63.0
LTM1092,Ayesha Sankar,Vice President - Product Management,E1,Technology & Engineering,4.8,Agility,Risk Taking,scale_100,70.0
LTM1092,Ayesha Sankar,Vice President - Product Management,E1,Technology & Engineering,4.8,Agility,Tolerance of Ambiguity,scale_100,59.0
LTM1092,Ayesha Sankar,Vice President - Product Management,E1,Technology & Engineering,4.8,Presence,Empathy,scale_100,57.0
LTM1092,Ayesha Sankar,Vice President - Product Management,E1,Technology & Engineering,4.8,Presence,Assertiveness,scale_100,60.0
LTM1092,Ayesha Sankar,Vice President - Product Management,E1,Technology & Engineering,4.8,Presence,Sociability,scale_100,61.0
LTM1092,Ayesha Sankar,Vice President - Product Management,E1,Technology & Engineering,4.8,Presence,Influence,scale_100,64.0
LTM1092,Ayesha Sankar,Vice President - Product Management,E1,Technology & Engineering,4.8,Learning Agility,Mental Agility,scale_10,6.9
LTM1092,Ayesha Sankar,Vice President - Product Management,E1,Technology & Engineering,4.8,Learning Agility,People Agility,scale_10,6.3
LTM1092,Ayesha Sankar,Vice President - Product Management,E1,Technology & Engineering,4.8,Learning Agility,Change Agility,scale_10,8.6
LTM1092,Ayesha Sankar,Vice President - Product Management,E1,Technology & Engineering,4.8,Learning Agility,Results Agility,scale_10,9.3
LTM1092,Ayesha Sankar,Vice President - Product Management,E1,Technology & Engineering,4.8,Learning Agility,Situational Self-Awareness,scale_10,7.7
LTM1092,Ayesha Sankar,Vice President - Product Management,E1,Technology & Engineering,4.8,Drivers,Balance,drivers_60,28.0
LTM1092,Ayesha Sankar,Vice President - Product Management,E1,Technology & Engineering,4.8,Drivers,Collaboration,drivers_60,32.0
LTM1092,Ayesha Sankar,Vice President - Product Management,E1,Technology & Engineering,4.8,Drivers,Power,drivers_60,41.0
LTM1092,Ayesha Sankar,Vice President - Product Management,E1,Technology & Engineering,4.8,Drivers,Challenge,drivers_60,47.0
LTM1092,Ayesha Sankar,Vice President - Product Management,E1,Technology & Engineering,4.8,Drivers,Structure,drivers_60,29.0
LTM1092,Ayesha Sankar,Vice President - Product Management,E1,Technology & Engineering,4.8,Drivers,Independence,drivers_60,37.0
LTM1092,Ayesha Sankar,Vice President - Product Management,E1,Technology & Engineering,4.8,Risk Factor,Avoidant,risk_10,2.7
LTM1092,Ayesha Sankar,Vice President - Product Management,E1,Technology & Engineering,4.8,Risk Factor,Closed,risk_10,3.3
LTM1092,Ayesha Sankar,Vice President - Product Management,E1,Technology & Engineering,4.8,Risk Factor,Defensive,risk_10,2.2
LTM1092,Ayesha Sankar,Vice President - Product Management,E1,Technology & Engineering,4.8,Risk Factor,Egotistic,risk_10,1.1
LTM1092,Ayesha Sankar,Vice President - Product Management,E1,Technology & Engineering,4.8,Risk Factor,Micro Managing,risk_10,3.1
LTM1092,Ayesha Sankar,Vice President - Product Management,E1,Technology & Engineering,4.8,Risk Factor,Opportunistic,risk_10,3.6
LTM1092,Ayesha Sankar,Vice President - Product Management,E1,Technology & Engineering,4.8,Risk Factor,Restrained,risk_10,2.5
LTM1092,Ayesha Sankar,Vice President - Product Management,E1,Technology & Engineering,4.8,Risk Factor,Social Pleaser,risk_10,2.9
LTM1092,Ayesha Sankar,Vice President - Product Management,E1,Technology & Engineering,4.8,Risk Factor,Solitary,risk_10,2.1
LTM1092,Ayesha Sankar,Vice President - Product Management,E1,Technology & Engineering,4.8,Risk Factor,Suspicious,risk_10,1.8
LTM1092,Ayesha Sankar,Vice President - Product Management,E1,Technology & Engineering,4.8,Risk Factor,Volatile,risk_10,3.5
LTM1002,Veer Dave,Director - Cloud Infrastructure,E2,Technology & Engineering,4.8,Strategic Thinking,Strategic Vision,ordinal_4,3.0
LTM1002,Veer Dave,Director - Cloud Infrastructure,E2,Technology & Engineering,4.8,Strategic Thinking,Business Acumen,ordinal_4,3.0
LTM1002,Veer Dave,Director - Cloud Infrastructure,E2,Technology & Engineering,4.8,Strategic Thinking,Market and External Awareness,ordinal_4,4.0
LTM1002,Veer Dave,Director - Cloud Infrastructure,E2,Technology & Engineering,4.8,Operational Excellence,Drive for Results,ordinal_4,3.0
LTM1002,Veer Dave,Director - Cloud Infrastructure,E2,Technology & Engineering,4.8,Operational Excellence,Process Optimization,ordinal_4,4.0
LTM1002,Veer Dave,Director - Cloud Infrastructure,E2,Technology & Engineering,4.8,Operational Excellence,Quality Focus,ordinal_4,4.0
LTM1002,Veer Dave,Director - Cloud Infrastructure,E2,Technology & Engineering,4.8,Decision Effectiveness,Analytical Thinking,ordinal_4,3.0
LTM1002,Veer Dave,Director - Cloud Infrastructure,E2,Technology & Engineering,4.8,Decision Effectiveness,Sound Judgment,ordinal_4,3.0
LTM1002,Veer Dave,Director - Cloud Infrastructure,E2,Technology & Engineering,4.8,Decision Effectiveness,Decisiveness Under Uncertainty,ordinal_4,3.0
LTM1002,Veer Dave,Director - Cloud Infrastructure,E2,Technology & Engineering,4.8,People Leadership,Develops Talent,ordinal_4,3.0
LTM1002,Veer Dave,Director - Cloud Infrastructure,E2,Technology & Engineering,4.8,People Leadership,Builds Effective Teams,ordinal_4,3.0
LTM1002,Veer Dave,Director - Cloud Infrastructure,E2,Technology & Engineering,4.8,People Leadership,Coaching Others,ordinal_4,3.0
LTM1002,Veer Dave,Director - Cloud Infrastructure,E2,Technology & Engineering,4.8,Leading Change,Change Sponsorship,ordinal_4,3.0
LTM1002,Veer Dave,Director - Cloud Infrastructure,E2,Technology & Engineering,4.8,Leading Change,Adaptability,ordinal_4,3.0
LTM1002,Veer Dave,Director - Cloud Infrastructure,E2,Technology & Engineering,4.8,Leading Change,Resilience,ordinal_4,3.0
LTM1002,Veer Dave,Director - Cloud Infrastructure,E2,Technology & Engineering,4.8,Stakeholder Engagement,Builds Trust,ordinal_4,3.0
LTM1002,Veer Dave,Director - Cloud Infrastructure,E2,Technology & Engineering,4.8,Stakeholder Engagement,Customer Focus,ordinal_4,3.0
LTM1002,Veer Dave,Director - Cloud Infrastructure,E2,Technology & Engineering,4.8,Stakeholder Engagement,Influences Others,ordinal_4,3.0
LTM1002,Veer Dave,Director - Cloud Infrastructure,E2,Technology & Engineering,4.8,Positivity,Optimism,scale_100,63.0
LTM1002,Veer Dave,Director - Cloud Infrastructure,E2,Technology & Engineering,4.8,Positivity,Situational Self-Awareness,scale_100,57.0
LTM1002,Veer Dave,Director - Cloud Infrastructure,E2,Technology & Engineering,4.8,Positivity,Composure,scale_100,77.0
LTM1002,Veer Dave,Director - Cloud Infrastructure,E2,Technology & Engineering,4.8,Striving,Credibility,scale_100,74.0
LTM1002,Veer Dave,Director - Cloud Infrastructure,E2,Technology & Engineering,4.8,Striving,Confidence,scale_100,67.0
LTM1002,Veer Dave,Director - Cloud Infrastructure,E2,Technology & Engineering,4.8,Striving,Need for Achievement,scale_100,64.0
LTM1002,Veer Dave,Director - Cloud Infrastructure,E2,Technology & Engineering,4.8,Striving,Persistence,scale_100,60.0
LTM1002,Veer Dave,Director - Cloud Infrastructure,E2,Technology & Engineering,4.8,Agreeableness,Affiliation,scale_100,48.0
LTM1002,Veer Dave,Director - Cloud Infrastructure,E2,Technology & Engineering,4.8,Agreeableness,Humility,scale_100,58.0
LTM1002,Veer Dave,Director - Cloud Infrastructure,E2,Technology & Engineering,4.8,Agreeableness,Trust,scale_100,62.0
LTM1002,Veer Dave,Director - Cloud Infrastructure,E2,Technology & Engineering,4.8,Agreeableness,Openness to Differences,scale_100,63.0
LTM1002,Veer Dave,Director - Cloud Infrastructure,E2,Technology & Engineering,4.8,Agility,Focus,scale_100,71.0
LTM1002,Veer Dave,Director - Cloud Infrastructure,E2,Technology & Engineering,4.8,Agility,Curiosity,scale_100,76.0
LTM1002,Veer Dave,Director - Cloud Infrastructure,E2,Technology & Engineering,4.8,Agility,Adaptability,scale_100,60.0
LTM1002,Veer Dave,Director - Cloud Infrastructure,E2,Technology & Engineering,4.8,Agility,Risk Taking,scale_100,60.0
LTM1002,Veer Dave,Director - Cloud Infrastructure,E2,Technology & Engineering,4.8,Agility,Tolerance of Ambiguity,scale_100,81.0
LTM1002,Veer Dave,Director - Cloud Infrastructure,E2,Technology & Engineering,4.8,Presence,Empathy,scale_100,68.0
LTM1002,Veer Dave,Director - Cloud Infrastructure,E2,Technology & Engineering,4.8,Presence,Assertiveness,scale_100,57.0
LTM1002,Veer Dave,Director - Cloud Infrastructure,E2,Technology & Engineering,4.8,Presence,Sociability,scale_100,59.0
LTM1002,Veer Dave,Director - Cloud Infrastructure,E2,Technology & Engineering,4.8,Presence,Influence,scale_100,59.0
LTM1002,Veer Dave,Director - Cloud Infrastructure,E2,Technology & Engineering,4.8,Learning Agility,Mental Agility,scale_10,7.6
LTM1002,Veer Dave,Director - Cloud Infrastructure,E2,Technology & Engineering,4.8,Learning Agility,People Agility,scale_10,8.0
LTM1002,Veer Dave,Director - Cloud Infrastructure,E2,Technology & Engineering,4.8,Learning Agility,Change Agility,scale_10,9.6
LTM1002,Veer Dave,Director - Cloud Infrastructure,E2,Technology & Engineering,4.8,Learning Agility,Results Agility,scale_10,7.8
LTM1002,Veer Dave,Director - Cloud Infrastructure,E2,Technology & Engineering,4.8,Learning Agility,Situational Self-Awareness,scale_10,8.1
LTM1002,Veer Dave,Director - Cloud Infrastructure,E2,Technology & Engineering,4.8,Drivers,Balance,drivers_60,27.0
LTM1002,Veer Dave,Director - Cloud Infrastructure,E2,Technology & Engineering,4.8,Drivers,Collaboration,drivers_60,36.0
LTM1002,Veer Dave,Director - Cloud Infrastructure,E2,Technology & Engineering,4.8,Drivers,Power,drivers_60,48.0
LTM1002,Veer Dave,Director - Cloud Infrastructure,E2,Technology & Engineering,4.8,Drivers,Challenge,drivers_60,42.0
LTM1002,Veer Dave,Director - Cloud Infrastructure,E2,Technology & Engineering,4.8,Drivers,Structure,drivers_60,8.0
LTM1002,Veer Dave,Director - Cloud Infrastructure,E2,Technology & Engineering,4.8,Drivers,Independence,drivers_60,44.0
LTM1002,Veer Dave,Director - Cloud Infrastructure,E2,Technology & Engineering,4.8,Risk Factor,Avoidant,risk_10,4.1
LTM1002,Veer Dave,Director - Cloud Infrastructure,E2,Technology & Engineering,4.8,Risk Factor,Closed,risk_10,1.0
LTM1002,Veer Dave,Director - Cloud Infrastructure,E2,Technology & Engineering,4.8,Risk Factor,Defensive,risk_10,3.7
LTM1002,Veer Dave,Director - Cloud Infrastructure,E2,Technology & Engineering,4.8,Risk Factor,Egotistic,risk_10,1.0
LTM1002,Veer Dave,Director - Cloud Infrastructure,E2,Technology & Engineering,4.8,Risk Factor,Micro Managing,risk_10,3.2
LTM1002,Veer Dave,Director - Cloud Infrastructure,E2,Technology & Engineering,4.8,Risk Factor,Opportunistic,risk_10,2.4
LTM1002,Veer Dave,Director - Cloud Infrastructure,E2,Technology & Engineering,4.8,Risk Factor,Restrained,risk_10,1.0
LTM1002,Veer Dave,Director - Cloud Infrastructure,E2,Technology & Engineering,4.8,Risk Factor,Social Pleaser,risk_10,2.8
LTM1002,Veer Dave,Director - Cloud Infrastructure,E2,Technology & Engineering,4.8,Risk Factor,Solitary,risk_10,3.4
LTM1002,Veer Dave,Director - Cloud Infrastructure,E2,Technology & Engineering,4.8,Risk Factor,Suspicious,risk_10,2.7
LTM1002,Veer Dave,Director - Cloud Infrastructure,E2,Technology & Engineering,4.8,Risk Factor,Volatile,risk_10,2.9
LTM1023,Anya Rege,Chief Information Security Officer,E2,Information Security,4.5,Strategic Thinking,Strategic Vision,ordinal_4,2.0
LTM1023,Anya Rege,Chief Information Security Officer,E2,Information Security,4.5,Strategic Thinking,Business Acumen,ordinal_4,2.0
LTM1023,Anya Rege,Chief Information Security Officer,E2,Information Security,4.5,Strategic Thinking,Market and External Awareness,ordinal_4,3.0
LTM1023,Anya Rege,Chief Information Security Officer,E2,Information Security,4.5,Operational Excellence,Drive for Results,ordinal_4,4.0
LTM1023,Anya Rege,Chief Information Security Officer,E2,Information Security,4.5,Operational Excellence,Process Optimization,ordinal_4,3.0
LTM1023,Anya Rege,Chief Information Security Officer,E2,Information Security,4.5,Operational Excellence,Quality Focus,ordinal_4,2.0
LTM1023,Anya Rege,Chief Information Security Officer,E2,Information Security,4.5,Decision Effectiveness,Analytical Thinking,ordinal_4,2.0
LTM1023,Anya Rege,Chief Information Security Officer,E2,Information Security,4.5,Decision Effectiveness,Sound Judgment,ordinal_4,2.0
LTM1023,Anya Rege,Chief Information Security Officer,E2,Information Security,4.5,Decision Effectiveness,Decisiveness Under Uncertainty,ordinal_4,2.0
LTM1023,Anya Rege,Chief Information Security Officer,E2,Information Security,4.5,People Leadership,Develops Talent,ordinal_4,2.0
LTM1023,Anya Rege,Chief Information Security Officer,E2,Information Security,4.5,People Leadership,Builds Effective Teams,ordinal_4,3.0
LTM1023,Anya Rege,Chief Information Security Officer,E2,Information Security,4.5,People Leadership,Coaching Others,ordinal_4,2.0
LTM1023,Anya Rege,Chief Information Security Officer,E2,Information Security,4.5,Leading Change,Change Sponsorship,ordinal_4,3.0
LTM1023,Anya Rege,Chief Information Security Officer,E2,Information Security,4.5,Leading Change,Adaptability,ordinal_4,3.0
LTM1023,Anya Rege,Chief Information Security Officer,E2,Information Security,4.5,Leading Change,Resilience,ordinal_4,2.0
LTM1023,Anya Rege,Chief Information Security Officer,E2,Information Security,4.5,Stakeholder Engagement,Builds Trust,ordinal_4,2.0
LTM1023,Anya Rege,Chief Information Security Officer,E2,Information Security,4.5,Stakeholder Engagement,Customer Focus,ordinal_4,2.0
LTM1023,Anya Rege,Chief Information Security Officer,E2,Information Security,4.5,Stakeholder Engagement,Influences Others,ordinal_4,2.0
LTM1023,Anya Rege,Chief Information Security Officer,E2,Information Security,4.5,Positivity,Optimism,scale_100,52.0
LTM1023,Anya Rege,Chief Information Security Officer,E2,Information Security,4.5,Positivity,Situational Self-Awareness,scale_100,54.0
LTM1023,Anya Rege,Chief Information Security Officer,E2,Information Security,4.5,Positivity,Composure,scale_100,56.0
LTM1023,Anya Rege,Chief Information Security Officer,E2,Information Security,4.5,Striving,Credibility,scale_100,55.0
LTM1023,Anya Rege,Chief Information Security Officer,E2,Information Security,4.5,Striving,Confidence,scale_100,50.0
LTM1023,Anya Rege,Chief Information Security Officer,E2,Information Security,4.5,Striving,Need for Achievement,scale_100,55.0
LTM1023,Anya Rege,Chief Information Security Officer,E2,Information Security,4.5,Striving,Persistence,scale_100,62.0
LTM1023,Anya Rege,Chief Information Security Officer,E2,Information Security,4.5,Agreeableness,Affiliation,scale_100,51.0
LTM1023,Anya Rege,Chief Information Security Officer,E2,Information Security,4.5,Agreeableness,Humility,scale_100,55.0
LTM1023,Anya Rege,Chief Information Security Officer,E2,Information Security,4.5,Agreeableness,Trust,scale_100,50.0
LTM1023,Anya Rege,Chief Information Security Officer,E2,Information Security,4.5,Agreeableness,Openness to Differences,scale_100,46.0
LTM1023,Anya Rege,Chief Information Security Officer,E2,Information Security,4.5,Agility,Focus,scale_100,63.0
LTM1023,Anya Rege,Chief Information Security Officer,E2,Information Security,4.5,Agility,Curiosity,scale_100,53.0
LTM1023,Anya Rege,Chief Information Security Officer,E2,Information Security,4.5,Agility,Adaptability,scale_100,62.0
LTM1023,Anya Rege,Chief Information Security Officer,E2,Information Security,4.5,Agility,Risk Taking,scale_100,59.0
LTM1023,Anya Rege,Chief Information Security Officer,E2,Information Security,4.5,Agility,Tolerance of Ambiguity,scale_100,55.0
LTM1023,Anya Rege,Chief Information Security Officer,E2,Information Security,4.5,Presence,Empathy,scale_100,49.0
LTM1023,Anya Rege,Chief Information Security Officer,E2,Information Security,4.5,Presence,Assertiveness,scale_100,47.0
LTM1023,Anya Rege,Chief Information Security Officer,E2,Information Security,4.5,Presence,Sociability,scale_100,36.0
LTM1023,Anya Rege,Chief Information Security Officer,E2,Information Security,4.5,Presence,Influence,scale_100,56.0
LTM1023,Anya Rege,Chief Information Security Officer,E2,Information Security,4.5,Learning Agility,Mental Agility,scale_10,6.1
LTM1023,Anya Rege,Chief Information Security Officer,E2,Information Security,4.5,Learning Agility,People Agility,scale_10,6.6
LTM1023,Anya Rege,Chief Information Security Officer,E2,Information Security,4.5,Learning Agility,Change Agility,scale_10,5.4
LTM1023,Anya Rege,Chief Information Security Officer,E2,Information Security,4.5,Learning Agility,Results Agility,scale_10,7.4
LTM1023,Anya Rege,Chief Information Security Officer,E2,Information Security,4.5,Learning Agility,Situational Self-Awareness,scale_10,5.6
LTM1023,Anya Rege,Chief Information Security Officer,E2,Information Security,4.5,Drivers,Balance,drivers_60,25.0
LTM1023,Anya Rege,Chief Information Security Officer,E2,Information Security,4.5,Drivers,Collaboration,drivers_60,25.0
LTM1023,Anya Rege,Chief Information Security Officer,E2,Information Security,4.5,Drivers,Power,drivers_60,19.0
LTM1023,Anya Rege,Chief Information Security Officer,E2,Information Security,4.5,Drivers,Challenge,drivers_60,42.0
LTM1023,Anya Rege,Chief Information Security Officer,E2,Information Security,4.5,Drivers,Structure,drivers_60,41.0
LTM1023,Anya Rege,Chief Information Security Officer,E2,Information Security,4.5,Drivers,Independence,drivers_60,36.0
LTM1023,Anya Rege,Chief Information Security Officer,E2,Information Security,4.5,Risk Factor,Avoidant,risk_10,2.9
LTM1023,Anya Rege,Chief Information Security Officer,E2,Information Security,4.5,Risk Factor,Closed,risk_10,5.3
LTM1023,Anya Rege,Chief Information Security Officer,E2,Information Security,4.5,Risk Factor,Defensive,risk_10,3.4
LTM1023,Anya Rege,Chief Information Security Officer,E2,Information Security,4.5,Risk Factor,Egotistic,risk_10,3.4
LTM1023,Anya Rege,Chief Information Security Officer,E2,Information Security,4.5,Risk Factor,Micro Managing,risk_10,5.0
LTM1023,Anya Rege,Chief Information Security Officer,E2,Information Security,4.5,Risk Factor,Opportunistic,risk_10,4.3
LTM1023,Anya Rege,Chief Information Security Officer,E2,Information Security,4.5,Risk Factor,Restrained,risk_10,5.7
LTM1023,Anya Rege,Chief Information Security Officer,E2,Information Security,4.5,Risk Factor,Social Pleaser,risk_10,3.9
LTM1023,Anya Rege,Chief Information Security Officer,E2,Information Security,4.5,Risk Factor,Solitary,risk_10,3.3
LTM1023,Anya Rege,Chief Information Security Officer,E2,Information Security,4.5,Risk Factor,Suspicious,risk_10,3.1
LTM1023,Anya Rege,Chief Information Security Officer,E2,Information Security,4.5,Risk Factor,Volatile,risk_10,2.0
LTM1079,Anahita Seshadri,Senior Director - AI & Data,E2,Technology & Engineering,5.0,Strategic Thinking,Strategic Vision,ordinal_4,4.0
LTM1079,Anahita Seshadri,Senior Director - AI & Data,E2,Technology & Engineering,5.0,Strategic Thinking,Business Acumen,ordinal_4,4.0
LTM1079,Anahita Seshadri,Senior Director - AI & Data,E2,Technology & Engineering,5.0,Strategic Thinking,Market and External Awareness,ordinal_4,4.0
LTM1079,Anahita Seshadri,Senior Director - AI & Data,E2,Technology & Engineering,5.0,Operational Excellence,Drive for Results,ordinal_4,4.0
LTM1079,Anahita Seshadri,Senior Director - AI & Data,E2,Technology & Engineering,5.0,Operational Excellence,Process Optimization,ordinal_4,4.0
LTM1079,Anahita Seshadri,Senior Director - AI & Data,E2,Technology & Engineering,5.0,Operational Excellence,Quality Focus,ordinal_4,4.0
LTM1079,Anahita Seshadri,Senior Director - AI & Data,E2,Technology & Engineering,5.0,Decision Effectiveness,Analytical Thinking,ordinal_4,4.0
LTM1079,Anahita Seshadri,Senior Director - AI & Data,E2,Technology & Engineering,5.0,Decision Effectiveness,Sound Judgment,ordinal_4,4.0
LTM1079,Anahita Seshadri,Senior Director - AI & Data,E2,Technology & Engineering,5.0,Decision Effectiveness,Decisiveness Under Uncertainty,ordinal_4,4.0
LTM1079,Anahita Seshadri,Senior Director - AI & Data,E2,Technology & Engineering,5.0,People Leadership,Develops Talent,ordinal_4,3.0
LTM1079,Anahita Seshadri,Senior Director - AI & Data,E2,Technology & Engineering,5.0,People Leadership,Builds Effective Teams,ordinal_4,4.0
LTM1079,Anahita Seshadri,Senior Director - AI & Data,E2,Technology & Engineering,5.0,People Leadership,Coaching Others,ordinal_4,3.0
LTM1079,Anahita Seshadri,Senior Director - AI & Data,E2,Technology & Engineering,5.0,Leading Change,Change Sponsorship,ordinal_4,4.0
LTM1079,Anahita Seshadri,Senior Director - AI & Data,E2,Technology & Engineering,5.0,Leading Change,Adaptability,ordinal_4,4.0
LTM1079,Anahita Seshadri,Senior Director - AI & Data,E2,Technology & Engineering,5.0,Leading Change,Resilience,ordinal_4,3.0
LTM1079,Anahita Seshadri,Senior Director - AI & Data,E2,Technology & Engineering,5.0,Stakeholder Engagement,Builds Trust,ordinal_4,4.0
LTM1079,Anahita Seshadri,Senior Director - AI & Data,E2,Technology & Engineering,5.0,Stakeholder Engagement,Customer Focus,ordinal_4,4.0
LTM1079,Anahita Seshadri,Senior Director - AI & Data,E2,Technology & Engineering,5.0,Stakeholder Engagement,Influences Others,ordinal_4,4.0
LTM1079,Anahita Seshadri,Senior Director - AI & Data,E2,Technology & Engineering,5.0,Positivity,Optimism,scale_100,76.0
LTM1079,Anahita Seshadri,Senior Director - AI & Data,E2,Technology & Engineering,5.0,Positivity,Situational Self-Awareness,scale_100,71.0
LTM1079,Anahita Seshadri,Senior Director - AI & Data,E2,Technology & Engineering,5.0,Positivity,Composure,scale_100,68.0
LTM1079,Anahita Seshadri,Senior Director - AI & Data,E2,Technology & Engineering,5.0,Striving,Credibility,scale_100,74.0
LTM1079,Anahita Seshadri,Senior Director - AI & Data,E2,Technology & Engineering,5.0,Striving,Confidence,scale_100,66.0
LTM1079,Anahita Seshadri,Senior Director - AI & Data,E2,Technology & Engineering,5.0,Striving,Need for Achievement,scale_100,98.0
LTM1079,Anahita Seshadri,Senior Director - AI & Data,E2,Technology & Engineering,5.0,Striving,Persistence,scale_100,68.0
LTM1079,Anahita Seshadri,Senior Director - AI & Data,E2,Technology & Engineering,5.0,Agreeableness,Affiliation,scale_100,68.0
LTM1079,Anahita Seshadri,Senior Director - AI & Data,E2,Technology & Engineering,5.0,Agreeableness,Humility,scale_100,49.0
LTM1079,Anahita Seshadri,Senior Director - AI & Data,E2,Technology & Engineering,5.0,Agreeableness,Trust,scale_100,61.0
LTM1079,Anahita Seshadri,Senior Director - AI & Data,E2,Technology & Engineering,5.0,Agreeableness,Openness to Differences,scale_100,77.0
LTM1079,Anahita Seshadri,Senior Director - AI & Data,E2,Technology & Engineering,5.0,Agility,Focus,scale_100,59.0
LTM1079,Anahita Seshadri,Senior Director - AI & Data,E2,Technology & Engineering,5.0,Agility,Curiosity,scale_100,50.0
LTM1079,Anahita Seshadri,Senior Director - AI & Data,E2,Technology & Engineering,5.0,Agility,Adaptability,scale_100,72.0
LTM1079,Anahita Seshadri,Senior Director - AI & Data,E2,Technology & Engineering,5.0,Agility,Risk Taking,scale_100,86.0
LTM1079,Anahita Seshadri,Senior Director - AI & Data,E2,Technology & Engineering,5.0,Agility,Tolerance of Ambiguity,scale_100,72.0
LTM1079,Anahita Seshadri,Senior Director - AI & Data,E2,Technology & Engineering,5.0,Presence,Empathy,scale_100,63.0
LTM1079,Anahita Seshadri,Senior Director - AI & Data,E2,Technology & Engineering,5.0,Presence,Assertiveness,scale_100,47.0
LTM1079,Anahita Seshadri,Senior Director - AI & Data,E2,Technology & Engineering,5.0,Presence,Sociability,scale_100,71.0
LTM1079,Anahita Seshadri,Senior Director - AI & Data,E2,Technology & Engineering,5.0,Presence,Influence,scale_100,73.0
LTM1079,Anahita Seshadri,Senior Director - AI & Data,E2,Technology & Engineering,5.0,Learning Agility,Mental Agility,scale_10,6.9
LTM1079,Anahita Seshadri,Senior Director - AI & Data,E2,Technology & Engineering,5.0,Learning Agility,People Agility,scale_10,9.3
LTM1079,Anahita Seshadri,Senior Director - AI & Data,E2,Technology & Engineering,5.0,Learning Agility,Change Agility,scale_10,9.0
LTM1079,Anahita Seshadri,Senior Director - AI & Data,E2,Technology & Engineering,5.0,Learning Agility,Results Agility,scale_10,9.3
LTM1079,Anahita Seshadri,Senior Director - AI & Data,E2,Technology & Engineering,5.0,Learning Agility,Situational Self-Awareness,scale_10,8.8
LTM1079,Anahita Seshadri,Senior Director - AI & Data,E2,Technology & Engineering,5.0,Drivers,Balance,drivers_60,49.0
LTM1079,Anahita Seshadri,Senior Director - AI & Data,E2,Technology & Engineering,5.0,Drivers,Collaboration,drivers_60,48.0
LTM1079,Anahita Seshadri,Senior Director - AI & Data,E2,Technology & Engineering,5.0,Drivers,Power,drivers_60,50.0
LTM1079,Anahita Seshadri,Senior Director - AI & Data,E2,Technology & Engineering,5.0,Drivers,Challenge,drivers_60,31.0
LTM1079,Anahita Seshadri,Senior Director - AI & Data,E2,Technology & Engineering,5.0,Drivers,Structure,drivers_60,33.0
LTM1079,Anahita Seshadri,Senior Director - AI & Data,E2,Technology & Engineering,5.0,Drivers,Independence,drivers_60,39.0
LTM1079,Anahita Seshadri,Senior Director - AI & Data,E2,Technology & Engineering,5.0,Risk Factor,Avoidant,risk_10,1.4
LTM1079,Anahita Seshadri,Senior Director - AI & Data,E2,Technology & Engineering,5.0,Risk Factor,Closed,risk_10,1.8
LTM1079,Anahita Seshadri,Senior Director - AI & Data,E2,Technology & Engineering,5.0,Risk Factor,Defensive,risk_10,1.8
LTM1079,Anahita Seshadri,Senior Director - AI & Data,E2,Technology & Engineering,5.0,Risk Factor,Egotistic,risk_10,2.5
LTM1079,Anahita Seshadri,Senior Director - AI & Data,E2,Technology & Engineering,5.0,Risk Factor,Micro Managing,risk_10,2.5
LTM1079,Anahita Seshadri,Senior Director - AI & Data,E2,Technology & Engineering,5.0,Risk Factor,Opportunistic,risk_10,1.0
LTM1079,Anahita Seshadri,Senior Director - AI & Data,E2,Technology & Engineering,5.0,Risk Factor,Restrained,risk_10,1.7
LTM1079,Anahita Seshadri,Senior Director - AI & Data,E2,Technology & Engineering,5.0,Risk Factor,Social Pleaser,risk_10,1.0
LTM1079,Anahita Seshadri,Senior Director - AI & Data,E2,Technology & Engineering,5.0,Risk Factor,Solitary,risk_10,1.3
LTM1079,Anahita Seshadri,Senior Director - AI & Data,E2,Technology & Engineering,5.0,Risk Factor,Suspicious,risk_10,1.8
LTM1079,Anahita Seshadri,Senior Director - AI & Data,E2,Technology & Engineering,5.0,Risk Factor,Volatile,risk_10,1.0
LTM1096,Aayush Goswami,Director - Cloud Infrastructure,E2,Technology & Engineering,4.5,Strategic Thinking,Strategic Vision,ordinal_4,3.0
LTM1096,Aayush Goswami,Director - Cloud Infrastructure,E2,Technology & Engineering,4.5,Strategic Thinking,Business Acumen,ordinal_4,3.0
LTM1096,Aayush Goswami,Director - Cloud Infrastructure,E2,Technology & Engineering,4.5,Strategic Thinking,Market and External Awareness,ordinal_4,2.0
LTM1096,Aayush Goswami,Director - Cloud Infrastructure,E2,Technology & Engineering,4.5,Operational Excellence,Drive for Results,ordinal_4,4.0
LTM1096,Aayush Goswami,Director - Cloud Infrastructure,E2,Technology & Engineering,4.5,Operational Excellence,Process Optimization,ordinal_4,3.0
LTM1096,Aayush Goswami,Director - Cloud Infrastructure,E2,Technology & Engineering,4.5,Operational Excellence,Quality Focus,ordinal_4,3.0
LTM1096,Aayush Goswami,Director - Cloud Infrastructure,E2,Technology & Engineering,4.5,Decision Effectiveness,Analytical Thinking,ordinal_4,2.0
LTM1096,Aayush Goswami,Director - Cloud Infrastructure,E2,Technology & Engineering,4.5,Decision Effectiveness,Sound Judgment,ordinal_4,3.0
LTM1096,Aayush Goswami,Director - Cloud Infrastructure,E2,Technology & Engineering,4.5,Decision Effectiveness,Decisiveness Under Uncertainty,ordinal_4,2.0
LTM1096,Aayush Goswami,Director - Cloud Infrastructure,E2,Technology & Engineering,4.5,People Leadership,Develops Talent,ordinal_4,2.0
LTM1096,Aayush Goswami,Director - Cloud Infrastructure,E2,Technology & Engineering,4.5,People Leadership,Builds Effective Teams,ordinal_4,3.0
LTM1096,Aayush Goswami,Director - Cloud Infrastructure,E2,Technology & Engineering,4.5,People Leadership,Coaching Others,ordinal_4,3.0
LTM1096,Aayush Goswami,Director - Cloud Infrastructure,E2,Technology & Engineering,4.5,Leading Change,Change Sponsorship,ordinal_4,2.0
LTM1096,Aayush Goswami,Director - Cloud Infrastructure,E2,Technology & Engineering,4.5,Leading Change,Adaptability,ordinal_4,3.0
LTM1096,Aayush Goswami,Director - Cloud Infrastructure,E2,Technology & Engineering,4.5,Leading Change,Resilience,ordinal_4,3.0
LTM1096,Aayush Goswami,Director - Cloud Infrastructure,E2,Technology & Engineering,4.5,Stakeholder Engagement,Builds Trust,ordinal_4,3.0
LTM1096,Aayush Goswami,Director - Cloud Infrastructure,E2,Technology & Engineering,4.5,Stakeholder Engagement,Customer Focus,ordinal_4,2.0
LTM1096,Aayush Goswami,Director - Cloud Infrastructure,E2,Technology & Engineering,4.5,Stakeholder Engagement,Influences Others,ordinal_4,3.0
LTM1096,Aayush Goswami,Director - Cloud Infrastructure,E2,Technology & Engineering,4.5,Positivity,Optimism,scale_100,65.0
LTM1096,Aayush Goswami,Director - Cloud Infrastructure,E2,Technology & Engineering,4.5,Positivity,Situational Self-Awareness,scale_100,46.0
LTM1096,Aayush Goswami,Director - Cloud Infrastructure,E2,Technology & Engineering,4.5,Positivity,Composure,scale_100,49.0
LTM1096,Aayush Goswami,Director - Cloud Infrastructure,E2,Technology & Engineering,4.5,Striving,Credibility,scale_100,37.0
LTM1096,Aayush Goswami,Director - Cloud Infrastructure,E2,Technology & Engineering,4.5,Striving,Confidence,scale_100,40.0
LTM1096,Aayush Goswami,Director - Cloud Infrastructure,E2,Technology & Engineering,4.5,Striving,Need for Achievement,scale_100,47.0
LTM1096,Aayush Goswami,Director - Cloud Infrastructure,E2,Technology & Engineering,4.5,Striving,Persistence,scale_100,52.0
LTM1096,Aayush Goswami,Director - Cloud Infrastructure,E2,Technology & Engineering,4.5,Agreeableness,Affiliation,scale_100,70.0
LTM1096,Aayush Goswami,Director - Cloud Infrastructure,E2,Technology & Engineering,4.5,Agreeableness,Humility,scale_100,58.0
LTM1096,Aayush Goswami,Director - Cloud Infrastructure,E2,Technology & Engineering,4.5,Agreeableness,Trust,scale_100,43.0
LTM1096,Aayush Goswami,Director - Cloud Infrastructure,E2,Technology & Engineering,4.5,Agreeableness,Openness to Differences,scale_100,45.0
LTM1096,Aayush Goswami,Director - Cloud Infrastructure,E2,Technology & Engineering,4.5,Agility,Focus,scale_100,72.0
LTM1096,Aayush Goswami,Director - Cloud Infrastructure,E2,Technology & Engineering,4.5,Agility,Curiosity,scale_100,70.0
LTM1096,Aayush Goswami,Director - Cloud Infrastructure,E2,Technology & Engineering,4.5,Agility,Adaptability,scale_100,59.0
LTM1096,Aayush Goswami,Director - Cloud Infrastructure,E2,Technology & Engineering,4.5,Agility,Risk Taking,scale_100,54.0
LTM1096,Aayush Goswami,Director - Cloud Infrastructure,E2,Technology & Engineering,4.5,Agility,Tolerance of Ambiguity,scale_100,69.0
LTM1096,Aayush Goswami,Director - Cloud Infrastructure,E2,Technology & Engineering,4.5,Presence,Empathy,scale_100,42.0
LTM1096,Aayush Goswami,Director - Cloud Infrastructure,E2,Technology & Engineering,4.5,Presence,Assertiveness,scale_100,56.0
LTM1096,Aayush Goswami,Director - Cloud Infrastructure,E2,Technology & Engineering,4.5,Presence,Sociability,scale_100,75.0
LTM1096,Aayush Goswami,Director - Cloud Infrastructure,E2,Technology & Engineering,4.5,Presence,Influence,scale_100,54.0
LTM1096,Aayush Goswami,Director - Cloud Infrastructure,E2,Technology & Engineering,4.5,Learning Agility,Mental Agility,scale_10,5.9
LTM1096,Aayush Goswami,Director - Cloud Infrastructure,E2,Technology & Engineering,4.5,Learning Agility,People Agility,scale_10,6.8
LTM1096,Aayush Goswami,Director - Cloud Infrastructure,E2,Technology & Engineering,4.5,Learning Agility,Change Agility,scale_10,6.1
LTM1096,Aayush Goswami,Director - Cloud Infrastructure,E2,Technology & Engineering,4.5,Learning Agility,Results Agility,scale_10,5.4
LTM1096,Aayush Goswami,Director - Cloud Infrastructure,E2,Technology & Engineering,4.5,Learning Agility,Situational Self-Awareness,scale_10,7.0
LTM1096,Aayush Goswami,Director - Cloud Infrastructure,E2,Technology & Engineering,4.5,Drivers,Balance,drivers_60,39.0
LTM1096,Aayush Goswami,Director - Cloud Infrastructure,E2,Technology & Engineering,4.5,Drivers,Collaboration,drivers_60,29.0
LTM1096,Aayush Goswami,Director - Cloud Infrastructure,E2,Technology & Engineering,4.5,Drivers,Power,drivers_60,29.0
LTM1096,Aayush Goswami,Director - Cloud Infrastructure,E2,Technology & Engineering,4.5,Drivers,Challenge,drivers_60,25.0
LTM1096,Aayush Goswami,Director - Cloud Infrastructure,E2,Technology & Engineering,4.5,Drivers,Structure,drivers_60,30.0
LTM1096,Aayush Goswami,Director - Cloud Infrastructure,E2,Technology & Engineering,4.5,Drivers,Independence,drivers_60,28.0
LTM1096,Aayush Goswami,Director - Cloud Infrastructure,E2,Technology & Engineering,4.5,Risk Factor,Avoidant,risk_10,2.8
LTM1096,Aayush Goswami,Director - Cloud Infrastructure,E2,Technology & Engineering,4.5,Risk Factor,Closed,risk_10,5.4
LTM1096,Aayush Goswami,Director - Cloud Infrastructure,E2,Technology & Engineering,4.5,Risk Factor,Defensive,risk_10,4.1
LTM1096,Aayush Goswami,Director - Cloud Infrastructure,E2,Technology & Engineering,4.5,Risk Factor,Egotistic,risk_10,4.2
LTM1096,Aayush Goswami,Director - Cloud Infrastructure,E2,Technology & Engineering,4.5,Risk Factor,Micro Managing,risk_10,4.5
LTM1096,Aayush Goswami,Director - Cloud Infrastructure,E2,Technology & Engineering,4.5,Risk Factor,Opportunistic,risk_10,4.4
LTM1096,Aayush Goswami,Director - Cloud Infrastructure,E2,Technology & Engineering,4.5,Risk Factor,Restrained,risk_10,3.3
LTM1096,Aayush Goswami,Director - Cloud Infrastructure,E2,Technology & Engineering,4.5,Risk Factor,Social Pleaser,risk_10,3.9
LTM1096,Aayush Goswami,Director - Cloud Infrastructure,E2,Technology & Engineering,4.5,Risk Factor,Solitary,risk_10,3.4
LTM1096,Aayush Goswami,Director - Cloud Infrastructure,E2,Technology & Engineering,4.5,Risk Factor,Suspicious,risk_10,4.1
LTM1096,Aayush Goswami,Director - Cloud Infrastructure,E2,Technology & Engineering,4.5,Risk Factor,Volatile,risk_10,4.0
LTM1097,Oorja Verma,Senior Director - AI & Data,E2,Technology & Engineering,4.4,Strategic Thinking,Strategic Vision,ordinal_4,2.0
LTM1097,Oorja Verma,Senior Director - AI & Data,E2,Technology & Engineering,4.4,Strategic Thinking,Business Acumen,ordinal_4,2.0
LTM1097,Oorja Verma,Senior Director - AI & Data,E2,Technology & Engineering,4.4,Strategic Thinking,Market and External Awareness,ordinal_4,2.0
LTM1097,Oorja Verma,Senior Director - AI & Data,E2,Technology & Engineering,4.4,Operational Excellence,Drive for Results,ordinal_4,3.0
LTM1097,Oorja Verma,Senior Director - AI & Data,E2,Technology & Engineering,4.4,Operational Excellence,Process Optimization,ordinal_4,2.0
LTM1097,Oorja Verma,Senior Director - AI & Data,E2,Technology & Engineering,4.4,Operational Excellence,Quality Focus,ordinal_4,3.0
LTM1097,Oorja Verma,Senior Director - AI & Data,E2,Technology & Engineering,4.4,Decision Effectiveness,Analytical Thinking,ordinal_4,3.0
LTM1097,Oorja Verma,Senior Director - AI & Data,E2,Technology & Engineering,4.4,Decision Effectiveness,Sound Judgment,ordinal_4,3.0
LTM1097,Oorja Verma,Senior Director - AI & Data,E2,Technology & Engineering,4.4,Decision Effectiveness,Decisiveness Under Uncertainty,ordinal_4,2.0
LTM1097,Oorja Verma,Senior Director - AI & Data,E2,Technology & Engineering,4.4,People Leadership,Develops Talent,ordinal_4,2.0
LTM1097,Oorja Verma,Senior Director - AI & Data,E2,Technology & Engineering,4.4,People Leadership,Builds Effective Teams,ordinal_4,2.0
LTM1097,Oorja Verma,Senior Director - AI & Data,E2,Technology & Engineering,4.4,People Leadership,Coaching Others,ordinal_4,2.0
LTM1097,Oorja Verma,Senior Director - AI & Data,E2,Technology & Engineering,4.4,Leading Change,Change Sponsorship,ordinal_4,2.0
LTM1097,Oorja Verma,Senior Director - AI & Data,E2,Technology & Engineering,4.4,Leading Change,Adaptability,ordinal_4,2.0
LTM1097,Oorja Verma,Senior Director - AI & Data,E2,Technology & Engineering,4.4,Leading Change,Resilience,ordinal_4,2.0
LTM1097,Oorja Verma,Senior Director - AI & Data,E2,Technology & Engineering,4.4,Stakeholder Engagement,Builds Trust,ordinal_4,2.0
LTM1097,Oorja Verma,Senior Director - AI & Data,E2,Technology & Engineering,4.4,Stakeholder Engagement,Customer Focus,ordinal_4,2.0
LTM1097,Oorja Verma,Senior Director - AI & Data,E2,Technology & Engineering,4.4,Stakeholder Engagement,Influences Others,ordinal_4,2.0
LTM1097,Oorja Verma,Senior Director - AI & Data,E2,Technology & Engineering,4.4,Positivity,Optimism,scale_100,49.0
LTM1097,Oorja Verma,Senior Director - AI & Data,E2,Technology & Engineering,4.4,Positivity,Situational Self-Awareness,scale_100,35.0
LTM1097,Oorja Verma,Senior Director - AI & Data,E2,Technology & Engineering,4.4,Positivity,Composure,scale_100,44.0
LTM1097,Oorja Verma,Senior Director - AI & Data,E2,Technology & Engineering,4.4,Striving,Credibility,scale_100,47.0
LTM1097,Oorja Verma,Senior Director - AI & Data,E2,Technology & Engineering,4.4,Striving,Confidence,scale_100,49.0
LTM1097,Oorja Verma,Senior Director - AI & Data,E2,Technology & Engineering,4.4,Striving,Need for Achievement,scale_100,54.0
LTM1097,Oorja Verma,Senior Director - AI & Data,E2,Technology & Engineering,4.4,Striving,Persistence,scale_100,64.0
LTM1097,Oorja Verma,Senior Director - AI & Data,E2,Technology & Engineering,4.4,Agreeableness,Affiliation,scale_100,57.0
LTM1097,Oorja Verma,Senior Director - AI & Data,E2,Technology & Engineering,4.4,Agreeableness,Humility,scale_100,59.0
LTM1097,Oorja Verma,Senior Director - AI & Data,E2,Technology & Engineering,4.4,Agreeableness,Trust,scale_100,64.0
LTM1097,Oorja Verma,Senior Director - AI & Data,E2,Technology & Engineering,4.4,Agreeableness,Openness to Differences,scale_100,55.0
LTM1097,Oorja Verma,Senior Director - AI & Data,E2,Technology & Engineering,4.4,Agility,Focus,scale_100,55.0
LTM1097,Oorja Verma,Senior Director - AI & Data,E2,Technology & Engineering,4.4,Agility,Curiosity,scale_100,66.0
LTM1097,Oorja Verma,Senior Director - AI & Data,E2,Technology & Engineering,4.4,Agility,Adaptability,scale_100,66.0
LTM1097,Oorja Verma,Senior Director - AI & Data,E2,Technology & Engineering,4.4,Agility,Risk Taking,scale_100,62.0
LTM1097,Oorja Verma,Senior Director - AI & Data,E2,Technology & Engineering,4.4,Agility,Tolerance of Ambiguity,scale_100,41.0
LTM1097,Oorja Verma,Senior Director - AI & Data,E2,Technology & Engineering,4.4,Presence,Empathy,scale_100,41.0
LTM1097,Oorja Verma,Senior Director - AI & Data,E2,Technology & Engineering,4.4,Presence,Assertiveness,scale_100,47.0
LTM1097,Oorja Verma,Senior Director - AI & Data,E2,Technology & Engineering,4.4,Presence,Sociability,scale_100,57.0
LTM1097,Oorja Verma,Senior Director - AI & Data,E2,Technology & Engineering,4.4,Presence,Influence,scale_100,49.0
LTM1097,Oorja Verma,Senior Director - AI & Data,E2,Technology & Engineering,4.4,Learning Agility,Mental Agility,scale_10,7.0
LTM1097,Oorja Verma,Senior Director - AI & Data,E2,Technology & Engineering,4.4,Learning Agility,People Agility,scale_10,7.2
LTM1097,Oorja Verma,Senior Director - AI & Data,E2,Technology & Engineering,4.4,Learning Agility,Change Agility,scale_10,7.1
LTM1097,Oorja Verma,Senior Director - AI & Data,E2,Technology & Engineering,4.4,Learning Agility,Results Agility,scale_10,7.1
LTM1097,Oorja Verma,Senior Director - AI & Data,E2,Technology & Engineering,4.4,Learning Agility,Situational Self-Awareness,scale_10,5.3
LTM1097,Oorja Verma,Senior Director - AI & Data,E2,Technology & Engineering,4.4,Drivers,Balance,drivers_60,32.0
LTM1097,Oorja Verma,Senior Director - AI & Data,E2,Technology & Engineering,4.4,Drivers,Collaboration,drivers_60,25.0
LTM1097,Oorja Verma,Senior Director - AI & Data,E2,Technology & Engineering,4.4,Drivers,Power,drivers_60,17.0
LTM1097,Oorja Verma,Senior Director - AI & Data,E2,Technology & Engineering,4.4,Drivers,Challenge,drivers_60,27.0
LTM1097,Oorja Verma,Senior Director - AI & Data,E2,Technology & Engineering,4.4,Drivers,Structure,drivers_60,38.0
LTM1097,Oorja Verma,Senior Director - AI & Data,E2,Technology & Engineering,4.4,Drivers,Independence,drivers_60,32.0
LTM1097,Oorja Verma,Senior Director - AI & Data,E2,Technology & Engineering,4.4,Risk Factor,Avoidant,risk_10,5.9
LTM1097,Oorja Verma,Senior Director - AI & Data,E2,Technology & Engineering,4.4,Risk Factor,Closed,risk_10,4.3
LTM1097,Oorja Verma,Senior Director - AI & Data,E2,Technology & Engineering,4.4,Risk Factor,Defensive,risk_10,6.3
LTM1097,Oorja Verma,Senior Director - AI & Data,E2,Technology & Engineering,4.4,Risk Factor,Egotistic,risk_10,4.3
LTM1097,Oorja Verma,Senior Director - AI & Data,E2,Technology & Engineering,4.4,Risk Factor,Micro Managing,risk_10,4.1
LTM1097,Oorja Verma,Senior Director - AI & Data,E2,Technology & Engineering,4.4,Risk Factor,Opportunistic,risk_10,3.0
LTM1097,Oorja Verma,Senior Director - AI & Data,E2,Technology & Engineering,4.4,Risk Factor,Restrained,risk_10,5.1
LTM1097,Oorja Verma,Senior Director - AI & Data,E2,Technology & Engineering,4.4,Risk Factor,Social Pleaser,risk_10,3.7
LTM1097,Oorja Verma,Senior Director - AI & Data,E2,Technology & Engineering,4.4,Risk Factor,Solitary,risk_10,3.5
LTM1097,Oorja Verma,Senior Director - AI & Data,E2,Technology & Engineering,4.4,Risk Factor,Suspicious,risk_10,5.3
LTM1097,Oorja Verma,Senior Director - AI & Data,E2,Technology & Engineering,4.4,Risk Factor,Volatile,risk_10,5.2
LTM1055,Sana Sodhi,Chief Information Security Officer,E2,Information Security,5.0,Strategic Thinking,Strategic Vision,ordinal_4,4.0
LTM1055,Sana Sodhi,Chief Information Security Officer,E2,Information Security,5.0,Strategic Thinking,Business Acumen,ordinal_4,4.0
LTM1055,Sana Sodhi,Chief Information Security Officer,E2,Information Security,5.0,Strategic Thinking,Market and External Awareness,ordinal_4,4.0
LTM1055,Sana Sodhi,Chief Information Security Officer,E2,Information Security,5.0,Operational Excellence,Drive for Results,ordinal_4,4.0
LTM1055,Sana Sodhi,Chief Information Security Officer,E2,Information Security,5.0,Operational Excellence,Process Optimization,ordinal_4,4.0
LTM1055,Sana Sodhi,Chief Information Security Officer,E2,Information Security,5.0,Operational Excellence,Quality Focus,ordinal_4,4.0
LTM1055,Sana Sodhi,Chief Information Security Officer,E2,Information Security,5.0,Decision Effectiveness,Analytical Thinking,ordinal_4,4.0
LTM1055,Sana Sodhi,Chief Information Security Officer,E2,Information Security,5.0,Decision Effectiveness,Sound Judgment,ordinal_4,4.0
LTM1055,Sana Sodhi,Chief Information Security Officer,E2,Information Security,5.0,Decision Effectiveness,Decisiveness Under Uncertainty,ordinal_4,4.0
LTM1055,Sana Sodhi,Chief Information Security Officer,E2,Information Security,5.0,People Leadership,Develops Talent,ordinal_4,4.0
LTM1055,Sana Sodhi,Chief Information Security Officer,E2,Information Security,5.0,People Leadership,Builds Effective Teams,ordinal_4,4.0
LTM1055,Sana Sodhi,Chief Information Security Officer,E2,Information Security,5.0,People Leadership,Coaching Others,ordinal_4,4.0
LTM1055,Sana Sodhi,Chief Information Security Officer,E2,Information Security,5.0,Leading Change,Change Sponsorship,ordinal_4,4.0
LTM1055,Sana Sodhi,Chief Information Security Officer,E2,Information Security,5.0,Leading Change,Adaptability,ordinal_4,4.0
LTM1055,Sana Sodhi,Chief Information Security Officer,E2,Information Security,5.0,Leading Change,Resilience,ordinal_4,4.0
LTM1055,Sana Sodhi,Chief Information Security Officer,E2,Information Security,5.0,Stakeholder Engagement,Builds Trust,ordinal_4,4.0
LTM1055,Sana Sodhi,Chief Information Security Officer,E2,Information Security,5.0,Stakeholder Engagement,Customer Focus,ordinal_4,4.0
LTM1055,Sana Sodhi,Chief Information Security Officer,E2,Information Security,5.0,Stakeholder Engagement,Influences Others,ordinal_4,4.0
LTM1055,Sana Sodhi,Chief Information Security Officer,E2,Information Security,5.0,Positivity,Optimism,scale_100,70.0
LTM1055,Sana Sodhi,Chief Information Security Officer,E2,Information Security,5.0,Positivity,Situational Self-Awareness,scale_100,71.0
LTM1055,Sana Sodhi,Chief Information Security Officer,E2,Information Security,5.0,Positivity,Composure,scale_100,67.0
LTM1055,Sana Sodhi,Chief Information Security Officer,E2,Information Security,5.0,Striving,Credibility,scale_100,63.0
LTM1055,Sana Sodhi,Chief Information Security Officer,E2,Information Security,5.0,Striving,Confidence,scale_100,64.0
LTM1055,Sana Sodhi,Chief Information Security Officer,E2,Information Security,5.0,Striving,Need for Achievement,scale_100,67.0
LTM1055,Sana Sodhi,Chief Information Security Officer,E2,Information Security,5.0,Striving,Persistence,scale_100,83.0
LTM1055,Sana Sodhi,Chief Information Security Officer,E2,Information Security,5.0,Agreeableness,Affiliation,scale_100,64.0
LTM1055,Sana Sodhi,Chief Information Security Officer,E2,Information Security,5.0,Agreeableness,Humility,scale_100,67.0
LTM1055,Sana Sodhi,Chief Information Security Officer,E2,Information Security,5.0,Agreeableness,Trust,scale_100,57.0
LTM1055,Sana Sodhi,Chief Information Security Officer,E2,Information Security,5.0,Agreeableness,Openness to Differences,scale_100,73.0
LTM1055,Sana Sodhi,Chief Information Security Officer,E2,Information Security,5.0,Agility,Focus,scale_100,86.0
LTM1055,Sana Sodhi,Chief Information Security Officer,E2,Information Security,5.0,Agility,Curiosity,scale_100,88.0
LTM1055,Sana Sodhi,Chief Information Security Officer,E2,Information Security,5.0,Agility,Adaptability,scale_100,74.0
LTM1055,Sana Sodhi,Chief Information Security Officer,E2,Information Security,5.0,Agility,Risk Taking,scale_100,78.0
LTM1055,Sana Sodhi,Chief Information Security Officer,E2,Information Security,5.0,Agility,Tolerance of Ambiguity,scale_100,70.0
LTM1055,Sana Sodhi,Chief Information Security Officer,E2,Information Security,5.0,Presence,Empathy,scale_100,71.0
LTM1055,Sana Sodhi,Chief Information Security Officer,E2,Information Security,5.0,Presence,Assertiveness,scale_100,69.0
LTM1055,Sana Sodhi,Chief Information Security Officer,E2,Information Security,5.0,Presence,Sociability,scale_100,67.0
LTM1055,Sana Sodhi,Chief Information Security Officer,E2,Information Security,5.0,Presence,Influence,scale_100,67.0
LTM1055,Sana Sodhi,Chief Information Security Officer,E2,Information Security,5.0,Learning Agility,Mental Agility,scale_10,8.1
LTM1055,Sana Sodhi,Chief Information Security Officer,E2,Information Security,5.0,Learning Agility,People Agility,scale_10,7.5
LTM1055,Sana Sodhi,Chief Information Security Officer,E2,Information Security,5.0,Learning Agility,Change Agility,scale_10,7.6
LTM1055,Sana Sodhi,Chief Information Security Officer,E2,Information Security,5.0,Learning Agility,Results Agility,scale_10,9.1
LTM1055,Sana Sodhi,Chief Information Security Officer,E2,Information Security,5.0,Learning Agility,Situational Self-Awareness,scale_10,9.9
LTM1055,Sana Sodhi,Chief Information Security Officer,E2,Information Security,5.0,Drivers,Balance,drivers_60,36.0
LTM1055,Sana Sodhi,Chief Information Security Officer,E2,Information Security,5.0,Drivers,Collaboration,drivers_60,35.0
LTM1055,Sana Sodhi,Chief Information Security Officer,E2,Information Security,5.0,Drivers,Power,drivers_60,37.0
LTM1055,Sana Sodhi,Chief Information Security Officer,E2,Information Security,5.0,Drivers,Challenge,drivers_60,43.0
LTM1055,Sana Sodhi,Chief Information Security Officer,E2,Information Security,5.0,Drivers,Structure,drivers_60,50.0
LTM1055,Sana Sodhi,Chief Information Security Officer,E2,Information Security,5.0,Drivers,Independence,drivers_60,48.0
LTM1055,Sana Sodhi,Chief Information Security Officer,E2,Information Security,5.0,Risk Factor,Avoidant,risk_10,1.7
LTM1055,Sana Sodhi,Chief Information Security Officer,E2,Information Security,5.0,Risk Factor,Closed,risk_10,2.0
LTM1055,Sana Sodhi,Chief Information Security Officer,E2,Information Security,5.0,Risk Factor,Defensive,risk_10,1.0
LTM1055,Sana Sodhi,Chief Information Security Officer,E2,Information Security,5.0,Risk Factor,Egotistic,risk_10,1.3
LTM1055,Sana Sodhi,Chief Information Security Officer,E2,Information Security,5.0,Risk Factor,Micro Managing,risk_10,1.5
LTM1055,Sana Sodhi,Chief Information Security Officer,E2,Information Security,5.0,Risk Factor,Opportunistic,risk_10,1.0
LTM1055,Sana Sodhi,Chief Information Security Officer,E2,Information Security,5.0,Risk Factor,Restrained,risk_10,1.0
LTM1055,Sana Sodhi,Chief Information Security Officer,E2,Information Security,5.0,Risk Factor,Social Pleaser,risk_10,1.0
LTM1055,Sana Sodhi,Chief Information Security Officer,E2,Information Security,5.0,Risk Factor,Solitary,risk_10,2.2
LTM1055,Sana Sodhi,Chief Information Security Officer,E2,Information Security,5.0,Risk Factor,Suspicious,risk_10,1.7
LTM1055,Sana Sodhi,Chief Information Security Officer,E2,Information Security,5.0,Risk Factor,Volatile,risk_10,2.0
LTM1052,Chirag Walia,AVP - Human Resources,E1,Human Resources,4.7,Strategic Thinking,Strategic Vision,ordinal_4,2.0
LTM1052,Chirag Walia,AVP - Human Resources,E1,Human Resources,4.7,Strategic Thinking,Business Acumen,ordinal_4,2.0
LTM1052,Chirag Walia,AVP - Human Resources,E1,Human Resources,4.7,Strategic Thinking,Market and External Awareness,ordinal_4,3.0
LTM1052,Chirag Walia,AVP - Human Resources,E1,Human Resources,4.7,Operational Excellence,Drive for Results,ordinal_4,2.0
LTM1052,Chirag Walia,AVP - Human Resources,E1,Human Resources,4.7,Operational Excellence,Process Optimization,ordinal_4,3.0
LTM1052,Chirag Walia,AVP - Human Resources,E1,Human Resources,4.7,Operational Excellence,Quality Focus,ordinal_4,2.0
LTM1052,Chirag Walia,AVP - Human Resources,E1,Human Resources,4.7,Decision Effectiveness,Analytical Thinking,ordinal_4,3.0
LTM1052,Chirag Walia,AVP - Human Resources,E1,Human Resources,4.7,Decision Effectiveness,Sound Judgment,ordinal_4,2.0
LTM1052,Chirag Walia,AVP - Human Resources,E1,Human Resources,4.7,Decision Effectiveness,Decisiveness Under Uncertainty,ordinal_4,3.0
LTM1052,Chirag Walia,AVP - Human Resources,E1,Human Resources,4.7,People Leadership,Develops Talent,ordinal_4,4.0
LTM1052,Chirag Walia,AVP - Human Resources,E1,Human Resources,4.7,People Leadership,Builds Effective Teams,ordinal_4,3.0
LTM1052,Chirag Walia,AVP - Human Resources,E1,Human Resources,4.7,People Leadership,Coaching Others,ordinal_4,4.0
LTM1052,Chirag Walia,AVP - Human Resources,E1,Human Resources,4.7,Leading Change,Change Sponsorship,ordinal_4,2.0
LTM1052,Chirag Walia,AVP - Human Resources,E1,Human Resources,4.7,Leading Change,Adaptability,ordinal_4,3.0
LTM1052,Chirag Walia,AVP - Human Resources,E1,Human Resources,4.7,Leading Change,Resilience,ordinal_4,3.0
LTM1052,Chirag Walia,AVP - Human Resources,E1,Human Resources,4.7,Stakeholder Engagement,Builds Trust,ordinal_4,3.0
LTM1052,Chirag Walia,AVP - Human Resources,E1,Human Resources,4.7,Stakeholder Engagement,Customer Focus,ordinal_4,2.0
LTM1052,Chirag Walia,AVP - Human Resources,E1,Human Resources,4.7,Stakeholder Engagement,Influences Others,ordinal_4,3.0
LTM1052,Chirag Walia,AVP - Human Resources,E1,Human Resources,4.7,Positivity,Optimism,scale_100,48.0
LTM1052,Chirag Walia,AVP - Human Resources,E1,Human Resources,4.7,Positivity,Situational Self-Awareness,scale_100,74.0
LTM1052,Chirag Walia,AVP - Human Resources,E1,Human Resources,4.7,Positivity,Composure,scale_100,58.0
LTM1052,Chirag Walia,AVP - Human Resources,E1,Human Resources,4.7,Striving,Credibility,scale_100,42.0
LTM1052,Chirag Walia,AVP - Human Resources,E1,Human Resources,4.7,Striving,Confidence,scale_100,72.0
LTM1052,Chirag Walia,AVP - Human Resources,E1,Human Resources,4.7,Striving,Need for Achievement,scale_100,55.0
LTM1052,Chirag Walia,AVP - Human Resources,E1,Human Resources,4.7,Striving,Persistence,scale_100,75.0
LTM1052,Chirag Walia,AVP - Human Resources,E1,Human Resources,4.7,Agreeableness,Affiliation,scale_100,74.0
LTM1052,Chirag Walia,AVP - Human Resources,E1,Human Resources,4.7,Agreeableness,Humility,scale_100,54.0
LTM1052,Chirag Walia,AVP - Human Resources,E1,Human Resources,4.7,Agreeableness,Trust,scale_100,61.0
LTM1052,Chirag Walia,AVP - Human Resources,E1,Human Resources,4.7,Agreeableness,Openness to Differences,scale_100,63.0
LTM1052,Chirag Walia,AVP - Human Resources,E1,Human Resources,4.7,Agility,Focus,scale_100,71.0
LTM1052,Chirag Walia,AVP - Human Resources,E1,Human Resources,4.7,Agility,Curiosity,scale_100,60.0
LTM1052,Chirag Walia,AVP - Human Resources,E1,Human Resources,4.7,Agility,Adaptability,scale_100,58.0
LTM1052,Chirag Walia,AVP - Human Resources,E1,Human Resources,4.7,Agility,Risk Taking,scale_100,54.0
LTM1052,Chirag Walia,AVP - Human Resources,E1,Human Resources,4.7,Agility,Tolerance of Ambiguity,scale_100,56.0
LTM1052,Chirag Walia,AVP - Human Resources,E1,Human Resources,4.7,Presence,Empathy,scale_100,69.0
LTM1052,Chirag Walia,AVP - Human Resources,E1,Human Resources,4.7,Presence,Assertiveness,scale_100,56.0
LTM1052,Chirag Walia,AVP - Human Resources,E1,Human Resources,4.7,Presence,Sociability,scale_100,52.0
LTM1052,Chirag Walia,AVP - Human Resources,E1,Human Resources,4.7,Presence,Influence,scale_100,50.0
LTM1052,Chirag Walia,AVP - Human Resources,E1,Human Resources,4.7,Learning Agility,Mental Agility,scale_10,5.9
LTM1052,Chirag Walia,AVP - Human Resources,E1,Human Resources,4.7,Learning Agility,People Agility,scale_10,5.3
LTM1052,Chirag Walia,AVP - Human Resources,E1,Human Resources,4.7,Learning Agility,Change Agility,scale_10,5.8
LTM1052,Chirag Walia,AVP - Human Resources,E1,Human Resources,4.7,Learning Agility,Results Agility,scale_10,7.6
LTM1052,Chirag Walia,AVP - Human Resources,E1,Human Resources,4.7,Learning Agility,Situational Self-Awareness,scale_10,6.2
LTM1052,Chirag Walia,AVP - Human Resources,E1,Human Resources,4.7,Drivers,Balance,drivers_60,40.0
LTM1052,Chirag Walia,AVP - Human Resources,E1,Human Resources,4.7,Drivers,Collaboration,drivers_60,18.0
LTM1052,Chirag Walia,AVP - Human Resources,E1,Human Resources,4.7,Drivers,Power,drivers_60,39.0
LTM1052,Chirag Walia,AVP - Human Resources,E1,Human Resources,4.7,Drivers,Challenge,drivers_60,34.0
LTM1052,Chirag Walia,AVP - Human Resources,E1,Human Resources,4.7,Drivers,Structure,drivers_60,32.0
LTM1052,Chirag Walia,AVP - Human Resources,E1,Human Resources,4.7,Drivers,Independence,drivers_60,36.0
LTM1052,Chirag Walia,AVP - Human Resources,E1,Human Resources,4.7,Risk Factor,Avoidant,risk_10,2.5
LTM1052,Chirag Walia,AVP - Human Resources,E1,Human Resources,4.7,Risk Factor,Closed,risk_10,1.1
LTM1052,Chirag Walia,AVP - Human Resources,E1,Human Resources,4.7,Risk Factor,Defensive,risk_10,3.8
LTM1052,Chirag Walia,AVP - Human Resources,E1,Human Resources,4.7,Risk Factor,Egotistic,risk_10,3.2
LTM1052,Chirag Walia,AVP - Human Resources,E1,Human Resources,4.7,Risk Factor,Micro Managing,risk_10,2.7
LTM1052,Chirag Walia,AVP - Human Resources,E1,Human Resources,4.7,Risk Factor,Opportunistic,risk_10,2.1
LTM1052,Chirag Walia,AVP - Human Resources,E1,Human Resources,4.7,Risk Factor,Restrained,risk_10,1.7
LTM1052,Chirag Walia,AVP - Human Resources,E1,Human Resources,4.7,Risk Factor,Social Pleaser,risk_10,3.2
LTM1052,Chirag Walia,AVP - Human Resources,E1,Human Resources,4.7,Risk Factor,Solitary,risk_10,4.4
LTM1052,Chirag Walia,AVP - Human Resources,E1,Human Resources,4.7,Risk Factor,Suspicious,risk_10,3.2
LTM1052,Chirag Walia,AVP - Human Resources,E1,Human Resources,4.7,Risk Factor,Volatile,risk_10,1.7
