EE Number,Employee Full Name,Current Job Title,KF viaEdge Dimension,Raw Score (1-5),Rounded Score (1-5),viaEdge Rating Band,KF viaEdge Learning Agility Composite (1-5),KF viaEdge Learning Agility Percentile,viaEdge Percentile Band,Behavioural Descriptor
LTM744287,Amaira Maharaj,CEO,Mental Agility,5.0,5,Expert,5.0,100.0,>= 90th Percentile,Expert-level Mental Agility; demonstrates exceptional Inquisitiveness - asks penetrating 'why' and 'what if' questions that reframe problems; functions as a true Broad Scanner with interests spanning multiple unrelated disciplines; masterful Complexity handling; acts as a Connector drawing powerful analogies across domains; effective Improver/Critic who challenges assumptions constructively.
LTM744287,Amaira Maharaj,CEO,People Agility,5.0,5,Expert,5.0,100.0,>= 90th Percentile,Expert People Agility; genuinely Open-Minded - actively seeks perspectives radically unlike their own; exceptional People Smart capability - reads unspoken group dynamics with accuracy; masterful Politically Savvy navigation of complex organisational dynamics; outstanding Communicator who tailors message and medium to every audience; demonstrates exceptional Role Flexibility.
LTM744287,Amaira Maharaj,CEO,Change Agility,5.0,5,Expert,5.0,100.0,>= 90th Percentile,Expert Change Agility; prototype Experimenter mindset - proactively tests new approaches and learns rapidly from pilots; highly Comfortable with Ambiguity; compelling Visionary who articulates and energises others around a future state; exceptional Stalwart - sustains effectiveness through prolonged transformation; skilled Innovation Manager who helps others navigate change.
LTM744287,Amaira Maharaj,CEO,Results Agility,5.0,5,Expert,5.0,100.0,>= 90th Percentile,Expert Results Agility; demonstrates exceptional Drive - sets highest standards and holds self and others rigorously accountable; commands immediate respect - strong executive Presence; outstanding Resourcefulness in finding paths forward with limited resources; consistently Inspires Others to exceed expectations in first-time situations; maintains exceptional Composure under the most intense pressure.
LTM744287,Amaira Maharaj,CEO,Self-Awareness,4.98,5,Expert,5.0,100.0,>= 90th Percentile,"Expert Self-Awareness; exceptionally Feedback-Oriented - proactively solicits critical feedback from all levels and acts on it rapidly; deep Reflective practice - consistently pauses to extract lessons before reacting; precise Self-Knowledge - highly accurate understanding of own strengths, derailers, and impact; maintains a disciplined Personal Development plan; outstanding Emotional Regulation in high-stakes moments."
LTM586857,Isaac Dewan,CFO,Mental Agility,5.0,5,Expert,4.96,99.0,>= 90th Percentile,Expert-level Mental Agility; demonstrates exceptional Inquisitiveness - asks penetrating 'why' and 'what if' questions that reframe problems; functions as a true Broad Scanner with interests spanning multiple unrelated disciplines; masterful Complexity handling; acts as a Connector drawing powerful analogies across domains; effective Improver/Critic who challenges assumptions constructively.
LTM586857,Isaac Dewan,CFO,People Agility,5.0,5,Expert,4.96,99.0,>= 90th Percentile,Expert People Agility; genuinely Open-Minded - actively seeks perspectives radically unlike their own; exceptional People Smart capability - reads unspoken group dynamics with accuracy; masterful Politically Savvy navigation of complex organisational dynamics; outstanding Communicator who tailors message and medium to every audience; demonstrates exceptional Role Flexibility.
LTM586857,Isaac Dewan,CFO,Change Agility,5.0,5,Expert,4.96,99.0,>= 90th Percentile,Expert Change Agility; prototype Experimenter mindset - proactively tests new approaches and learns rapidly from pilots; highly Comfortable with Ambiguity; compelling Visionary who articulates and energises others around a future state; exceptional Stalwart - sustains effectiveness through prolonged transformation; skilled Innovation Manager who helps others navigate change.
LTM586857,Isaac Dewan,CFO,Results Agility,5.0,5,Expert,4.96,99.0,>= 90th Percentile,Expert Results Agility; demonstrates exceptional Drive - sets highest standards and holds self and others rigorously accountable; commands immediate respect - strong executive Presence; outstanding Resourcefulness in finding paths forward with limited resources; consistently Inspires Others to exceed expectations in first-time situations; maintains exceptional Composure under the most intense pressure.
LTM586857,Isaac Dewan,CFO,Self-Awareness,4.8,5,Expert,4.96,99.0,>= 90th Percentile,"Expert Self-Awareness; exceptionally Feedback-Oriented - proactively solicits critical feedback from all levels and acts on it rapidly; deep Reflective practice - consistently pauses to extract lessons before reacting; precise Self-Knowledge - highly accurate understanding of own strengths, derailers, and impact; maintains a disciplined Personal Development plan; outstanding Emotional Regulation in high-stakes moments."
LTM606524,Caleb Sami,CHRO,Mental Agility,4.54,5,Expert,4.75,94.0,>= 90th Percentile,Expert-level Mental Agility; demonstrates exceptional Inquisitiveness - asks penetrating 'why' and 'what if' questions that reframe problems; functions as a true Broad Scanner with interests spanning multiple unrelated disciplines; masterful Complexity handling; acts as a Connector drawing powerful analogies across domains; effective Improver/Critic who challenges assumptions constructively.
LTM606524,Caleb Sami,CHRO,People Agility,4.52,5,Expert,4.75,94.0,>= 90th Percentile,Expert People Agility; genuinely Open-Minded - actively seeks perspectives radically unlike their own; exceptional People Smart capability - reads unspoken group dynamics with accuracy; masterful Politically Savvy navigation of complex organisational dynamics; outstanding Communicator who tailors message and medium to every audience; demonstrates exceptional Role Flexibility.
LTM606524,Caleb Sami,CHRO,Change Agility,5.0,5,Expert,4.75,94.0,>= 90th Percentile,Expert Change Agility; prototype Experimenter mindset - proactively tests new approaches and learns rapidly from pilots; highly Comfortable with Ambiguity; compelling Visionary who articulates and energises others around a future state; exceptional Stalwart - sustains effectiveness through prolonged transformation; skilled Innovation Manager who helps others navigate change.
LTM606524,Caleb Sami,CHRO,Results Agility,4.7,5,Expert,4.75,94.0,>= 90th Percentile,Expert Results Agility; demonstrates exceptional Drive - sets highest standards and holds self and others rigorously accountable; commands immediate respect - strong executive Presence; outstanding Resourcefulness in finding paths forward with limited resources; consistently Inspires Others to exceed expectations in first-time situations; maintains exceptional Composure under the most intense pressure.
LTM606524,Caleb Sami,CHRO,Self-Awareness,5.0,5,Expert,4.75,94.0,>= 90th Percentile,"Expert Self-Awareness; exceptionally Feedback-Oriented - proactively solicits critical feedback from all levels and acts on it rapidly; deep Reflective practice - consistently pauses to extract lessons before reacting; precise Self-Knowledge - highly accurate understanding of own strengths, derailers, and impact; maintains a disciplined Personal Development plan; outstanding Emotional Regulation in high-stakes moments."
LTM639422,Alexander Chander,CGO,Mental Agility,5.0,5,Expert,4.92,98.0,>= 90th Percentile,Expert-level Mental Agility; demonstrates exceptional Inquisitiveness - asks penetrating 'why' and 'what if' questions that reframe problems; functions as a true Broad Scanner with interests spanning multiple unrelated disciplines; masterful Complexity handling; acts as a Connector drawing powerful analogies across domains; effective Improver/Critic who challenges assumptions constructively.
LTM639422,Alexander Chander,CGO,People Agility,4.61,5,Expert,4.92,98.0,>= 90th Percentile,Expert People Agility; genuinely Open-Minded - actively seeks perspectives radically unlike their own; exceptional People Smart capability - reads unspoken group dynamics with accuracy; masterful Politically Savvy navigation of complex organisational dynamics; outstanding Communicator who tailors message and medium to every audience; demonstrates exceptional Role Flexibility.
LTM639422,Alexander Chander,CGO,Change Agility,5.0,5,Expert,4.92,98.0,>= 90th Percentile,Expert Change Agility; prototype Experimenter mindset - proactively tests new approaches and learns rapidly from pilots; highly Comfortable with Ambiguity; compelling Visionary who articulates and energises others around a future state; exceptional Stalwart - sustains effectiveness through prolonged transformation; skilled Innovation Manager who helps others navigate change.
LTM639422,Alexander Chander,CGO,Results Agility,5.0,5,Expert,4.92,98.0,>= 90th Percentile,Expert Results Agility; demonstrates exceptional Drive - sets highest standards and holds self and others rigorously accountable; commands immediate respect - strong executive Presence; outstanding Resourcefulness in finding paths forward with limited resources; consistently Inspires Others to exceed expectations in first-time situations; maintains exceptional Composure under the most intense pressure.
LTM639422,Alexander Chander,CGO,Self-Awareness,5.0,5,Expert,4.92,98.0,>= 90th Percentile,"Expert Self-Awareness; exceptionally Feedback-Oriented - proactively solicits critical feedback from all levels and acts on it rapidly; deep Reflective practice - consistently pauses to extract lessons before reacting; precise Self-Knowledge - highly accurate understanding of own strengths, derailers, and impact; maintains a disciplined Personal Development plan; outstanding Emotional Regulation in high-stakes moments."
LTM039598,Kamala Tiwari,CBO-AI Solutions and Services,Mental Agility,4.6,5,Expert,4.72,93.0,>= 90th Percentile,Expert-level Mental Agility; demonstrates exceptional Inquisitiveness - asks penetrating 'why' and 'what if' questions that reframe problems; functions as a true Broad Scanner with interests spanning multiple unrelated disciplines; masterful Complexity handling; acts as a Connector drawing powerful analogies across domains; effective Improver/Critic who challenges assumptions constructively.
LTM039598,Kamala Tiwari,CBO-AI Solutions and Services,People Agility,5.0,5,Expert,4.72,93.0,>= 90th Percentile,Expert People Agility; genuinely Open-Minded - actively seeks perspectives radically unlike their own; exceptional People Smart capability - reads unspoken group dynamics with accuracy; masterful Politically Savvy navigation of complex organisational dynamics; outstanding Communicator who tailors message and medium to every audience; demonstrates exceptional Role Flexibility.
LTM039598,Kamala Tiwari,CBO-AI Solutions and Services,Change Agility,5.0,5,Expert,4.72,93.0,>= 90th Percentile,Expert Change Agility; prototype Experimenter mindset - proactively tests new approaches and learns rapidly from pilots; highly Comfortable with Ambiguity; compelling Visionary who articulates and energises others around a future state; exceptional Stalwart - sustains effectiveness through prolonged transformation; skilled Innovation Manager who helps others navigate change.
LTM039598,Kamala Tiwari,CBO-AI Solutions and Services,Results Agility,5.0,5,Expert,4.72,93.0,>= 90th Percentile,Expert Results Agility; demonstrates exceptional Drive - sets highest standards and holds self and others rigorously accountable; commands immediate respect - strong executive Presence; outstanding Resourcefulness in finding paths forward with limited resources; consistently Inspires Others to exceed expectations in first-time situations; maintains exceptional Composure under the most intense pressure.
LTM039598,Kamala Tiwari,CBO-AI Solutions and Services,Self-Awareness,4.02,4,Advanced,4.72,93.0,>= 90th Percentile,Advanced Self-Awareness; actively seeks and acts on feedback; demonstrates strong Reflective behaviour; generally accurate Self-Knowledge with minor blind spots; follows a consistent Personal Development plan; manages emotional responses well in most high-pressure situations.
LTM975168,Hardik Saini,Vice President (CISO),Mental Agility,5.0,5,Expert,4.81,95.0,>= 90th Percentile,Expert-level Mental Agility; demonstrates exceptional Inquisitiveness - asks penetrating 'why' and 'what if' questions that reframe problems; functions as a true Broad Scanner with interests spanning multiple unrelated disciplines; masterful Complexity handling; acts as a Connector drawing powerful analogies across domains; effective Improver/Critic who challenges assumptions constructively.
LTM975168,Hardik Saini,Vice President (CISO),People Agility,5.0,5,Expert,4.81,95.0,>= 90th Percentile,Expert People Agility; genuinely Open-Minded - actively seeks perspectives radically unlike their own; exceptional People Smart capability - reads unspoken group dynamics with accuracy; masterful Politically Savvy navigation of complex organisational dynamics; outstanding Communicator who tailors message and medium to every audience; demonstrates exceptional Role Flexibility.
LTM975168,Hardik Saini,Vice President (CISO),Change Agility,5.0,5,Expert,4.81,95.0,>= 90th Percentile,Expert Change Agility; prototype Experimenter mindset - proactively tests new approaches and learns rapidly from pilots; highly Comfortable with Ambiguity; compelling Visionary who articulates and energises others around a future state; exceptional Stalwart - sustains effectiveness through prolonged transformation; skilled Innovation Manager who helps others navigate change.
LTM975168,Hardik Saini,Vice President (CISO),Results Agility,4.62,5,Expert,4.81,95.0,>= 90th Percentile,Expert Results Agility; demonstrates exceptional Drive - sets highest standards and holds self and others rigorously accountable; commands immediate respect - strong executive Presence; outstanding Resourcefulness in finding paths forward with limited resources; consistently Inspires Others to exceed expectations in first-time situations; maintains exceptional Composure under the most intense pressure.
LTM975168,Hardik Saini,Vice President (CISO),Self-Awareness,4.44,4,Advanced,4.81,95.0,>= 90th Percentile,Advanced Self-Awareness; actively seeks and acts on feedback; demonstrates strong Reflective behaviour; generally accurate Self-Knowledge with minor blind spots; follows a consistent Personal Development plan; manages emotional responses well in most high-pressure situations.
LTM077145,Udarsh Mall,Executive Vice President,Mental Agility,4.28,4,Advanced,4.45,86.0,75th-89th Percentile,Advanced Mental Agility; strong Inquisitiveness and Broad Scanning behaviour; handles complexity well; makes useful connections across disciplines; challenges existing approaches constructively; solid critical and creative problem-solving capability.
LTM077145,Udarsh Mall,Executive Vice President,People Agility,5.0,5,Expert,4.45,86.0,75th-89th Percentile,Expert People Agility; genuinely Open-Minded - actively seeks perspectives radically unlike their own; exceptional People Smart capability - reads unspoken group dynamics with accuracy; masterful Politically Savvy navigation of complex organisational dynamics; outstanding Communicator who tailors message and medium to every audience; demonstrates exceptional Role Flexibility.
LTM077145,Udarsh Mall,Executive Vice President,Change Agility,5.0,5,Expert,4.45,86.0,75th-89th Percentile,Expert Change Agility; prototype Experimenter mindset - proactively tests new approaches and learns rapidly from pilots; highly Comfortable with Ambiguity; compelling Visionary who articulates and energises others around a future state; exceptional Stalwart - sustains effectiveness through prolonged transformation; skilled Innovation Manager who helps others navigate change.
LTM077145,Udarsh Mall,Executive Vice President,Results Agility,4.46,4,Advanced,4.45,86.0,75th-89th Percentile,Advanced Results Agility; strong Drive with high self-accountability; solid executive Presence that builds confidence; demonstrates good Resourcefulness; effectively Inspires Others to high performance; maintains Composure well in most high-pressure situations.
LTM077145,Udarsh Mall,Executive Vice President,Self-Awareness,3.52,4,Advanced,4.45,86.0,75th-89th Percentile,Advanced Self-Awareness; actively seeks and acts on feedback; demonstrates strong Reflective behaviour; generally accurate Self-Knowledge with minor blind spots; follows a consistent Personal Development plan; manages emotional responses well in most high-pressure situations.
LTM206298,Fariq Sami,Senior Vice President,Mental Agility,5.0,5,Expert,4.97,99.0,>= 90th Percentile,Expert-level Mental Agility; demonstrates exceptional Inquisitiveness - asks penetrating 'why' and 'what if' questions that reframe problems; functions as a true Broad Scanner with interests spanning multiple unrelated disciplines; masterful Complexity handling; acts as a Connector drawing powerful analogies across domains; effective Improver/Critic who challenges assumptions constructively.
LTM206298,Fariq Sami,Senior Vice President,People Agility,5.0,5,Expert,4.97,99.0,>= 90th Percentile,Expert People Agility; genuinely Open-Minded - actively seeks perspectives radically unlike their own; exceptional People Smart capability - reads unspoken group dynamics with accuracy; masterful Politically Savvy navigation of complex organisational dynamics; outstanding Communicator who tailors message and medium to every audience; demonstrates exceptional Role Flexibility.
LTM206298,Fariq Sami,Senior Vice President,Change Agility,5.0,5,Expert,4.97,99.0,>= 90th Percentile,Expert Change Agility; prototype Experimenter mindset - proactively tests new approaches and learns rapidly from pilots; highly Comfortable with Ambiguity; compelling Visionary who articulates and energises others around a future state; exceptional Stalwart - sustains effectiveness through prolonged transformation; skilled Innovation Manager who helps others navigate change.
LTM206298,Fariq Sami,Senior Vice President,Results Agility,4.83,5,Expert,4.97,99.0,>= 90th Percentile,Expert Results Agility; demonstrates exceptional Drive - sets highest standards and holds self and others rigorously accountable; commands immediate respect - strong executive Presence; outstanding Resourcefulness in finding paths forward with limited resources; consistently Inspires Others to exceed expectations in first-time situations; maintains exceptional Composure under the most intense pressure.
LTM206298,Fariq Sami,Senior Vice President,Self-Awareness,5.0,5,Expert,4.97,99.0,>= 90th Percentile,"Expert Self-Awareness; exceptionally Feedback-Oriented - proactively solicits critical feedback from all levels and acts on it rapidly; deep Reflective practice - consistently pauses to extract lessons before reacting; precise Self-Knowledge - highly accurate understanding of own strengths, derailers, and impact; maintains a disciplined Personal Development plan; outstanding Emotional Regulation in high-stakes moments."
LTM806607,Liam Dugal,Advisor,Mental Agility,5.0,5,Expert,4.66,92.0,>= 90th Percentile,Expert-level Mental Agility; demonstrates exceptional Inquisitiveness - asks penetrating 'why' and 'what if' questions that reframe problems; functions as a true Broad Scanner with interests spanning multiple unrelated disciplines; masterful Complexity handling; acts as a Connector drawing powerful analogies across domains; effective Improver/Critic who challenges assumptions constructively.
LTM806607,Liam Dugal,Advisor,People Agility,4.3,4,Advanced,4.66,92.0,>= 90th Percentile,Advanced People Agility; strong Open-Minded orientation; good People Smart - accurately reads most interpersonal dynamics; navigates organisational politics ethically and effectively; tailors communication well; shows good Role Flexibility across different team contexts.
LTM806607,Liam Dugal,Advisor,Change Agility,5.0,5,Expert,4.66,92.0,>= 90th Percentile,Expert Change Agility; prototype Experimenter mindset - proactively tests new approaches and learns rapidly from pilots; highly Comfortable with Ambiguity; compelling Visionary who articulates and energises others around a future state; exceptional Stalwart - sustains effectiveness through prolonged transformation; skilled Innovation Manager who helps others navigate change.
LTM806607,Liam Dugal,Advisor,Results Agility,5.0,5,Expert,4.66,92.0,>= 90th Percentile,Expert Results Agility; demonstrates exceptional Drive - sets highest standards and holds self and others rigorously accountable; commands immediate respect - strong executive Presence; outstanding Resourcefulness in finding paths forward with limited resources; consistently Inspires Others to exceed expectations in first-time situations; maintains exceptional Composure under the most intense pressure.
LTM806607,Liam Dugal,Advisor,Self-Awareness,4.02,4,Advanced,4.66,92.0,>= 90th Percentile,Advanced Self-Awareness; actively seeks and acts on feedback; demonstrates strong Reflective behaviour; generally accurate Self-Knowledge with minor blind spots; follows a consistent Personal Development plan; manages emotional responses well in most high-pressure situations.
LTM072448,Pahal Chaudry,Senior Director - Corporate Strategy,Mental Agility,5.0,5,Expert,4.79,95.0,>= 90th Percentile,Expert-level Mental Agility; demonstrates exceptional Inquisitiveness - asks penetrating 'why' and 'what if' questions that reframe problems; functions as a true Broad Scanner with interests spanning multiple unrelated disciplines; masterful Complexity handling; acts as a Connector drawing powerful analogies across domains; effective Improver/Critic who challenges assumptions constructively.
LTM072448,Pahal Chaudry,Senior Director - Corporate Strategy,People Agility,4.76,5,Expert,4.79,95.0,>= 90th Percentile,Expert People Agility; genuinely Open-Minded - actively seeks perspectives radically unlike their own; exceptional People Smart capability - reads unspoken group dynamics with accuracy; masterful Politically Savvy navigation of complex organisational dynamics; outstanding Communicator who tailors message and medium to every audience; demonstrates exceptional Role Flexibility.
LTM072448,Pahal Chaudry,Senior Director - Corporate Strategy,Change Agility,5.0,5,Expert,4.79,95.0,>= 90th Percentile,Expert Change Agility; prototype Experimenter mindset - proactively tests new approaches and learns rapidly from pilots; highly Comfortable with Ambiguity; compelling Visionary who articulates and energises others around a future state; exceptional Stalwart - sustains effectiveness through prolonged transformation; skilled Innovation Manager who helps others navigate change.
LTM072448,Pahal Chaudry,Senior Director - Corporate Strategy,Results Agility,4.2,4,Advanced,4.79,95.0,>= 90th Percentile,Advanced Results Agility; strong Drive with high self-accountability; solid executive Presence that builds confidence; demonstrates good Resourcefulness; effectively Inspires Others to high performance; maintains Composure well in most high-pressure situations.
LTM072448,Pahal Chaudry,Senior Director - Corporate Strategy,Self-Awareness,5.0,5,Expert,4.79,95.0,>= 90th Percentile,"Expert Self-Awareness; exceptionally Feedback-Oriented - proactively solicits critical feedback from all levels and acts on it rapidly; deep Reflective practice - consistently pauses to extract lessons before reacting; precise Self-Knowledge - highly accurate understanding of own strengths, derailers, and impact; maintains a disciplined Personal Development plan; outstanding Emotional Regulation in high-stakes moments."
LTM070304,Sachi Chatterjee,Senior Director - HRBP,Mental Agility,5.0,5,Expert,4.65,91.0,>= 90th Percentile,Expert-level Mental Agility; demonstrates exceptional Inquisitiveness - asks penetrating 'why' and 'what if' questions that reframe problems; functions as a true Broad Scanner with interests spanning multiple unrelated disciplines; masterful Complexity handling; acts as a Connector drawing powerful analogies across domains; effective Improver/Critic who challenges assumptions constructively.
LTM070304,Sachi Chatterjee,Senior Director - HRBP,People Agility,4.57,5,Expert,4.65,91.0,>= 90th Percentile,Expert People Agility; genuinely Open-Minded - actively seeks perspectives radically unlike their own; exceptional People Smart capability - reads unspoken group dynamics with accuracy; masterful Politically Savvy navigation of complex organisational dynamics; outstanding Communicator who tailors message and medium to every audience; demonstrates exceptional Role Flexibility.
LTM070304,Sachi Chatterjee,Senior Director - HRBP,Change Agility,5.0,5,Expert,4.65,91.0,>= 90th Percentile,Expert Change Agility; prototype Experimenter mindset - proactively tests new approaches and learns rapidly from pilots; highly Comfortable with Ambiguity; compelling Visionary who articulates and energises others around a future state; exceptional Stalwart - sustains effectiveness through prolonged transformation; skilled Innovation Manager who helps others navigate change.
LTM070304,Sachi Chatterjee,Senior Director - HRBP,Results Agility,4.67,5,Expert,4.65,91.0,>= 90th Percentile,Expert Results Agility; demonstrates exceptional Drive - sets highest standards and holds self and others rigorously accountable; commands immediate respect - strong executive Presence; outstanding Resourcefulness in finding paths forward with limited resources; consistently Inspires Others to exceed expectations in first-time situations; maintains exceptional Composure under the most intense pressure.
LTM070304,Sachi Chatterjee,Senior Director - HRBP,Self-Awareness,4.03,4,Advanced,4.65,91.0,>= 90th Percentile,Advanced Self-Awareness; actively seeks and acts on feedback; demonstrates strong Reflective behaviour; generally accurate Self-Knowledge with minor blind spots; follows a consistent Personal Development plan; manages emotional responses well in most high-pressure situations.
LTM532632,Pooja Lalla,Associate Vice President,Mental Agility,5.0,5,Expert,4.75,94.0,>= 90th Percentile,Expert-level Mental Agility; demonstrates exceptional Inquisitiveness - asks penetrating 'why' and 'what if' questions that reframe problems; functions as a true Broad Scanner with interests spanning multiple unrelated disciplines; masterful Complexity handling; acts as a Connector drawing powerful analogies across domains; effective Improver/Critic who challenges assumptions constructively.
LTM532632,Pooja Lalla,Associate Vice President,People Agility,4.3,4,Advanced,4.75,94.0,>= 90th Percentile,Advanced People Agility; strong Open-Minded orientation; good People Smart - accurately reads most interpersonal dynamics; navigates organisational politics ethically and effectively; tailors communication well; shows good Role Flexibility across different team contexts.
LTM532632,Pooja Lalla,Associate Vice President,Change Agility,4.9,5,Expert,4.75,94.0,>= 90th Percentile,Expert Change Agility; prototype Experimenter mindset - proactively tests new approaches and learns rapidly from pilots; highly Comfortable with Ambiguity; compelling Visionary who articulates and energises others around a future state; exceptional Stalwart - sustains effectiveness through prolonged transformation; skilled Innovation Manager who helps others navigate change.
LTM532632,Pooja Lalla,Associate Vice President,Results Agility,5.0,5,Expert,4.75,94.0,>= 90th Percentile,Expert Results Agility; demonstrates exceptional Drive - sets highest standards and holds self and others rigorously accountable; commands immediate respect - strong executive Presence; outstanding Resourcefulness in finding paths forward with limited resources; consistently Inspires Others to exceed expectations in first-time situations; maintains exceptional Composure under the most intense pressure.
LTM532632,Pooja Lalla,Associate Vice President,Self-Awareness,4.55,5,Expert,4.75,94.0,>= 90th Percentile,"Expert Self-Awareness; exceptionally Feedback-Oriented - proactively solicits critical feedback from all levels and acts on it rapidly; deep Reflective practice - consistently pauses to extract lessons before reacting; precise Self-Knowledge - highly accurate understanding of own strengths, derailers, and impact; maintains a disciplined Personal Development plan; outstanding Emotional Regulation in high-stakes moments."
LTM224539,Victor Yadav,Senior Director - Practice Sales,Mental Agility,5.0,5,Expert,4.98,100.0,>= 90th Percentile,Expert-level Mental Agility; demonstrates exceptional Inquisitiveness - asks penetrating 'why' and 'what if' questions that reframe problems; functions as a true Broad Scanner with interests spanning multiple unrelated disciplines; masterful Complexity handling; acts as a Connector drawing powerful analogies across domains; effective Improver/Critic who challenges assumptions constructively.
LTM224539,Victor Yadav,Senior Director - Practice Sales,People Agility,5.0,5,Expert,4.98,100.0,>= 90th Percentile,Expert People Agility; genuinely Open-Minded - actively seeks perspectives radically unlike their own; exceptional People Smart capability - reads unspoken group dynamics with accuracy; masterful Politically Savvy navigation of complex organisational dynamics; outstanding Communicator who tailors message and medium to every audience; demonstrates exceptional Role Flexibility.
LTM224539,Victor Yadav,Senior Director - Practice Sales,Change Agility,5.0,5,Expert,4.98,100.0,>= 90th Percentile,Expert Change Agility; prototype Experimenter mindset - proactively tests new approaches and learns rapidly from pilots; highly Comfortable with Ambiguity; compelling Visionary who articulates and energises others around a future state; exceptional Stalwart - sustains effectiveness through prolonged transformation; skilled Innovation Manager who helps others navigate change.
LTM224539,Victor Yadav,Senior Director - Practice Sales,Results Agility,5.0,5,Expert,4.98,100.0,>= 90th Percentile,Expert Results Agility; demonstrates exceptional Drive - sets highest standards and holds self and others rigorously accountable; commands immediate respect - strong executive Presence; outstanding Resourcefulness in finding paths forward with limited resources; consistently Inspires Others to exceed expectations in first-time situations; maintains exceptional Composure under the most intense pressure.
LTM224539,Victor Yadav,Senior Director - Practice Sales,Self-Awareness,4.89,5,Expert,4.98,100.0,>= 90th Percentile,"Expert Self-Awareness; exceptionally Feedback-Oriented - proactively solicits critical feedback from all levels and acts on it rapidly; deep Reflective practice - consistently pauses to extract lessons before reacting; precise Self-Knowledge - highly accurate understanding of own strengths, derailers, and impact; maintains a disciplined Personal Development plan; outstanding Emotional Regulation in high-stakes moments."
LTM368529,Ranbir Brar,CBO-AI Solutions and Services,Mental Agility,5.0,5,Expert,4.91,98.0,>= 90th Percentile,Expert-level Mental Agility; demonstrates exceptional Inquisitiveness - asks penetrating 'why' and 'what if' questions that reframe problems; functions as a true Broad Scanner with interests spanning multiple unrelated disciplines; masterful Complexity handling; acts as a Connector drawing powerful analogies across domains; effective Improver/Critic who challenges assumptions constructively.
LTM368529,Ranbir Brar,CBO-AI Solutions and Services,People Agility,5.0,5,Expert,4.91,98.0,>= 90th Percentile,Expert People Agility; genuinely Open-Minded - actively seeks perspectives radically unlike their own; exceptional People Smart capability - reads unspoken group dynamics with accuracy; masterful Politically Savvy navigation of complex organisational dynamics; outstanding Communicator who tailors message and medium to every audience; demonstrates exceptional Role Flexibility.
LTM368529,Ranbir Brar,CBO-AI Solutions and Services,Change Agility,5.0,5,Expert,4.91,98.0,>= 90th Percentile,Expert Change Agility; prototype Experimenter mindset - proactively tests new approaches and learns rapidly from pilots; highly Comfortable with Ambiguity; compelling Visionary who articulates and energises others around a future state; exceptional Stalwart - sustains effectiveness through prolonged transformation; skilled Innovation Manager who helps others navigate change.
LTM368529,Ranbir Brar,CBO-AI Solutions and Services,Results Agility,5.0,5,Expert,4.91,98.0,>= 90th Percentile,Expert Results Agility; demonstrates exceptional Drive - sets highest standards and holds self and others rigorously accountable; commands immediate respect - strong executive Presence; outstanding Resourcefulness in finding paths forward with limited resources; consistently Inspires Others to exceed expectations in first-time situations; maintains exceptional Composure under the most intense pressure.
LTM368529,Ranbir Brar,CBO-AI Solutions and Services,Self-Awareness,4.55,5,Expert,4.91,98.0,>= 90th Percentile,"Expert Self-Awareness; exceptionally Feedback-Oriented - proactively solicits critical feedback from all levels and acts on it rapidly; deep Reflective practice - consistently pauses to extract lessons before reacting; precise Self-Knowledge - highly accurate understanding of own strengths, derailers, and impact; maintains a disciplined Personal Development plan; outstanding Emotional Regulation in high-stakes moments."
LTM898807,Aradhana Kari,Senior Executive - Corporate Strategy,Mental Agility,5.0,5,Expert,4.74,94.0,>= 90th Percentile,Expert-level Mental Agility; demonstrates exceptional Inquisitiveness - asks penetrating 'why' and 'what if' questions that reframe problems; functions as a true Broad Scanner with interests spanning multiple unrelated disciplines; masterful Complexity handling; acts as a Connector drawing powerful analogies across domains; effective Improver/Critic who challenges assumptions constructively.
LTM898807,Aradhana Kari,Senior Executive - Corporate Strategy,People Agility,4.76,5,Expert,4.74,94.0,>= 90th Percentile,Expert People Agility; genuinely Open-Minded - actively seeks perspectives radically unlike their own; exceptional People Smart capability - reads unspoken group dynamics with accuracy; masterful Politically Savvy navigation of complex organisational dynamics; outstanding Communicator who tailors message and medium to every audience; demonstrates exceptional Role Flexibility.
LTM898807,Aradhana Kari,Senior Executive - Corporate Strategy,Change Agility,4.52,5,Expert,4.74,94.0,>= 90th Percentile,Expert Change Agility; prototype Experimenter mindset - proactively tests new approaches and learns rapidly from pilots; highly Comfortable with Ambiguity; compelling Visionary who articulates and energises others around a future state; exceptional Stalwart - sustains effectiveness through prolonged transformation; skilled Innovation Manager who helps others navigate change.
LTM898807,Aradhana Kari,Senior Executive - Corporate Strategy,Results Agility,4.84,5,Expert,4.74,94.0,>= 90th Percentile,Expert Results Agility; demonstrates exceptional Drive - sets highest standards and holds self and others rigorously accountable; commands immediate respect - strong executive Presence; outstanding Resourcefulness in finding paths forward with limited resources; consistently Inspires Others to exceed expectations in first-time situations; maintains exceptional Composure under the most intense pressure.
LTM898807,Aradhana Kari,Senior Executive - Corporate Strategy,Self-Awareness,4.6,5,Expert,4.74,94.0,>= 90th Percentile,"Expert Self-Awareness; exceptionally Feedback-Oriented - proactively solicits critical feedback from all levels and acts on it rapidly; deep Reflective practice - consistently pauses to extract lessons before reacting; precise Self-Knowledge - highly accurate understanding of own strengths, derailers, and impact; maintains a disciplined Personal Development plan; outstanding Emotional Regulation in high-stakes moments."
LTM201389,Chaaya Kaul,Specialist - Corporate Strategy,Mental Agility,5.0,5,Expert,4.97,99.0,>= 90th Percentile,Expert-level Mental Agility; demonstrates exceptional Inquisitiveness - asks penetrating 'why' and 'what if' questions that reframe problems; functions as a true Broad Scanner with interests spanning multiple unrelated disciplines; masterful Complexity handling; acts as a Connector drawing powerful analogies across domains; effective Improver/Critic who challenges assumptions constructively.
LTM201389,Chaaya Kaul,Specialist - Corporate Strategy,People Agility,5.0,5,Expert,4.97,99.0,>= 90th Percentile,Expert People Agility; genuinely Open-Minded - actively seeks perspectives radically unlike their own; exceptional People Smart capability - reads unspoken group dynamics with accuracy; masterful Politically Savvy navigation of complex organisational dynamics; outstanding Communicator who tailors message and medium to every audience; demonstrates exceptional Role Flexibility.
LTM201389,Chaaya Kaul,Specialist - Corporate Strategy,Change Agility,5.0,5,Expert,4.97,99.0,>= 90th Percentile,Expert Change Agility; prototype Experimenter mindset - proactively tests new approaches and learns rapidly from pilots; highly Comfortable with Ambiguity; compelling Visionary who articulates and energises others around a future state; exceptional Stalwart - sustains effectiveness through prolonged transformation; skilled Innovation Manager who helps others navigate change.
LTM201389,Chaaya Kaul,Specialist - Corporate Strategy,Results Agility,4.84,5,Expert,4.97,99.0,>= 90th Percentile,Expert Results Agility; demonstrates exceptional Drive - sets highest standards and holds self and others rigorously accountable; commands immediate respect - strong executive Presence; outstanding Resourcefulness in finding paths forward with limited resources; consistently Inspires Others to exceed expectations in first-time situations; maintains exceptional Composure under the most intense pressure.
LTM201389,Chaaya Kaul,Specialist - Corporate Strategy,Self-Awareness,5.0,5,Expert,4.97,99.0,>= 90th Percentile,"Expert Self-Awareness; exceptionally Feedback-Oriented - proactively solicits critical feedback from all levels and acts on it rapidly; deep Reflective practice - consistently pauses to extract lessons before reacting; precise Self-Knowledge - highly accurate understanding of own strengths, derailers, and impact; maintains a disciplined Personal Development plan; outstanding Emotional Regulation in high-stakes moments."
LTM473653,Ranveer Mall,Senior Director - HRBP,Mental Agility,5.0,5,Expert,4.92,98.0,>= 90th Percentile,Expert-level Mental Agility; demonstrates exceptional Inquisitiveness - asks penetrating 'why' and 'what if' questions that reframe problems; functions as a true Broad Scanner with interests spanning multiple unrelated disciplines; masterful Complexity handling; acts as a Connector drawing powerful analogies across domains; effective Improver/Critic who challenges assumptions constructively.
LTM473653,Ranveer Mall,Senior Director - HRBP,People Agility,4.62,5,Expert,4.92,98.0,>= 90th Percentile,Expert People Agility; genuinely Open-Minded - actively seeks perspectives radically unlike their own; exceptional People Smart capability - reads unspoken group dynamics with accuracy; masterful Politically Savvy navigation of complex organisational dynamics; outstanding Communicator who tailors message and medium to every audience; demonstrates exceptional Role Flexibility.
LTM473653,Ranveer Mall,Senior Director - HRBP,Change Agility,5.0,5,Expert,4.92,98.0,>= 90th Percentile,Expert Change Agility; prototype Experimenter mindset - proactively tests new approaches and learns rapidly from pilots; highly Comfortable with Ambiguity; compelling Visionary who articulates and energises others around a future state; exceptional Stalwart - sustains effectiveness through prolonged transformation; skilled Innovation Manager who helps others navigate change.
LTM473653,Ranveer Mall,Senior Director - HRBP,Results Agility,5.0,5,Expert,4.92,98.0,>= 90th Percentile,Expert Results Agility; demonstrates exceptional Drive - sets highest standards and holds self and others rigorously accountable; commands immediate respect - strong executive Presence; outstanding Resourcefulness in finding paths forward with limited resources; consistently Inspires Others to exceed expectations in first-time situations; maintains exceptional Composure under the most intense pressure.
LTM473653,Ranveer Mall,Senior Director - HRBP,Self-Awareness,5.0,5,Expert,4.92,98.0,>= 90th Percentile,"Expert Self-Awareness; exceptionally Feedback-Oriented - proactively solicits critical feedback from all levels and acts on it rapidly; deep Reflective practice - consistently pauses to extract lessons before reacting; precise Self-Knowledge - highly accurate understanding of own strengths, derailers, and impact; maintains a disciplined Personal Development plan; outstanding Emotional Regulation in high-stakes moments."
LTM214969,Qabil Gaba,Senior Specialist - Cybersecurity,Mental Agility,5.0,5,Expert,4.73,93.0,>= 90th Percentile,Expert-level Mental Agility; demonstrates exceptional Inquisitiveness - asks penetrating 'why' and 'what if' questions that reframe problems; functions as a true Broad Scanner with interests spanning multiple unrelated disciplines; masterful Complexity handling; acts as a Connector drawing powerful analogies across domains; effective Improver/Critic who challenges assumptions constructively.
LTM214969,Qabil Gaba,Senior Specialist - Cybersecurity,People Agility,4.23,4,Advanced,4.73,93.0,>= 90th Percentile,Advanced People Agility; strong Open-Minded orientation; good People Smart - accurately reads most interpersonal dynamics; navigates organisational politics ethically and effectively; tailors communication well; shows good Role Flexibility across different team contexts.
LTM214969,Qabil Gaba,Senior Specialist - Cybersecurity,Change Agility,5.0,5,Expert,4.73,93.0,>= 90th Percentile,Expert Change Agility; prototype Experimenter mindset - proactively tests new approaches and learns rapidly from pilots; highly Comfortable with Ambiguity; compelling Visionary who articulates and energises others around a future state; exceptional Stalwart - sustains effectiveness through prolonged transformation; skilled Innovation Manager who helps others navigate change.
LTM214969,Qabil Gaba,Senior Specialist - Cybersecurity,Results Agility,4.54,5,Expert,4.73,93.0,>= 90th Percentile,Expert Results Agility; demonstrates exceptional Drive - sets highest standards and holds self and others rigorously accountable; commands immediate respect - strong executive Presence; outstanding Resourcefulness in finding paths forward with limited resources; consistently Inspires Others to exceed expectations in first-time situations; maintains exceptional Composure under the most intense pressure.
LTM214969,Qabil Gaba,Senior Specialist - Cybersecurity,Self-Awareness,4.9,5,Expert,4.73,93.0,>= 90th Percentile,"Expert Self-Awareness; exceptionally Feedback-Oriented - proactively solicits critical feedback from all levels and acts on it rapidly; deep Reflective practice - consistently pauses to extract lessons before reacting; precise Self-Knowledge - highly accurate understanding of own strengths, derailers, and impact; maintains a disciplined Personal Development plan; outstanding Emotional Regulation in high-stakes moments."
LTM587422,Gautami Shere,CGO,Mental Agility,5.0,5,Expert,4.9,98.0,>= 90th Percentile,Expert-level Mental Agility; demonstrates exceptional Inquisitiveness - asks penetrating 'why' and 'what if' questions that reframe problems; functions as a true Broad Scanner with interests spanning multiple unrelated disciplines; masterful Complexity handling; acts as a Connector drawing powerful analogies across domains; effective Improver/Critic who challenges assumptions constructively.
LTM587422,Gautami Shere,CGO,People Agility,4.75,5,Expert,4.9,98.0,>= 90th Percentile,Expert People Agility; genuinely Open-Minded - actively seeks perspectives radically unlike their own; exceptional People Smart capability - reads unspoken group dynamics with accuracy; masterful Politically Savvy navigation of complex organisational dynamics; outstanding Communicator who tailors message and medium to every audience; demonstrates exceptional Role Flexibility.
LTM587422,Gautami Shere,CGO,Change Agility,4.77,5,Expert,4.9,98.0,>= 90th Percentile,Expert Change Agility; prototype Experimenter mindset - proactively tests new approaches and learns rapidly from pilots; highly Comfortable with Ambiguity; compelling Visionary who articulates and energises others around a future state; exceptional Stalwart - sustains effectiveness through prolonged transformation; skilled Innovation Manager who helps others navigate change.
LTM587422,Gautami Shere,CGO,Results Agility,5.0,5,Expert,4.9,98.0,>= 90th Percentile,Expert Results Agility; demonstrates exceptional Drive - sets highest standards and holds self and others rigorously accountable; commands immediate respect - strong executive Presence; outstanding Resourcefulness in finding paths forward with limited resources; consistently Inspires Others to exceed expectations in first-time situations; maintains exceptional Composure under the most intense pressure.
LTM587422,Gautami Shere,CGO,Self-Awareness,5.0,5,Expert,4.9,98.0,>= 90th Percentile,"Expert Self-Awareness; exceptionally Feedback-Oriented - proactively solicits critical feedback from all levels and acts on it rapidly; deep Reflective practice - consistently pauses to extract lessons before reacting; precise Self-Knowledge - highly accurate understanding of own strengths, derailers, and impact; maintains a disciplined Personal Development plan; outstanding Emotional Regulation in high-stakes moments."
LTM237378,Nakul Rattan,Associate Principal - Programme and Project Management,Mental Agility,5.0,5,Expert,4.62,91.0,>= 90th Percentile,Expert-level Mental Agility; demonstrates exceptional Inquisitiveness - asks penetrating 'why' and 'what if' questions that reframe problems; functions as a true Broad Scanner with interests spanning multiple unrelated disciplines; masterful Complexity handling; acts as a Connector drawing powerful analogies across domains; effective Improver/Critic who challenges assumptions constructively.
LTM237378,Nakul Rattan,Associate Principal - Programme and Project Management,People Agility,4.18,4,Advanced,4.62,91.0,>= 90th Percentile,Advanced People Agility; strong Open-Minded orientation; good People Smart - accurately reads most interpersonal dynamics; navigates organisational politics ethically and effectively; tailors communication well; shows good Role Flexibility across different team contexts.
LTM237378,Nakul Rattan,Associate Principal - Programme and Project Management,Change Agility,5.0,5,Expert,4.62,91.0,>= 90th Percentile,Expert Change Agility; prototype Experimenter mindset - proactively tests new approaches and learns rapidly from pilots; highly Comfortable with Ambiguity; compelling Visionary who articulates and energises others around a future state; exceptional Stalwart - sustains effectiveness through prolonged transformation; skilled Innovation Manager who helps others navigate change.
LTM237378,Nakul Rattan,Associate Principal - Programme and Project Management,Results Agility,5.0,5,Expert,4.62,91.0,>= 90th Percentile,Expert Results Agility; demonstrates exceptional Drive - sets highest standards and holds self and others rigorously accountable; commands immediate respect - strong executive Presence; outstanding Resourcefulness in finding paths forward with limited resources; consistently Inspires Others to exceed expectations in first-time situations; maintains exceptional Composure under the most intense pressure.
LTM237378,Nakul Rattan,Associate Principal - Programme and Project Management,Self-Awareness,3.93,4,Advanced,4.62,91.0,>= 90th Percentile,Advanced Self-Awareness; actively seeks and acts on feedback; demonstrates strong Reflective behaviour; generally accurate Self-Knowledge with minor blind spots; follows a consistent Personal Development plan; manages emotional responses well in most high-pressure situations.
LTM942369,Bhavini Kakar,Principal Director - Business Development,Mental Agility,5.0,5,Expert,4.64,91.0,>= 90th Percentile,Expert-level Mental Agility; demonstrates exceptional Inquisitiveness - asks penetrating 'why' and 'what if' questions that reframe problems; functions as a true Broad Scanner with interests spanning multiple unrelated disciplines; masterful Complexity handling; acts as a Connector drawing powerful analogies across domains; effective Improver/Critic who challenges assumptions constructively.
LTM942369,Bhavini Kakar,Principal Director - Business Development,People Agility,5.0,5,Expert,4.64,91.0,>= 90th Percentile,Expert People Agility; genuinely Open-Minded - actively seeks perspectives radically unlike their own; exceptional People Smart capability - reads unspoken group dynamics with accuracy; masterful Politically Savvy navigation of complex organisational dynamics; outstanding Communicator who tailors message and medium to every audience; demonstrates exceptional Role Flexibility.
LTM942369,Bhavini Kakar,Principal Director - Business Development,Change Agility,5.0,5,Expert,4.64,91.0,>= 90th Percentile,Expert Change Agility; prototype Experimenter mindset - proactively tests new approaches and learns rapidly from pilots; highly Comfortable with Ambiguity; compelling Visionary who articulates and energises others around a future state; exceptional Stalwart - sustains effectiveness through prolonged transformation; skilled Innovation Manager who helps others navigate change.
LTM942369,Bhavini Kakar,Principal Director - Business Development,Results Agility,5.0,5,Expert,4.64,91.0,>= 90th Percentile,Expert Results Agility; demonstrates exceptional Drive - sets highest standards and holds self and others rigorously accountable; commands immediate respect - strong executive Presence; outstanding Resourcefulness in finding paths forward with limited resources; consistently Inspires Others to exceed expectations in first-time situations; maintains exceptional Composure under the most intense pressure.
LTM942369,Bhavini Kakar,Principal Director - Business Development,Self-Awareness,3.2,3,Developing,4.64,91.0,>= 90th Percentile,Developing-to-Effective Self-Awareness; accepts feedback constructively; engages in Reflective practice when prompted; reasonably accurate Self-Knowledge though some blind spots remain; maintains a Personal Development plan with periodic follow-through; adequate Emotional Regulation.
LTM924756,Veer Dhar,Principal Director - Organisational Development,Mental Agility,4.42,4,Advanced,4.81,95.0,>= 90th Percentile,Advanced Mental Agility; strong Inquisitiveness and Broad Scanning behaviour; handles complexity well; makes useful connections across disciplines; challenges existing approaches constructively; solid critical and creative problem-solving capability.
LTM924756,Veer Dhar,Principal Director - Organisational Development,People Agility,5.0,5,Expert,4.81,95.0,>= 90th Percentile,Expert People Agility; genuinely Open-Minded - actively seeks perspectives radically unlike their own; exceptional People Smart capability - reads unspoken group dynamics with accuracy; masterful Politically Savvy navigation of complex organisational dynamics; outstanding Communicator who tailors message and medium to every audience; demonstrates exceptional Role Flexibility.
LTM924756,Veer Dhar,Principal Director - Organisational Development,Change Agility,5.0,5,Expert,4.81,95.0,>= 90th Percentile,Expert Change Agility; prototype Experimenter mindset - proactively tests new approaches and learns rapidly from pilots; highly Comfortable with Ambiguity; compelling Visionary who articulates and energises others around a future state; exceptional Stalwart - sustains effectiveness through prolonged transformation; skilled Innovation Manager who helps others navigate change.
LTM924756,Veer Dhar,Principal Director - Organisational Development,Results Agility,5.0,5,Expert,4.81,95.0,>= 90th Percentile,Expert Results Agility; demonstrates exceptional Drive - sets highest standards and holds self and others rigorously accountable; commands immediate respect - strong executive Presence; outstanding Resourcefulness in finding paths forward with limited resources; consistently Inspires Others to exceed expectations in first-time situations; maintains exceptional Composure under the most intense pressure.
LTM924756,Veer Dhar,Principal Director - Organisational Development,Self-Awareness,4.63,5,Expert,4.81,95.0,>= 90th Percentile,"Expert Self-Awareness; exceptionally Feedback-Oriented - proactively solicits critical feedback from all levels and acts on it rapidly; deep Reflective practice - consistently pauses to extract lessons before reacting; precise Self-Knowledge - highly accurate understanding of own strengths, derailers, and impact; maintains a disciplined Personal Development plan; outstanding Emotional Regulation in high-stakes moments."
LTM664702,Ekaraj Koshy,Principal Director - Organisational Development,Mental Agility,4.36,4,Advanced,4.7,93.0,>= 90th Percentile,Advanced Mental Agility; strong Inquisitiveness and Broad Scanning behaviour; handles complexity well; makes useful connections across disciplines; challenges existing approaches constructively; solid critical and creative problem-solving capability.
LTM664702,Ekaraj Koshy,Principal Director - Organisational Development,People Agility,4.57,5,Expert,4.7,93.0,>= 90th Percentile,Expert People Agility; genuinely Open-Minded - actively seeks perspectives radically unlike their own; exceptional People Smart capability - reads unspoken group dynamics with accuracy; masterful Politically Savvy navigation of complex organisational dynamics; outstanding Communicator who tailors message and medium to every audience; demonstrates exceptional Role Flexibility.
LTM664702,Ekaraj Koshy,Principal Director - Organisational Development,Change Agility,5.0,5,Expert,4.7,93.0,>= 90th Percentile,Expert Change Agility; prototype Experimenter mindset - proactively tests new approaches and learns rapidly from pilots; highly Comfortable with Ambiguity; compelling Visionary who articulates and energises others around a future state; exceptional Stalwart - sustains effectiveness through prolonged transformation; skilled Innovation Manager who helps others navigate change.
LTM664702,Ekaraj Koshy,Principal Director - Organisational Development,Results Agility,5.0,5,Expert,4.7,93.0,>= 90th Percentile,Expert Results Agility; demonstrates exceptional Drive - sets highest standards and holds self and others rigorously accountable; commands immediate respect - strong executive Presence; outstanding Resourcefulness in finding paths forward with limited resources; consistently Inspires Others to exceed expectations in first-time situations; maintains exceptional Composure under the most intense pressure.
LTM664702,Ekaraj Koshy,Principal Director - Organisational Development,Self-Awareness,4.59,5,Expert,4.7,93.0,>= 90th Percentile,"Expert Self-Awareness; exceptionally Feedback-Oriented - proactively solicits critical feedback from all levels and acts on it rapidly; deep Reflective practice - consistently pauses to extract lessons before reacting; precise Self-Knowledge - highly accurate understanding of own strengths, derailers, and impact; maintains a disciplined Personal Development plan; outstanding Emotional Regulation in high-stakes moments."
LTM961725,Tanish Rastogi,Associate Vice President,Mental Agility,4.82,5,Expert,4.89,97.0,>= 90th Percentile,Expert-level Mental Agility; demonstrates exceptional Inquisitiveness - asks penetrating 'why' and 'what if' questions that reframe problems; functions as a true Broad Scanner with interests spanning multiple unrelated disciplines; masterful Complexity handling; acts as a Connector drawing powerful analogies across domains; effective Improver/Critic who challenges assumptions constructively.
LTM961725,Tanish Rastogi,Associate Vice President,People Agility,4.92,5,Expert,4.89,97.0,>= 90th Percentile,Expert People Agility; genuinely Open-Minded - actively seeks perspectives radically unlike their own; exceptional People Smart capability - reads unspoken group dynamics with accuracy; masterful Politically Savvy navigation of complex organisational dynamics; outstanding Communicator who tailors message and medium to every audience; demonstrates exceptional Role Flexibility.
LTM961725,Tanish Rastogi,Associate Vice President,Change Agility,4.86,5,Expert,4.89,97.0,>= 90th Percentile,Expert Change Agility; prototype Experimenter mindset - proactively tests new approaches and learns rapidly from pilots; highly Comfortable with Ambiguity; compelling Visionary who articulates and energises others around a future state; exceptional Stalwart - sustains effectiveness through prolonged transformation; skilled Innovation Manager who helps others navigate change.
LTM961725,Tanish Rastogi,Associate Vice President,Results Agility,5.0,5,Expert,4.89,97.0,>= 90th Percentile,Expert Results Agility; demonstrates exceptional Drive - sets highest standards and holds self and others rigorously accountable; commands immediate respect - strong executive Presence; outstanding Resourcefulness in finding paths forward with limited resources; consistently Inspires Others to exceed expectations in first-time situations; maintains exceptional Composure under the most intense pressure.
LTM961725,Tanish Rastogi,Associate Vice President,Self-Awareness,4.84,5,Expert,4.89,97.0,>= 90th Percentile,"Expert Self-Awareness; exceptionally Feedback-Oriented - proactively solicits critical feedback from all levels and acts on it rapidly; deep Reflective practice - consistently pauses to extract lessons before reacting; precise Self-Knowledge - highly accurate understanding of own strengths, derailers, and impact; maintains a disciplined Personal Development plan; outstanding Emotional Regulation in high-stakes moments."
LTM848544,Januja Devi,Senior Director - Practice Sales,Mental Agility,4.43,4,Advanced,4.89,97.0,>= 90th Percentile,Advanced Mental Agility; strong Inquisitiveness and Broad Scanning behaviour; handles complexity well; makes useful connections across disciplines; challenges existing approaches constructively; solid critical and creative problem-solving capability.
LTM848544,Januja Devi,Senior Director - Practice Sales,People Agility,5.0,5,Expert,4.89,97.0,>= 90th Percentile,Expert People Agility; genuinely Open-Minded - actively seeks perspectives radically unlike their own; exceptional People Smart capability - reads unspoken group dynamics with accuracy; masterful Politically Savvy navigation of complex organisational dynamics; outstanding Communicator who tailors message and medium to every audience; demonstrates exceptional Role Flexibility.
LTM848544,Januja Devi,Senior Director - Practice Sales,Change Agility,5.0,5,Expert,4.89,97.0,>= 90th Percentile,Expert Change Agility; prototype Experimenter mindset - proactively tests new approaches and learns rapidly from pilots; highly Comfortable with Ambiguity; compelling Visionary who articulates and energises others around a future state; exceptional Stalwart - sustains effectiveness through prolonged transformation; skilled Innovation Manager who helps others navigate change.
LTM848544,Januja Devi,Senior Director - Practice Sales,Results Agility,5.0,5,Expert,4.89,97.0,>= 90th Percentile,Expert Results Agility; demonstrates exceptional Drive - sets highest standards and holds self and others rigorously accountable; commands immediate respect - strong executive Presence; outstanding Resourcefulness in finding paths forward with limited resources; consistently Inspires Others to exceed expectations in first-time situations; maintains exceptional Composure under the most intense pressure.
LTM848544,Januja Devi,Senior Director - Practice Sales,Self-Awareness,5.0,5,Expert,4.89,97.0,>= 90th Percentile,"Expert Self-Awareness; exceptionally Feedback-Oriented - proactively solicits critical feedback from all levels and acts on it rapidly; deep Reflective practice - consistently pauses to extract lessons before reacting; precise Self-Knowledge - highly accurate understanding of own strengths, derailers, and impact; maintains a disciplined Personal Development plan; outstanding Emotional Regulation in high-stakes moments."
LTM545673,Gavin Batta,Senior Specialist - Cybersecurity,Mental Agility,4.49,4,Advanced,4.64,91.0,>= 90th Percentile,Advanced Mental Agility; strong Inquisitiveness and Broad Scanning behaviour; handles complexity well; makes useful connections across disciplines; challenges existing approaches constructively; solid critical and creative problem-solving capability.
LTM545673,Gavin Batta,Senior Specialist - Cybersecurity,People Agility,4.2,4,Advanced,4.64,91.0,>= 90th Percentile,Advanced People Agility; strong Open-Minded orientation; good People Smart - accurately reads most interpersonal dynamics; navigates organisational politics ethically and effectively; tailors communication well; shows good Role Flexibility across different team contexts.
LTM545673,Gavin Batta,Senior Specialist - Cybersecurity,Change Agility,5.0,5,Expert,4.64,91.0,>= 90th Percentile,Expert Change Agility; prototype Experimenter mindset - proactively tests new approaches and learns rapidly from pilots; highly Comfortable with Ambiguity; compelling Visionary who articulates and energises others around a future state; exceptional Stalwart - sustains effectiveness through prolonged transformation; skilled Innovation Manager who helps others navigate change.
LTM545673,Gavin Batta,Senior Specialist - Cybersecurity,Results Agility,4.49,4,Advanced,4.64,91.0,>= 90th Percentile,Advanced Results Agility; strong Drive with high self-accountability; solid executive Presence that builds confidence; demonstrates good Resourcefulness; effectively Inspires Others to high performance; maintains Composure well in most high-pressure situations.
LTM545673,Gavin Batta,Senior Specialist - Cybersecurity,Self-Awareness,5.0,5,Expert,4.64,91.0,>= 90th Percentile,"Expert Self-Awareness; exceptionally Feedback-Oriented - proactively solicits critical feedback from all levels and acts on it rapidly; deep Reflective practice - consistently pauses to extract lessons before reacting; precise Self-Knowledge - highly accurate understanding of own strengths, derailers, and impact; maintains a disciplined Personal Development plan; outstanding Emotional Regulation in high-stakes moments."
LTM464022,Faraj Dutta,Specialist - Corporate Strategy,Mental Agility,5.0,5,Expert,5.0,100.0,>= 90th Percentile,Expert-level Mental Agility; demonstrates exceptional Inquisitiveness - asks penetrating 'why' and 'what if' questions that reframe problems; functions as a true Broad Scanner with interests spanning multiple unrelated disciplines; masterful Complexity handling; acts as a Connector drawing powerful analogies across domains; effective Improver/Critic who challenges assumptions constructively.
LTM464022,Faraj Dutta,Specialist - Corporate Strategy,People Agility,5.0,5,Expert,5.0,100.0,>= 90th Percentile,Expert People Agility; genuinely Open-Minded - actively seeks perspectives radically unlike their own; exceptional People Smart capability - reads unspoken group dynamics with accuracy; masterful Politically Savvy navigation of complex organisational dynamics; outstanding Communicator who tailors message and medium to every audience; demonstrates exceptional Role Flexibility.
LTM464022,Faraj Dutta,Specialist - Corporate Strategy,Change Agility,5.0,5,Expert,5.0,100.0,>= 90th Percentile,Expert Change Agility; prototype Experimenter mindset - proactively tests new approaches and learns rapidly from pilots; highly Comfortable with Ambiguity; compelling Visionary who articulates and energises others around a future state; exceptional Stalwart - sustains effectiveness through prolonged transformation; skilled Innovation Manager who helps others navigate change.
LTM464022,Faraj Dutta,Specialist - Corporate Strategy,Results Agility,5.0,5,Expert,5.0,100.0,>= 90th Percentile,Expert Results Agility; demonstrates exceptional Drive - sets highest standards and holds self and others rigorously accountable; commands immediate respect - strong executive Presence; outstanding Resourcefulness in finding paths forward with limited resources; consistently Inspires Others to exceed expectations in first-time situations; maintains exceptional Composure under the most intense pressure.
LTM464022,Faraj Dutta,Specialist - Corporate Strategy,Self-Awareness,5.0,5,Expert,5.0,100.0,>= 90th Percentile,"Expert Self-Awareness; exceptionally Feedback-Oriented - proactively solicits critical feedback from all levels and acts on it rapidly; deep Reflective practice - consistently pauses to extract lessons before reacting; precise Self-Knowledge - highly accurate understanding of own strengths, derailers, and impact; maintains a disciplined Personal Development plan; outstanding Emotional Regulation in high-stakes moments."
LTM521669,Azad Rajan,Associate Principal - Secretarial,Mental Agility,4.07,4,Advanced,4.81,95.0,>= 90th Percentile,Advanced Mental Agility; strong Inquisitiveness and Broad Scanning behaviour; handles complexity well; makes useful connections across disciplines; challenges existing approaches constructively; solid critical and creative problem-solving capability.
LTM521669,Azad Rajan,Associate Principal - Secretarial,People Agility,5.0,5,Expert,4.81,95.0,>= 90th Percentile,Expert People Agility; genuinely Open-Minded - actively seeks perspectives radically unlike their own; exceptional People Smart capability - reads unspoken group dynamics with accuracy; masterful Politically Savvy navigation of complex organisational dynamics; outstanding Communicator who tailors message and medium to every audience; demonstrates exceptional Role Flexibility.
LTM521669,Azad Rajan,Associate Principal - Secretarial,Change Agility,5.0,5,Expert,4.81,95.0,>= 90th Percentile,Expert Change Agility; prototype Experimenter mindset - proactively tests new approaches and learns rapidly from pilots; highly Comfortable with Ambiguity; compelling Visionary who articulates and energises others around a future state; exceptional Stalwart - sustains effectiveness through prolonged transformation; skilled Innovation Manager who helps others navigate change.
LTM521669,Azad Rajan,Associate Principal - Secretarial,Results Agility,5.0,5,Expert,4.81,95.0,>= 90th Percentile,Expert Results Agility; demonstrates exceptional Drive - sets highest standards and holds self and others rigorously accountable; commands immediate respect - strong executive Presence; outstanding Resourcefulness in finding paths forward with limited resources; consistently Inspires Others to exceed expectations in first-time situations; maintains exceptional Composure under the most intense pressure.
LTM521669,Azad Rajan,Associate Principal - Secretarial,Self-Awareness,4.99,5,Expert,4.81,95.0,>= 90th Percentile,"Expert Self-Awareness; exceptionally Feedback-Oriented - proactively solicits critical feedback from all levels and acts on it rapidly; deep Reflective practice - consistently pauses to extract lessons before reacting; precise Self-Knowledge - highly accurate understanding of own strengths, derailers, and impact; maintains a disciplined Personal Development plan; outstanding Emotional Regulation in high-stakes moments."
LTM746915,Vivaan Wadhwa,Specialist - Corporate Strategy,Mental Agility,5.0,5,Expert,4.87,97.0,>= 90th Percentile,Expert-level Mental Agility; demonstrates exceptional Inquisitiveness - asks penetrating 'why' and 'what if' questions that reframe problems; functions as a true Broad Scanner with interests spanning multiple unrelated disciplines; masterful Complexity handling; acts as a Connector drawing powerful analogies across domains; effective Improver/Critic who challenges assumptions constructively.
LTM746915,Vivaan Wadhwa,Specialist - Corporate Strategy,People Agility,4.36,4,Advanced,4.87,97.0,>= 90th Percentile,Advanced People Agility; strong Open-Minded orientation; good People Smart - accurately reads most interpersonal dynamics; navigates organisational politics ethically and effectively; tailors communication well; shows good Role Flexibility across different team contexts.
LTM746915,Vivaan Wadhwa,Specialist - Corporate Strategy,Change Agility,5.0,5,Expert,4.87,97.0,>= 90th Percentile,Expert Change Agility; prototype Experimenter mindset - proactively tests new approaches and learns rapidly from pilots; highly Comfortable with Ambiguity; compelling Visionary who articulates and energises others around a future state; exceptional Stalwart - sustains effectiveness through prolonged transformation; skilled Innovation Manager who helps others navigate change.
LTM746915,Vivaan Wadhwa,Specialist - Corporate Strategy,Results Agility,5.0,5,Expert,4.87,97.0,>= 90th Percentile,Expert Results Agility; demonstrates exceptional Drive - sets highest standards and holds self and others rigorously accountable; commands immediate respect - strong executive Presence; outstanding Resourcefulness in finding paths forward with limited resources; consistently Inspires Others to exceed expectations in first-time situations; maintains exceptional Composure under the most intense pressure.
LTM746915,Vivaan Wadhwa,Specialist - Corporate Strategy,Self-Awareness,5.0,5,Expert,4.87,97.0,>= 90th Percentile,"Expert Self-Awareness; exceptionally Feedback-Oriented - proactively solicits critical feedback from all levels and acts on it rapidly; deep Reflective practice - consistently pauses to extract lessons before reacting; precise Self-Knowledge - highly accurate understanding of own strengths, derailers, and impact; maintains a disciplined Personal Development plan; outstanding Emotional Regulation in high-stakes moments."
LTM178808,Advay Contractor,Senior Director - Treasury,Mental Agility,5.0,5,Expert,4.63,91.0,>= 90th Percentile,Expert-level Mental Agility; demonstrates exceptional Inquisitiveness - asks penetrating 'why' and 'what if' questions that reframe problems; functions as a true Broad Scanner with interests spanning multiple unrelated disciplines; masterful Complexity handling; acts as a Connector drawing powerful analogies across domains; effective Improver/Critic who challenges assumptions constructively.
LTM178808,Advay Contractor,Senior Director - Treasury,People Agility,4.7,5,Expert,4.63,91.0,>= 90th Percentile,Expert People Agility; genuinely Open-Minded - actively seeks perspectives radically unlike their own; exceptional People Smart capability - reads unspoken group dynamics with accuracy; masterful Politically Savvy navigation of complex organisational dynamics; outstanding Communicator who tailors message and medium to every audience; demonstrates exceptional Role Flexibility.
LTM178808,Advay Contractor,Senior Director - Treasury,Change Agility,4.47,4,Advanced,4.63,91.0,>= 90th Percentile,Advanced Change Agility; demonstrates strong Experimenter orientation; comfortable with ambiguity in most situations; articulates a clear and motivating vision of change; sustains performance during significant transitions; helps team members adapt to change effectively.
LTM178808,Advay Contractor,Senior Director - Treasury,Results Agility,5.0,5,Expert,4.63,91.0,>= 90th Percentile,Expert Results Agility; demonstrates exceptional Drive - sets highest standards and holds self and others rigorously accountable; commands immediate respect - strong executive Presence; outstanding Resourcefulness in finding paths forward with limited resources; consistently Inspires Others to exceed expectations in first-time situations; maintains exceptional Composure under the most intense pressure.
LTM178808,Advay Contractor,Senior Director - Treasury,Self-Awareness,3.98,4,Advanced,4.63,91.0,>= 90th Percentile,Advanced Self-Awareness; actively seeks and acts on feedback; demonstrates strong Reflective behaviour; generally accurate Self-Knowledge with minor blind spots; follows a consistent Personal Development plan; manages emotional responses well in most high-pressure situations.
LTM677304,Onkar Choudhury,Senior Executive - Secretarial,Mental Agility,5.0,5,Expert,4.59,90.0,>= 90th Percentile,Expert-level Mental Agility; demonstrates exceptional Inquisitiveness - asks penetrating 'why' and 'what if' questions that reframe problems; functions as a true Broad Scanner with interests spanning multiple unrelated disciplines; masterful Complexity handling; acts as a Connector drawing powerful analogies across domains; effective Improver/Critic who challenges assumptions constructively.
LTM677304,Onkar Choudhury,Senior Executive - Secretarial,People Agility,4.29,4,Advanced,4.59,90.0,>= 90th Percentile,Advanced People Agility; strong Open-Minded orientation; good People Smart - accurately reads most interpersonal dynamics; navigates organisational politics ethically and effectively; tailors communication well; shows good Role Flexibility across different team contexts.
LTM677304,Onkar Choudhury,Senior Executive - Secretarial,Change Agility,5.0,5,Expert,4.59,90.0,>= 90th Percentile,Expert Change Agility; prototype Experimenter mindset - proactively tests new approaches and learns rapidly from pilots; highly Comfortable with Ambiguity; compelling Visionary who articulates and energises others around a future state; exceptional Stalwart - sustains effectiveness through prolonged transformation; skilled Innovation Manager who helps others navigate change.
LTM677304,Onkar Choudhury,Senior Executive - Secretarial,Results Agility,3.91,4,Advanced,4.59,90.0,>= 90th Percentile,Advanced Results Agility; strong Drive with high self-accountability; solid executive Presence that builds confidence; demonstrates good Resourcefulness; effectively Inspires Others to high performance; maintains Composure well in most high-pressure situations.
LTM677304,Onkar Choudhury,Senior Executive - Secretarial,Self-Awareness,4.73,5,Expert,4.59,90.0,>= 90th Percentile,"Expert Self-Awareness; exceptionally Feedback-Oriented - proactively solicits critical feedback from all levels and acts on it rapidly; deep Reflective practice - consistently pauses to extract lessons before reacting; precise Self-Knowledge - highly accurate understanding of own strengths, derailers, and impact; maintains a disciplined Personal Development plan; outstanding Emotional Regulation in high-stakes moments."
LTM958827,Radhika Dugar,Executive Vice President,Mental Agility,4.55,5,Expert,4.78,95.0,>= 90th Percentile,Expert-level Mental Agility; demonstrates exceptional Inquisitiveness - asks penetrating 'why' and 'what if' questions that reframe problems; functions as a true Broad Scanner with interests spanning multiple unrelated disciplines; masterful Complexity handling; acts as a Connector drawing powerful analogies across domains; effective Improver/Critic who challenges assumptions constructively.
LTM958827,Radhika Dugar,Executive Vice President,People Agility,5.0,5,Expert,4.78,95.0,>= 90th Percentile,Expert People Agility; genuinely Open-Minded - actively seeks perspectives radically unlike their own; exceptional People Smart capability - reads unspoken group dynamics with accuracy; masterful Politically Savvy navigation of complex organisational dynamics; outstanding Communicator who tailors message and medium to every audience; demonstrates exceptional Role Flexibility.
LTM958827,Radhika Dugar,Executive Vice President,Change Agility,4.37,4,Advanced,4.78,95.0,>= 90th Percentile,Advanced Change Agility; demonstrates strong Experimenter orientation; comfortable with ambiguity in most situations; articulates a clear and motivating vision of change; sustains performance during significant transitions; helps team members adapt to change effectively.
LTM958827,Radhika Dugar,Executive Vice President,Results Agility,5.0,5,Expert,4.78,95.0,>= 90th Percentile,Expert Results Agility; demonstrates exceptional Drive - sets highest standards and holds self and others rigorously accountable; commands immediate respect - strong executive Presence; outstanding Resourcefulness in finding paths forward with limited resources; consistently Inspires Others to exceed expectations in first-time situations; maintains exceptional Composure under the most intense pressure.
LTM958827,Radhika Dugar,Executive Vice President,Self-Awareness,5.0,5,Expert,4.78,95.0,>= 90th Percentile,"Expert Self-Awareness; exceptionally Feedback-Oriented - proactively solicits critical feedback from all levels and acts on it rapidly; deep Reflective practice - consistently pauses to extract lessons before reacting; precise Self-Knowledge - highly accurate understanding of own strengths, derailers, and impact; maintains a disciplined Personal Development plan; outstanding Emotional Regulation in high-stakes moments."
LTM562622,Zehaan Issac,Vice President - Advisory,Mental Agility,4.97,5,Expert,4.8,95.0,>= 90th Percentile,Expert-level Mental Agility; demonstrates exceptional Inquisitiveness - asks penetrating 'why' and 'what if' questions that reframe problems; functions as a true Broad Scanner with interests spanning multiple unrelated disciplines; masterful Complexity handling; acts as a Connector drawing powerful analogies across domains; effective Improver/Critic who challenges assumptions constructively.
LTM562622,Zehaan Issac,Vice President - Advisory,People Agility,5.0,5,Expert,4.8,95.0,>= 90th Percentile,Expert People Agility; genuinely Open-Minded - actively seeks perspectives radically unlike their own; exceptional People Smart capability - reads unspoken group dynamics with accuracy; masterful Politically Savvy navigation of complex organisational dynamics; outstanding Communicator who tailors message and medium to every audience; demonstrates exceptional Role Flexibility.
LTM562622,Zehaan Issac,Vice President - Advisory,Change Agility,4.78,5,Expert,4.8,95.0,>= 90th Percentile,Expert Change Agility; prototype Experimenter mindset - proactively tests new approaches and learns rapidly from pilots; highly Comfortable with Ambiguity; compelling Visionary who articulates and energises others around a future state; exceptional Stalwart - sustains effectiveness through prolonged transformation; skilled Innovation Manager who helps others navigate change.
LTM562622,Zehaan Issac,Vice President - Advisory,Results Agility,5.0,5,Expert,4.8,95.0,>= 90th Percentile,Expert Results Agility; demonstrates exceptional Drive - sets highest standards and holds self and others rigorously accountable; commands immediate respect - strong executive Presence; outstanding Resourcefulness in finding paths forward with limited resources; consistently Inspires Others to exceed expectations in first-time situations; maintains exceptional Composure under the most intense pressure.
LTM562622,Zehaan Issac,Vice President - Advisory,Self-Awareness,4.27,4,Advanced,4.8,95.0,>= 90th Percentile,Advanced Self-Awareness; actively seeks and acts on feedback; demonstrates strong Reflective behaviour; generally accurate Self-Knowledge with minor blind spots; follows a consistent Personal Development plan; manages emotional responses well in most high-pressure situations.
LTM710862,Rachit Edwin,Associate Vice President - Finance,Mental Agility,4.4,4,Advanced,4.73,93.0,>= 90th Percentile,Advanced Mental Agility; strong Inquisitiveness and Broad Scanning behaviour; handles complexity well; makes useful connections across disciplines; challenges existing approaches constructively; solid critical and creative problem-solving capability.
LTM710862,Rachit Edwin,Associate Vice President - Finance,People Agility,5.0,5,Expert,4.73,93.0,>= 90th Percentile,Expert People Agility; genuinely Open-Minded - actively seeks perspectives radically unlike their own; exceptional People Smart capability - reads unspoken group dynamics with accuracy; masterful Politically Savvy navigation of complex organisational dynamics; outstanding Communicator who tailors message and medium to every audience; demonstrates exceptional Role Flexibility.
LTM710862,Rachit Edwin,Associate Vice President - Finance,Change Agility,5.0,5,Expert,4.73,93.0,>= 90th Percentile,Expert Change Agility; prototype Experimenter mindset - proactively tests new approaches and learns rapidly from pilots; highly Comfortable with Ambiguity; compelling Visionary who articulates and energises others around a future state; exceptional Stalwart - sustains effectiveness through prolonged transformation; skilled Innovation Manager who helps others navigate change.
LTM710862,Rachit Edwin,Associate Vice President - Finance,Results Agility,4.23,4,Advanced,4.73,93.0,>= 90th Percentile,Advanced Results Agility; strong Drive with high self-accountability; solid executive Presence that builds confidence; demonstrates good Resourcefulness; effectively Inspires Others to high performance; maintains Composure well in most high-pressure situations.
LTM710862,Rachit Edwin,Associate Vice President - Finance,Self-Awareness,5.0,5,Expert,4.73,93.0,>= 90th Percentile,"Expert Self-Awareness; exceptionally Feedback-Oriented - proactively solicits critical feedback from all levels and acts on it rapidly; deep Reflective practice - consistently pauses to extract lessons before reacting; precise Self-Knowledge - highly accurate understanding of own strengths, derailers, and impact; maintains a disciplined Personal Development plan; outstanding Emotional Regulation in high-stakes moments."
LTM643981,Neel Suresh,Executive - Corporate Strategy,Mental Agility,4.95,5,Expert,4.91,98.0,>= 90th Percentile,Expert-level Mental Agility; demonstrates exceptional Inquisitiveness - asks penetrating 'why' and 'what if' questions that reframe problems; functions as a true Broad Scanner with interests spanning multiple unrelated disciplines; masterful Complexity handling; acts as a Connector drawing powerful analogies across domains; effective Improver/Critic who challenges assumptions constructively.
LTM643981,Neel Suresh,Executive - Corporate Strategy,People Agility,4.66,5,Expert,4.91,98.0,>= 90th Percentile,Expert People Agility; genuinely Open-Minded - actively seeks perspectives radically unlike their own; exceptional People Smart capability - reads unspoken group dynamics with accuracy; masterful Politically Savvy navigation of complex organisational dynamics; outstanding Communicator who tailors message and medium to every audience; demonstrates exceptional Role Flexibility.
LTM643981,Neel Suresh,Executive - Corporate Strategy,Change Agility,5.0,5,Expert,4.91,98.0,>= 90th Percentile,Expert Change Agility; prototype Experimenter mindset - proactively tests new approaches and learns rapidly from pilots; highly Comfortable with Ambiguity; compelling Visionary who articulates and energises others around a future state; exceptional Stalwart - sustains effectiveness through prolonged transformation; skilled Innovation Manager who helps others navigate change.
LTM643981,Neel Suresh,Executive - Corporate Strategy,Results Agility,5.0,5,Expert,4.91,98.0,>= 90th Percentile,Expert Results Agility; demonstrates exceptional Drive - sets highest standards and holds self and others rigorously accountable; commands immediate respect - strong executive Presence; outstanding Resourcefulness in finding paths forward with limited resources; consistently Inspires Others to exceed expectations in first-time situations; maintains exceptional Composure under the most intense pressure.
LTM643981,Neel Suresh,Executive - Corporate Strategy,Self-Awareness,4.92,5,Expert,4.91,98.0,>= 90th Percentile,"Expert Self-Awareness; exceptionally Feedback-Oriented - proactively solicits critical feedback from all levels and acts on it rapidly; deep Reflective practice - consistently pauses to extract lessons before reacting; precise Self-Knowledge - highly accurate understanding of own strengths, derailers, and impact; maintains a disciplined Personal Development plan; outstanding Emotional Regulation in high-stakes moments."
LTM521999,Kashvi Bhardwaj,Vice President (CISO),Mental Agility,5.0,5,Expert,4.78,95.0,>= 90th Percentile,Expert-level Mental Agility; demonstrates exceptional Inquisitiveness - asks penetrating 'why' and 'what if' questions that reframe problems; functions as a true Broad Scanner with interests spanning multiple unrelated disciplines; masterful Complexity handling; acts as a Connector drawing powerful analogies across domains; effective Improver/Critic who challenges assumptions constructively.
LTM521999,Kashvi Bhardwaj,Vice President (CISO),People Agility,4.21,4,Advanced,4.78,95.0,>= 90th Percentile,Advanced People Agility; strong Open-Minded orientation; good People Smart - accurately reads most interpersonal dynamics; navigates organisational politics ethically and effectively; tailors communication well; shows good Role Flexibility across different team contexts.
LTM521999,Kashvi Bhardwaj,Vice President (CISO),Change Agility,5.0,5,Expert,4.78,95.0,>= 90th Percentile,Expert Change Agility; prototype Experimenter mindset - proactively tests new approaches and learns rapidly from pilots; highly Comfortable with Ambiguity; compelling Visionary who articulates and energises others around a future state; exceptional Stalwart - sustains effectiveness through prolonged transformation; skilled Innovation Manager who helps others navigate change.
LTM521999,Kashvi Bhardwaj,Vice President (CISO),Results Agility,5.0,5,Expert,4.78,95.0,>= 90th Percentile,Expert Results Agility; demonstrates exceptional Drive - sets highest standards and holds self and others rigorously accountable; commands immediate respect - strong executive Presence; outstanding Resourcefulness in finding paths forward with limited resources; consistently Inspires Others to exceed expectations in first-time situations; maintains exceptional Composure under the most intense pressure.
LTM521999,Kashvi Bhardwaj,Vice President (CISO),Self-Awareness,4.67,5,Expert,4.78,95.0,>= 90th Percentile,"Expert Self-Awareness; exceptionally Feedback-Oriented - proactively solicits critical feedback from all levels and acts on it rapidly; deep Reflective practice - consistently pauses to extract lessons before reacting; precise Self-Knowledge - highly accurate understanding of own strengths, derailers, and impact; maintains a disciplined Personal Development plan; outstanding Emotional Regulation in high-stakes moments."
LTM658912,Chaaya Chada,Specialist - Corporate Strategy,Mental Agility,3.49,3,Developing,4.47,87.0,75th-89th Percentile,Developing-to-Effective Mental Agility; demonstrates adequate Inquisitiveness within own domain; shows some Broad Scanner tendencies; handles moderate complexity; makes connections within familiar domains; engages in Improver/Critic behaviour when prompted.
LTM658912,Chaaya Chada,Specialist - Corporate Strategy,People Agility,4.6,5,Expert,4.47,87.0,75th-89th Percentile,Expert People Agility; genuinely Open-Minded - actively seeks perspectives radically unlike their own; exceptional People Smart capability - reads unspoken group dynamics with accuracy; masterful Politically Savvy navigation of complex organisational dynamics; outstanding Communicator who tailors message and medium to every audience; demonstrates exceptional Role Flexibility.
LTM658912,Chaaya Chada,Specialist - Corporate Strategy,Change Agility,5.0,5,Expert,4.47,87.0,75th-89th Percentile,Expert Change Agility; prototype Experimenter mindset - proactively tests new approaches and learns rapidly from pilots; highly Comfortable with Ambiguity; compelling Visionary who articulates and energises others around a future state; exceptional Stalwart - sustains effectiveness through prolonged transformation; skilled Innovation Manager who helps others navigate change.
LTM658912,Chaaya Chada,Specialist - Corporate Strategy,Results Agility,4.29,4,Advanced,4.47,87.0,75th-89th Percentile,Advanced Results Agility; strong Drive with high self-accountability; solid executive Presence that builds confidence; demonstrates good Resourcefulness; effectively Inspires Others to high performance; maintains Composure well in most high-pressure situations.
LTM658912,Chaaya Chada,Specialist - Corporate Strategy,Self-Awareness,4.98,5,Expert,4.47,87.0,75th-89th Percentile,"Expert Self-Awareness; exceptionally Feedback-Oriented - proactively solicits critical feedback from all levels and acts on it rapidly; deep Reflective practice - consistently pauses to extract lessons before reacting; precise Self-Knowledge - highly accurate understanding of own strengths, derailers, and impact; maintains a disciplined Personal Development plan; outstanding Emotional Regulation in high-stakes moments."
LTM253396,Bhavya Walia,CFO,Mental Agility,3.84,4,Advanced,4.7,93.0,>= 90th Percentile,Advanced Mental Agility; strong Inquisitiveness and Broad Scanning behaviour; handles complexity well; makes useful connections across disciplines; challenges existing approaches constructively; solid critical and creative problem-solving capability.
LTM253396,Bhavya Walia,CFO,People Agility,5.0,5,Expert,4.7,93.0,>= 90th Percentile,Expert People Agility; genuinely Open-Minded - actively seeks perspectives radically unlike their own; exceptional People Smart capability - reads unspoken group dynamics with accuracy; masterful Politically Savvy navigation of complex organisational dynamics; outstanding Communicator who tailors message and medium to every audience; demonstrates exceptional Role Flexibility.
LTM253396,Bhavya Walia,CFO,Change Agility,5.0,5,Expert,4.7,93.0,>= 90th Percentile,Expert Change Agility; prototype Experimenter mindset - proactively tests new approaches and learns rapidly from pilots; highly Comfortable with Ambiguity; compelling Visionary who articulates and energises others around a future state; exceptional Stalwart - sustains effectiveness through prolonged transformation; skilled Innovation Manager who helps others navigate change.
LTM253396,Bhavya Walia,CFO,Results Agility,5.0,5,Expert,4.7,93.0,>= 90th Percentile,Expert Results Agility; demonstrates exceptional Drive - sets highest standards and holds self and others rigorously accountable; commands immediate respect - strong executive Presence; outstanding Resourcefulness in finding paths forward with limited resources; consistently Inspires Others to exceed expectations in first-time situations; maintains exceptional Composure under the most intense pressure.
LTM253396,Bhavya Walia,CFO,Self-Awareness,4.66,5,Expert,4.7,93.0,>= 90th Percentile,"Expert Self-Awareness; exceptionally Feedback-Oriented - proactively solicits critical feedback from all levels and acts on it rapidly; deep Reflective practice - consistently pauses to extract lessons before reacting; precise Self-Knowledge - highly accurate understanding of own strengths, derailers, and impact; maintains a disciplined Personal Development plan; outstanding Emotional Regulation in high-stakes moments."
LTM593311,Eesha Soman,Senior Executive - Secretarial,Mental Agility,5.0,5,Expert,4.58,90.0,>= 90th Percentile,Expert-level Mental Agility; demonstrates exceptional Inquisitiveness - asks penetrating 'why' and 'what if' questions that reframe problems; functions as a true Broad Scanner with interests spanning multiple unrelated disciplines; masterful Complexity handling; acts as a Connector drawing powerful analogies across domains; effective Improver/Critic who challenges assumptions constructively.
LTM593311,Eesha Soman,Senior Executive - Secretarial,People Agility,5.0,5,Expert,4.58,90.0,>= 90th Percentile,Expert People Agility; genuinely Open-Minded - actively seeks perspectives radically unlike their own; exceptional People Smart capability - reads unspoken group dynamics with accuracy; masterful Politically Savvy navigation of complex organisational dynamics; outstanding Communicator who tailors message and medium to every audience; demonstrates exceptional Role Flexibility.
LTM593311,Eesha Soman,Senior Executive - Secretarial,Change Agility,3.72,4,Advanced,4.58,90.0,>= 90th Percentile,Advanced Change Agility; demonstrates strong Experimenter orientation; comfortable with ambiguity in most situations; articulates a clear and motivating vision of change; sustains performance during significant transitions; helps team members adapt to change effectively.
LTM593311,Eesha Soman,Senior Executive - Secretarial,Results Agility,4.55,5,Expert,4.58,90.0,>= 90th Percentile,Expert Results Agility; demonstrates exceptional Drive - sets highest standards and holds self and others rigorously accountable; commands immediate respect - strong executive Presence; outstanding Resourcefulness in finding paths forward with limited resources; consistently Inspires Others to exceed expectations in first-time situations; maintains exceptional Composure under the most intense pressure.
LTM593311,Eesha Soman,Senior Executive - Secretarial,Self-Awareness,4.64,5,Expert,4.58,90.0,>= 90th Percentile,"Expert Self-Awareness; exceptionally Feedback-Oriented - proactively solicits critical feedback from all levels and acts on it rapidly; deep Reflective practice - consistently pauses to extract lessons before reacting; precise Self-Knowledge - highly accurate understanding of own strengths, derailers, and impact; maintains a disciplined Personal Development plan; outstanding Emotional Regulation in high-stakes moments."
LTM277529,Kevin Wable,Specialist - Corporate Strategy,Mental Agility,5.0,5,Expert,4.87,97.0,>= 90th Percentile,Expert-level Mental Agility; demonstrates exceptional Inquisitiveness - asks penetrating 'why' and 'what if' questions that reframe problems; functions as a true Broad Scanner with interests spanning multiple unrelated disciplines; masterful Complexity handling; acts as a Connector drawing powerful analogies across domains; effective Improver/Critic who challenges assumptions constructively.
LTM277529,Kevin Wable,Specialist - Corporate Strategy,People Agility,5.0,5,Expert,4.87,97.0,>= 90th Percentile,Expert People Agility; genuinely Open-Minded - actively seeks perspectives radically unlike their own; exceptional People Smart capability - reads unspoken group dynamics with accuracy; masterful Politically Savvy navigation of complex organisational dynamics; outstanding Communicator who tailors message and medium to every audience; demonstrates exceptional Role Flexibility.
LTM277529,Kevin Wable,Specialist - Corporate Strategy,Change Agility,5.0,5,Expert,4.87,97.0,>= 90th Percentile,Expert Change Agility; prototype Experimenter mindset - proactively tests new approaches and learns rapidly from pilots; highly Comfortable with Ambiguity; compelling Visionary who articulates and energises others around a future state; exceptional Stalwart - sustains effectiveness through prolonged transformation; skilled Innovation Manager who helps others navigate change.
LTM277529,Kevin Wable,Specialist - Corporate Strategy,Results Agility,4.37,4,Advanced,4.87,97.0,>= 90th Percentile,Advanced Results Agility; strong Drive with high self-accountability; solid executive Presence that builds confidence; demonstrates good Resourcefulness; effectively Inspires Others to high performance; maintains Composure well in most high-pressure situations.
LTM277529,Kevin Wable,Specialist - Corporate Strategy,Self-Awareness,5.0,5,Expert,4.87,97.0,>= 90th Percentile,"Expert Self-Awareness; exceptionally Feedback-Oriented - proactively solicits critical feedback from all levels and acts on it rapidly; deep Reflective practice - consistently pauses to extract lessons before reacting; precise Self-Knowledge - highly accurate understanding of own strengths, derailers, and impact; maintains a disciplined Personal Development plan; outstanding Emotional Regulation in high-stakes moments."
LTM475159,Jagvi Zacharia,Senior Account Director,Mental Agility,5.0,5,Expert,4.81,95.0,>= 90th Percentile,Expert-level Mental Agility; demonstrates exceptional Inquisitiveness - asks penetrating 'why' and 'what if' questions that reframe problems; functions as a true Broad Scanner with interests spanning multiple unrelated disciplines; masterful Complexity handling; acts as a Connector drawing powerful analogies across domains; effective Improver/Critic who challenges assumptions constructively.
LTM475159,Jagvi Zacharia,Senior Account Director,People Agility,5.0,5,Expert,4.81,95.0,>= 90th Percentile,Expert People Agility; genuinely Open-Minded - actively seeks perspectives radically unlike their own; exceptional People Smart capability - reads unspoken group dynamics with accuracy; masterful Politically Savvy navigation of complex organisational dynamics; outstanding Communicator who tailors message and medium to every audience; demonstrates exceptional Role Flexibility.
LTM475159,Jagvi Zacharia,Senior Account Director,Change Agility,4.26,4,Advanced,4.81,95.0,>= 90th Percentile,Advanced Change Agility; demonstrates strong Experimenter orientation; comfortable with ambiguity in most situations; articulates a clear and motivating vision of change; sustains performance during significant transitions; helps team members adapt to change effectively.
LTM475159,Jagvi Zacharia,Senior Account Director,Results Agility,4.8,5,Expert,4.81,95.0,>= 90th Percentile,Expert Results Agility; demonstrates exceptional Drive - sets highest standards and holds self and others rigorously accountable; commands immediate respect - strong executive Presence; outstanding Resourcefulness in finding paths forward with limited resources; consistently Inspires Others to exceed expectations in first-time situations; maintains exceptional Composure under the most intense pressure.
LTM475159,Jagvi Zacharia,Senior Account Director,Self-Awareness,5.0,5,Expert,4.81,95.0,>= 90th Percentile,"Expert Self-Awareness; exceptionally Feedback-Oriented - proactively solicits critical feedback from all levels and acts on it rapidly; deep Reflective practice - consistently pauses to extract lessons before reacting; precise Self-Knowledge - highly accurate understanding of own strengths, derailers, and impact; maintains a disciplined Personal Development plan; outstanding Emotional Regulation in high-stakes moments."
LTM116573,Nimrat Rastogi,CHRO,Mental Agility,4.91,5,Expert,4.98,100.0,>= 90th Percentile,Expert-level Mental Agility; demonstrates exceptional Inquisitiveness - asks penetrating 'why' and 'what if' questions that reframe problems; functions as a true Broad Scanner with interests spanning multiple unrelated disciplines; masterful Complexity handling; acts as a Connector drawing powerful analogies across domains; effective Improver/Critic who challenges assumptions constructively.
LTM116573,Nimrat Rastogi,CHRO,People Agility,5.0,5,Expert,4.98,100.0,>= 90th Percentile,Expert People Agility; genuinely Open-Minded - actively seeks perspectives radically unlike their own; exceptional People Smart capability - reads unspoken group dynamics with accuracy; masterful Politically Savvy navigation of complex organisational dynamics; outstanding Communicator who tailors message and medium to every audience; demonstrates exceptional Role Flexibility.
LTM116573,Nimrat Rastogi,CHRO,Change Agility,5.0,5,Expert,4.98,100.0,>= 90th Percentile,Expert Change Agility; prototype Experimenter mindset - proactively tests new approaches and learns rapidly from pilots; highly Comfortable with Ambiguity; compelling Visionary who articulates and energises others around a future state; exceptional Stalwart - sustains effectiveness through prolonged transformation; skilled Innovation Manager who helps others navigate change.
LTM116573,Nimrat Rastogi,CHRO,Results Agility,5.0,5,Expert,4.98,100.0,>= 90th Percentile,Expert Results Agility; demonstrates exceptional Drive - sets highest standards and holds self and others rigorously accountable; commands immediate respect - strong executive Presence; outstanding Resourcefulness in finding paths forward with limited resources; consistently Inspires Others to exceed expectations in first-time situations; maintains exceptional Composure under the most intense pressure.
LTM116573,Nimrat Rastogi,CHRO,Self-Awareness,5.0,5,Expert,4.98,100.0,>= 90th Percentile,"Expert Self-Awareness; exceptionally Feedback-Oriented - proactively solicits critical feedback from all levels and acts on it rapidly; deep Reflective practice - consistently pauses to extract lessons before reacting; precise Self-Knowledge - highly accurate understanding of own strengths, derailers, and impact; maintains a disciplined Personal Development plan; outstanding Emotional Regulation in high-stakes moments."
LTM766566,Bhavika Nigam,Specialist - Corporate Strategy,Mental Agility,5.0,5,Expert,4.84,96.0,>= 90th Percentile,Expert-level Mental Agility; demonstrates exceptional Inquisitiveness - asks penetrating 'why' and 'what if' questions that reframe problems; functions as a true Broad Scanner with interests spanning multiple unrelated disciplines; masterful Complexity handling; acts as a Connector drawing powerful analogies across domains; effective Improver/Critic who challenges assumptions constructively.
LTM766566,Bhavika Nigam,Specialist - Corporate Strategy,People Agility,5.0,5,Expert,4.84,96.0,>= 90th Percentile,Expert People Agility; genuinely Open-Minded - actively seeks perspectives radically unlike their own; exceptional People Smart capability - reads unspoken group dynamics with accuracy; masterful Politically Savvy navigation of complex organisational dynamics; outstanding Communicator who tailors message and medium to every audience; demonstrates exceptional Role Flexibility.
LTM766566,Bhavika Nigam,Specialist - Corporate Strategy,Change Agility,4.86,5,Expert,4.84,96.0,>= 90th Percentile,Expert Change Agility; prototype Experimenter mindset - proactively tests new approaches and learns rapidly from pilots; highly Comfortable with Ambiguity; compelling Visionary who articulates and energises others around a future state; exceptional Stalwart - sustains effectiveness through prolonged transformation; skilled Innovation Manager who helps others navigate change.
LTM766566,Bhavika Nigam,Specialist - Corporate Strategy,Results Agility,5.0,5,Expert,4.84,96.0,>= 90th Percentile,Expert Results Agility; demonstrates exceptional Drive - sets highest standards and holds self and others rigorously accountable; commands immediate respect - strong executive Presence; outstanding Resourcefulness in finding paths forward with limited resources; consistently Inspires Others to exceed expectations in first-time situations; maintains exceptional Composure under the most intense pressure.
LTM766566,Bhavika Nigam,Specialist - Corporate Strategy,Self-Awareness,4.35,4,Advanced,4.84,96.0,>= 90th Percentile,Advanced Self-Awareness; actively seeks and acts on feedback; demonstrates strong Reflective behaviour; generally accurate Self-Knowledge with minor blind spots; follows a consistent Personal Development plan; manages emotional responses well in most high-pressure situations.
LTM165532,Bimala Bhargava,Advisor,Mental Agility,5.0,5,Expert,4.69,92.0,>= 90th Percentile,Expert-level Mental Agility; demonstrates exceptional Inquisitiveness - asks penetrating 'why' and 'what if' questions that reframe problems; functions as a true Broad Scanner with interests spanning multiple unrelated disciplines; masterful Complexity handling; acts as a Connector drawing powerful analogies across domains; effective Improver/Critic who challenges assumptions constructively.
LTM165532,Bimala Bhargava,Advisor,People Agility,4.09,4,Advanced,4.69,92.0,>= 90th Percentile,Advanced People Agility; strong Open-Minded orientation; good People Smart - accurately reads most interpersonal dynamics; navigates organisational politics ethically and effectively; tailors communication well; shows good Role Flexibility across different team contexts.
LTM165532,Bimala Bhargava,Advisor,Change Agility,4.94,5,Expert,4.69,92.0,>= 90th Percentile,Expert Change Agility; prototype Experimenter mindset - proactively tests new approaches and learns rapidly from pilots; highly Comfortable with Ambiguity; compelling Visionary who articulates and energises others around a future state; exceptional Stalwart - sustains effectiveness through prolonged transformation; skilled Innovation Manager who helps others navigate change.
LTM165532,Bimala Bhargava,Advisor,Results Agility,5.0,5,Expert,4.69,92.0,>= 90th Percentile,Expert Results Agility; demonstrates exceptional Drive - sets highest standards and holds self and others rigorously accountable; commands immediate respect - strong executive Presence; outstanding Resourcefulness in finding paths forward with limited resources; consistently Inspires Others to exceed expectations in first-time situations; maintains exceptional Composure under the most intense pressure.
LTM165532,Bimala Bhargava,Advisor,Self-Awareness,4.41,4,Advanced,4.69,92.0,>= 90th Percentile,Advanced Self-Awareness; actively seeks and acts on feedback; demonstrates strong Reflective behaviour; generally accurate Self-Knowledge with minor blind spots; follows a consistent Personal Development plan; manages emotional responses well in most high-pressure situations.
LTM333315,Bimala Varkey,Senior Executive - Corporate Strategy,Mental Agility,4.41,4,Advanced,4.51,88.0,>= 90th Percentile,Advanced Mental Agility; strong Inquisitiveness and Broad Scanning behaviour; handles complexity well; makes useful connections across disciplines; challenges existing approaches constructively; solid critical and creative problem-solving capability.
LTM333315,Bimala Varkey,Senior Executive - Corporate Strategy,People Agility,5.0,5,Expert,4.51,88.0,>= 90th Percentile,Expert People Agility; genuinely Open-Minded - actively seeks perspectives radically unlike their own; exceptional People Smart capability - reads unspoken group dynamics with accuracy; masterful Politically Savvy navigation of complex organisational dynamics; outstanding Communicator who tailors message and medium to every audience; demonstrates exceptional Role Flexibility.
LTM333315,Bimala Varkey,Senior Executive - Corporate Strategy,Change Agility,4.72,5,Expert,4.51,88.0,>= 90th Percentile,Expert Change Agility; prototype Experimenter mindset - proactively tests new approaches and learns rapidly from pilots; highly Comfortable with Ambiguity; compelling Visionary who articulates and energises others around a future state; exceptional Stalwart - sustains effectiveness through prolonged transformation; skilled Innovation Manager who helps others navigate change.
LTM333315,Bimala Varkey,Senior Executive - Corporate Strategy,Results Agility,4.23,4,Advanced,4.51,88.0,>= 90th Percentile,Advanced Results Agility; strong Drive with high self-accountability; solid executive Presence that builds confidence; demonstrates good Resourcefulness; effectively Inspires Others to high performance; maintains Composure well in most high-pressure situations.
LTM333315,Bimala Varkey,Senior Executive - Corporate Strategy,Self-Awareness,4.21,4,Advanced,4.51,88.0,>= 90th Percentile,Advanced Self-Awareness; actively seeks and acts on feedback; demonstrates strong Reflective behaviour; generally accurate Self-Knowledge with minor blind spots; follows a consistent Personal Development plan; manages emotional responses well in most high-pressure situations.
LTM865457,Dominic Solanki,Senior Director - Strategy and Excellence,Mental Agility,5.0,5,Expert,4.93,98.0,>= 90th Percentile,Expert-level Mental Agility; demonstrates exceptional Inquisitiveness - asks penetrating 'why' and 'what if' questions that reframe problems; functions as a true Broad Scanner with interests spanning multiple unrelated disciplines; masterful Complexity handling; acts as a Connector drawing powerful analogies across domains; effective Improver/Critic who challenges assumptions constructively.
LTM865457,Dominic Solanki,Senior Director - Strategy and Excellence,People Agility,5.0,5,Expert,4.93,98.0,>= 90th Percentile,Expert People Agility; genuinely Open-Minded - actively seeks perspectives radically unlike their own; exceptional People Smart capability - reads unspoken group dynamics with accuracy; masterful Politically Savvy navigation of complex organisational dynamics; outstanding Communicator who tailors message and medium to every audience; demonstrates exceptional Role Flexibility.
LTM865457,Dominic Solanki,Senior Director - Strategy and Excellence,Change Agility,5.0,5,Expert,4.93,98.0,>= 90th Percentile,Expert Change Agility; prototype Experimenter mindset - proactively tests new approaches and learns rapidly from pilots; highly Comfortable with Ambiguity; compelling Visionary who articulates and energises others around a future state; exceptional Stalwart - sustains effectiveness through prolonged transformation; skilled Innovation Manager who helps others navigate change.
LTM865457,Dominic Solanki,Senior Director - Strategy and Excellence,Results Agility,5.0,5,Expert,4.93,98.0,>= 90th Percentile,Expert Results Agility; demonstrates exceptional Drive - sets highest standards and holds self and others rigorously accountable; commands immediate respect - strong executive Presence; outstanding Resourcefulness in finding paths forward with limited resources; consistently Inspires Others to exceed expectations in first-time situations; maintains exceptional Composure under the most intense pressure.
LTM865457,Dominic Solanki,Senior Director - Strategy and Excellence,Self-Awareness,4.64,5,Expert,4.93,98.0,>= 90th Percentile,"Expert Self-Awareness; exceptionally Feedback-Oriented - proactively solicits critical feedback from all levels and acts on it rapidly; deep Reflective practice - consistently pauses to extract lessons before reacting; precise Self-Knowledge - highly accurate understanding of own strengths, derailers, and impact; maintains a disciplined Personal Development plan; outstanding Emotional Regulation in high-stakes moments."
LTM617056,Champak Chatterjee,CBO-AI Solutions and Services,Mental Agility,5.0,5,Expert,4.59,90.0,>= 90th Percentile,Expert-level Mental Agility; demonstrates exceptional Inquisitiveness - asks penetrating 'why' and 'what if' questions that reframe problems; functions as a true Broad Scanner with interests spanning multiple unrelated disciplines; masterful Complexity handling; acts as a Connector drawing powerful analogies across domains; effective Improver/Critic who challenges assumptions constructively.
LTM617056,Champak Chatterjee,CBO-AI Solutions and Services,People Agility,5.0,5,Expert,4.59,90.0,>= 90th Percentile,Expert People Agility; genuinely Open-Minded - actively seeks perspectives radically unlike their own; exceptional People Smart capability - reads unspoken group dynamics with accuracy; masterful Politically Savvy navigation of complex organisational dynamics; outstanding Communicator who tailors message and medium to every audience; demonstrates exceptional Role Flexibility.
LTM617056,Champak Chatterjee,CBO-AI Solutions and Services,Change Agility,5.0,5,Expert,4.59,90.0,>= 90th Percentile,Expert Change Agility; prototype Experimenter mindset - proactively tests new approaches and learns rapidly from pilots; highly Comfortable with Ambiguity; compelling Visionary who articulates and energises others around a future state; exceptional Stalwart - sustains effectiveness through prolonged transformation; skilled Innovation Manager who helps others navigate change.
LTM617056,Champak Chatterjee,CBO-AI Solutions and Services,Results Agility,3.91,4,Advanced,4.59,90.0,>= 90th Percentile,Advanced Results Agility; strong Drive with high self-accountability; solid executive Presence that builds confidence; demonstrates good Resourcefulness; effectively Inspires Others to high performance; maintains Composure well in most high-pressure situations.
LTM617056,Champak Chatterjee,CBO-AI Solutions and Services,Self-Awareness,4.03,4,Advanced,4.59,90.0,>= 90th Percentile,Advanced Self-Awareness; actively seeks and acts on feedback; demonstrates strong Reflective behaviour; generally accurate Self-Knowledge with minor blind spots; follows a consistent Personal Development plan; manages emotional responses well in most high-pressure situations.
LTM178803,Raagini Sampath,Senior Executive - Corporate Strategy,Mental Agility,5.0,5,Expert,4.7,93.0,>= 90th Percentile,Expert-level Mental Agility; demonstrates exceptional Inquisitiveness - asks penetrating 'why' and 'what if' questions that reframe problems; functions as a true Broad Scanner with interests spanning multiple unrelated disciplines; masterful Complexity handling; acts as a Connector drawing powerful analogies across domains; effective Improver/Critic who challenges assumptions constructively.
LTM178803,Raagini Sampath,Senior Executive - Corporate Strategy,People Agility,4.76,5,Expert,4.7,93.0,>= 90th Percentile,Expert People Agility; genuinely Open-Minded - actively seeks perspectives radically unlike their own; exceptional People Smart capability - reads unspoken group dynamics with accuracy; masterful Politically Savvy navigation of complex organisational dynamics; outstanding Communicator who tailors message and medium to every audience; demonstrates exceptional Role Flexibility.
LTM178803,Raagini Sampath,Senior Executive - Corporate Strategy,Change Agility,4.42,4,Advanced,4.7,93.0,>= 90th Percentile,Advanced Change Agility; demonstrates strong Experimenter orientation; comfortable with ambiguity in most situations; articulates a clear and motivating vision of change; sustains performance during significant transitions; helps team members adapt to change effectively.
LTM178803,Raagini Sampath,Senior Executive - Corporate Strategy,Results Agility,4.31,4,Advanced,4.7,93.0,>= 90th Percentile,Advanced Results Agility; strong Drive with high self-accountability; solid executive Presence that builds confidence; demonstrates good Resourcefulness; effectively Inspires Others to high performance; maintains Composure well in most high-pressure situations.
LTM178803,Raagini Sampath,Senior Executive - Corporate Strategy,Self-Awareness,5.0,5,Expert,4.7,93.0,>= 90th Percentile,"Expert Self-Awareness; exceptionally Feedback-Oriented - proactively solicits critical feedback from all levels and acts on it rapidly; deep Reflective practice - consistently pauses to extract lessons before reacting; precise Self-Knowledge - highly accurate understanding of own strengths, derailers, and impact; maintains a disciplined Personal Development plan; outstanding Emotional Regulation in high-stakes moments."
LTM791654,Vinaya Bhagat,Associate Vice President - Advisory,Mental Agility,5.0,5,Expert,4.79,95.0,>= 90th Percentile,Expert-level Mental Agility; demonstrates exceptional Inquisitiveness - asks penetrating 'why' and 'what if' questions that reframe problems; functions as a true Broad Scanner with interests spanning multiple unrelated disciplines; masterful Complexity handling; acts as a Connector drawing powerful analogies across domains; effective Improver/Critic who challenges assumptions constructively.
LTM791654,Vinaya Bhagat,Associate Vice President - Advisory,People Agility,5.0,5,Expert,4.79,95.0,>= 90th Percentile,Expert People Agility; genuinely Open-Minded - actively seeks perspectives radically unlike their own; exceptional People Smart capability - reads unspoken group dynamics with accuracy; masterful Politically Savvy navigation of complex organisational dynamics; outstanding Communicator who tailors message and medium to every audience; demonstrates exceptional Role Flexibility.
LTM791654,Vinaya Bhagat,Associate Vice President - Advisory,Change Agility,5.0,5,Expert,4.79,95.0,>= 90th Percentile,Expert Change Agility; prototype Experimenter mindset - proactively tests new approaches and learns rapidly from pilots; highly Comfortable with Ambiguity; compelling Visionary who articulates and energises others around a future state; exceptional Stalwart - sustains effectiveness through prolonged transformation; skilled Innovation Manager who helps others navigate change.
LTM791654,Vinaya Bhagat,Associate Vice President - Advisory,Results Agility,3.94,4,Advanced,4.79,95.0,>= 90th Percentile,Advanced Results Agility; strong Drive with high self-accountability; solid executive Presence that builds confidence; demonstrates good Resourcefulness; effectively Inspires Others to high performance; maintains Composure well in most high-pressure situations.
LTM791654,Vinaya Bhagat,Associate Vice President - Advisory,Self-Awareness,5.0,5,Expert,4.79,95.0,>= 90th Percentile,"Expert Self-Awareness; exceptionally Feedback-Oriented - proactively solicits critical feedback from all levels and acts on it rapidly; deep Reflective practice - consistently pauses to extract lessons before reacting; precise Self-Knowledge - highly accurate understanding of own strengths, derailers, and impact; maintains a disciplined Personal Development plan; outstanding Emotional Regulation in high-stakes moments."
LTM751014,Bhavani Rau,Senior Director - Treasury,Mental Agility,5.0,5,Expert,4.83,96.0,>= 90th Percentile,Expert-level Mental Agility; demonstrates exceptional Inquisitiveness - asks penetrating 'why' and 'what if' questions that reframe problems; functions as a true Broad Scanner with interests spanning multiple unrelated disciplines; masterful Complexity handling; acts as a Connector drawing powerful analogies across domains; effective Improver/Critic who challenges assumptions constructively.
LTM751014,Bhavani Rau,Senior Director - Treasury,People Agility,5.0,5,Expert,4.83,96.0,>= 90th Percentile,Expert People Agility; genuinely Open-Minded - actively seeks perspectives radically unlike their own; exceptional People Smart capability - reads unspoken group dynamics with accuracy; masterful Politically Savvy navigation of complex organisational dynamics; outstanding Communicator who tailors message and medium to every audience; demonstrates exceptional Role Flexibility.
LTM751014,Bhavani Rau,Senior Director - Treasury,Change Agility,4.34,4,Advanced,4.83,96.0,>= 90th Percentile,Advanced Change Agility; demonstrates strong Experimenter orientation; comfortable with ambiguity in most situations; articulates a clear and motivating vision of change; sustains performance during significant transitions; helps team members adapt to change effectively.
LTM751014,Bhavani Rau,Senior Director - Treasury,Results Agility,4.92,5,Expert,4.83,96.0,>= 90th Percentile,Expert Results Agility; demonstrates exceptional Drive - sets highest standards and holds self and others rigorously accountable; commands immediate respect - strong executive Presence; outstanding Resourcefulness in finding paths forward with limited resources; consistently Inspires Others to exceed expectations in first-time situations; maintains exceptional Composure under the most intense pressure.
LTM751014,Bhavani Rau,Senior Director - Treasury,Self-Awareness,4.91,5,Expert,4.83,96.0,>= 90th Percentile,"Expert Self-Awareness; exceptionally Feedback-Oriented - proactively solicits critical feedback from all levels and acts on it rapidly; deep Reflective practice - consistently pauses to extract lessons before reacting; precise Self-Knowledge - highly accurate understanding of own strengths, derailers, and impact; maintains a disciplined Personal Development plan; outstanding Emotional Regulation in high-stakes moments."
LTM073109,Chatura Kothari,Associate Principal - Programme and Project Management,Mental Agility,5.0,5,Expert,4.64,91.0,>= 90th Percentile,Expert-level Mental Agility; demonstrates exceptional Inquisitiveness - asks penetrating 'why' and 'what if' questions that reframe problems; functions as a true Broad Scanner with interests spanning multiple unrelated disciplines; masterful Complexity handling; acts as a Connector drawing powerful analogies across domains; effective Improver/Critic who challenges assumptions constructively.
LTM073109,Chatura Kothari,Associate Principal - Programme and Project Management,People Agility,4.44,4,Advanced,4.64,91.0,>= 90th Percentile,Advanced People Agility; strong Open-Minded orientation; good People Smart - accurately reads most interpersonal dynamics; navigates organisational politics ethically and effectively; tailors communication well; shows good Role Flexibility across different team contexts.
LTM073109,Chatura Kothari,Associate Principal - Programme and Project Management,Change Agility,4.7,5,Expert,4.64,91.0,>= 90th Percentile,Expert Change Agility; prototype Experimenter mindset - proactively tests new approaches and learns rapidly from pilots; highly Comfortable with Ambiguity; compelling Visionary who articulates and energises others around a future state; exceptional Stalwart - sustains effectiveness through prolonged transformation; skilled Innovation Manager who helps others navigate change.
LTM073109,Chatura Kothari,Associate Principal - Programme and Project Management,Results Agility,4.63,5,Expert,4.64,91.0,>= 90th Percentile,Expert Results Agility; demonstrates exceptional Drive - sets highest standards and holds self and others rigorously accountable; commands immediate respect - strong executive Presence; outstanding Resourcefulness in finding paths forward with limited resources; consistently Inspires Others to exceed expectations in first-time situations; maintains exceptional Composure under the most intense pressure.
LTM073109,Chatura Kothari,Associate Principal - Programme and Project Management,Self-Awareness,4.44,4,Advanced,4.64,91.0,>= 90th Percentile,Advanced Self-Awareness; actively seeks and acts on feedback; demonstrates strong Reflective behaviour; generally accurate Self-Knowledge with minor blind spots; follows a consistent Personal Development plan; manages emotional responses well in most high-pressure situations.
LTM230474,Ikshita Yadav,Senior Vice President,Mental Agility,5.0,5,Expert,4.68,92.0,>= 90th Percentile,Expert-level Mental Agility; demonstrates exceptional Inquisitiveness - asks penetrating 'why' and 'what if' questions that reframe problems; functions as a true Broad Scanner with interests spanning multiple unrelated disciplines; masterful Complexity handling; acts as a Connector drawing powerful analogies across domains; effective Improver/Critic who challenges assumptions constructively.
LTM230474,Ikshita Yadav,Senior Vice President,People Agility,3.42,3,Developing,4.68,92.0,>= 90th Percentile,Developing-to-Effective People Agility; shows reasonable Open-Mindedness; People Smart in familiar social contexts; manages organisational dynamics adequately; communicates clearly though style adaptation is developing; demonstrates adequate Role Flexibility.
LTM230474,Ikshita Yadav,Senior Vice President,Change Agility,5.0,5,Expert,4.68,92.0,>= 90th Percentile,Expert Change Agility; prototype Experimenter mindset - proactively tests new approaches and learns rapidly from pilots; highly Comfortable with Ambiguity; compelling Visionary who articulates and energises others around a future state; exceptional Stalwart - sustains effectiveness through prolonged transformation; skilled Innovation Manager who helps others navigate change.
LTM230474,Ikshita Yadav,Senior Vice President,Results Agility,5.0,5,Expert,4.68,92.0,>= 90th Percentile,Expert Results Agility; demonstrates exceptional Drive - sets highest standards and holds self and others rigorously accountable; commands immediate respect - strong executive Presence; outstanding Resourcefulness in finding paths forward with limited resources; consistently Inspires Others to exceed expectations in first-time situations; maintains exceptional Composure under the most intense pressure.
LTM230474,Ikshita Yadav,Senior Vice President,Self-Awareness,5.0,5,Expert,4.68,92.0,>= 90th Percentile,"Expert Self-Awareness; exceptionally Feedback-Oriented - proactively solicits critical feedback from all levels and acts on it rapidly; deep Reflective practice - consistently pauses to extract lessons before reacting; precise Self-Knowledge - highly accurate understanding of own strengths, derailers, and impact; maintains a disciplined Personal Development plan; outstanding Emotional Regulation in high-stakes moments."
LTM746680,Liam Shere,CBO-AI Solutions and Services,Mental Agility,4.9,5,Expert,4.77,94.0,>= 90th Percentile,Expert-level Mental Agility; demonstrates exceptional Inquisitiveness - asks penetrating 'why' and 'what if' questions that reframe problems; functions as a true Broad Scanner with interests spanning multiple unrelated disciplines; masterful Complexity handling; acts as a Connector drawing powerful analogies across domains; effective Improver/Critic who challenges assumptions constructively.
LTM746680,Liam Shere,CBO-AI Solutions and Services,People Agility,4.89,5,Expert,4.77,94.0,>= 90th Percentile,Expert People Agility; genuinely Open-Minded - actively seeks perspectives radically unlike their own; exceptional People Smart capability - reads unspoken group dynamics with accuracy; masterful Politically Savvy navigation of complex organisational dynamics; outstanding Communicator who tailors message and medium to every audience; demonstrates exceptional Role Flexibility.
LTM746680,Liam Shere,CBO-AI Solutions and Services,Change Agility,5.0,5,Expert,4.77,94.0,>= 90th Percentile,Expert Change Agility; prototype Experimenter mindset - proactively tests new approaches and learns rapidly from pilots; highly Comfortable with Ambiguity; compelling Visionary who articulates and energises others around a future state; exceptional Stalwart - sustains effectiveness through prolonged transformation; skilled Innovation Manager who helps others navigate change.
LTM746680,Liam Shere,CBO-AI Solutions and Services,Results Agility,5.0,5,Expert,4.77,94.0,>= 90th Percentile,Expert Results Agility; demonstrates exceptional Drive - sets highest standards and holds self and others rigorously accountable; commands immediate respect - strong executive Presence; outstanding Resourcefulness in finding paths forward with limited resources; consistently Inspires Others to exceed expectations in first-time situations; maintains exceptional Composure under the most intense pressure.
LTM746680,Liam Shere,CBO-AI Solutions and Services,Self-Awareness,4.07,4,Advanced,4.77,94.0,>= 90th Percentile,Advanced Self-Awareness; actively seeks and acts on feedback; demonstrates strong Reflective behaviour; generally accurate Self-Knowledge with minor blind spots; follows a consistent Personal Development plan; manages emotional responses well in most high-pressure situations.
LTM062744,Baljiwan Savant,Associate Principal - Programme and Project Management,Mental Agility,5.0,5,Expert,4.92,98.0,>= 90th Percentile,Expert-level Mental Agility; demonstrates exceptional Inquisitiveness - asks penetrating 'why' and 'what if' questions that reframe problems; functions as a true Broad Scanner with interests spanning multiple unrelated disciplines; masterful Complexity handling; acts as a Connector drawing powerful analogies across domains; effective Improver/Critic who challenges assumptions constructively.
LTM062744,Baljiwan Savant,Associate Principal - Programme and Project Management,People Agility,5.0,5,Expert,4.92,98.0,>= 90th Percentile,Expert People Agility; genuinely Open-Minded - actively seeks perspectives radically unlike their own; exceptional People Smart capability - reads unspoken group dynamics with accuracy; masterful Politically Savvy navigation of complex organisational dynamics; outstanding Communicator who tailors message and medium to every audience; demonstrates exceptional Role Flexibility.
LTM062744,Baljiwan Savant,Associate Principal - Programme and Project Management,Change Agility,4.73,5,Expert,4.92,98.0,>= 90th Percentile,Expert Change Agility; prototype Experimenter mindset - proactively tests new approaches and learns rapidly from pilots; highly Comfortable with Ambiguity; compelling Visionary who articulates and energises others around a future state; exceptional Stalwart - sustains effectiveness through prolonged transformation; skilled Innovation Manager who helps others navigate change.
LTM062744,Baljiwan Savant,Associate Principal - Programme and Project Management,Results Agility,5.0,5,Expert,4.92,98.0,>= 90th Percentile,Expert Results Agility; demonstrates exceptional Drive - sets highest standards and holds self and others rigorously accountable; commands immediate respect - strong executive Presence; outstanding Resourcefulness in finding paths forward with limited resources; consistently Inspires Others to exceed expectations in first-time situations; maintains exceptional Composure under the most intense pressure.
LTM062744,Baljiwan Savant,Associate Principal - Programme and Project Management,Self-Awareness,4.85,5,Expert,4.92,98.0,>= 90th Percentile,"Expert Self-Awareness; exceptionally Feedback-Oriented - proactively solicits critical feedback from all levels and acts on it rapidly; deep Reflective practice - consistently pauses to extract lessons before reacting; precise Self-Knowledge - highly accurate understanding of own strengths, derailers, and impact; maintains a disciplined Personal Development plan; outstanding Emotional Regulation in high-stakes moments."
LTM636463,Arya Zachariah,Senior Executive - Secretarial,Mental Agility,5.0,5,Expert,4.95,99.0,>= 90th Percentile,Expert-level Mental Agility; demonstrates exceptional Inquisitiveness - asks penetrating 'why' and 'what if' questions that reframe problems; functions as a true Broad Scanner with interests spanning multiple unrelated disciplines; masterful Complexity handling; acts as a Connector drawing powerful analogies across domains; effective Improver/Critic who challenges assumptions constructively.
LTM636463,Arya Zachariah,Senior Executive - Secretarial,People Agility,5.0,5,Expert,4.95,99.0,>= 90th Percentile,Expert People Agility; genuinely Open-Minded - actively seeks perspectives radically unlike their own; exceptional People Smart capability - reads unspoken group dynamics with accuracy; masterful Politically Savvy navigation of complex organisational dynamics; outstanding Communicator who tailors message and medium to every audience; demonstrates exceptional Role Flexibility.
LTM636463,Arya Zachariah,Senior Executive - Secretarial,Change Agility,5.0,5,Expert,4.95,99.0,>= 90th Percentile,Expert Change Agility; prototype Experimenter mindset - proactively tests new approaches and learns rapidly from pilots; highly Comfortable with Ambiguity; compelling Visionary who articulates and energises others around a future state; exceptional Stalwart - sustains effectiveness through prolonged transformation; skilled Innovation Manager who helps others navigate change.
LTM636463,Arya Zachariah,Senior Executive - Secretarial,Results Agility,4.92,5,Expert,4.95,99.0,>= 90th Percentile,Expert Results Agility; demonstrates exceptional Drive - sets highest standards and holds self and others rigorously accountable; commands immediate respect - strong executive Presence; outstanding Resourcefulness in finding paths forward with limited resources; consistently Inspires Others to exceed expectations in first-time situations; maintains exceptional Composure under the most intense pressure.
LTM636463,Arya Zachariah,Senior Executive - Secretarial,Self-Awareness,4.85,5,Expert,4.95,99.0,>= 90th Percentile,"Expert Self-Awareness; exceptionally Feedback-Oriented - proactively solicits critical feedback from all levels and acts on it rapidly; deep Reflective practice - consistently pauses to extract lessons before reacting; precise Self-Knowledge - highly accurate understanding of own strengths, derailers, and impact; maintains a disciplined Personal Development plan; outstanding Emotional Regulation in high-stakes moments."
LTM743522,Samar Sunder,Associate Principal - Secretarial,Mental Agility,5.0,5,Expert,4.81,95.0,>= 90th Percentile,Expert-level Mental Agility; demonstrates exceptional Inquisitiveness - asks penetrating 'why' and 'what if' questions that reframe problems; functions as a true Broad Scanner with interests spanning multiple unrelated disciplines; masterful Complexity handling; acts as a Connector drawing powerful analogies across domains; effective Improver/Critic who challenges assumptions constructively.
LTM743522,Samar Sunder,Associate Principal - Secretarial,People Agility,4.82,5,Expert,4.81,95.0,>= 90th Percentile,Expert People Agility; genuinely Open-Minded - actively seeks perspectives radically unlike their own; exceptional People Smart capability - reads unspoken group dynamics with accuracy; masterful Politically Savvy navigation of complex organisational dynamics; outstanding Communicator who tailors message and medium to every audience; demonstrates exceptional Role Flexibility.
LTM743522,Samar Sunder,Associate Principal - Secretarial,Change Agility,5.0,5,Expert,4.81,95.0,>= 90th Percentile,Expert Change Agility; prototype Experimenter mindset - proactively tests new approaches and learns rapidly from pilots; highly Comfortable with Ambiguity; compelling Visionary who articulates and energises others around a future state; exceptional Stalwart - sustains effectiveness through prolonged transformation; skilled Innovation Manager who helps others navigate change.
LTM743522,Samar Sunder,Associate Principal - Secretarial,Results Agility,5.0,5,Expert,4.81,95.0,>= 90th Percentile,Expert Results Agility; demonstrates exceptional Drive - sets highest standards and holds self and others rigorously accountable; commands immediate respect - strong executive Presence; outstanding Resourcefulness in finding paths forward with limited resources; consistently Inspires Others to exceed expectations in first-time situations; maintains exceptional Composure under the most intense pressure.
LTM743522,Samar Sunder,Associate Principal - Secretarial,Self-Awareness,4.23,4,Advanced,4.81,95.0,>= 90th Percentile,Advanced Self-Awareness; actively seeks and acts on feedback; demonstrates strong Reflective behaviour; generally accurate Self-Knowledge with minor blind spots; follows a consistent Personal Development plan; manages emotional responses well in most high-pressure situations.
LTM560397,Gayathri Raghavan,Associate Principal - Programme and Project Management,Mental Agility,5.0,5,Expert,4.75,94.0,>= 90th Percentile,Expert-level Mental Agility; demonstrates exceptional Inquisitiveness - asks penetrating 'why' and 'what if' questions that reframe problems; functions as a true Broad Scanner with interests spanning multiple unrelated disciplines; masterful Complexity handling; acts as a Connector drawing powerful analogies across domains; effective Improver/Critic who challenges assumptions constructively.
LTM560397,Gayathri Raghavan,Associate Principal - Programme and Project Management,People Agility,4.79,5,Expert,4.75,94.0,>= 90th Percentile,Expert People Agility; genuinely Open-Minded - actively seeks perspectives radically unlike their own; exceptional People Smart capability - reads unspoken group dynamics with accuracy; masterful Politically Savvy navigation of complex organisational dynamics; outstanding Communicator who tailors message and medium to every audience; demonstrates exceptional Role Flexibility.
LTM560397,Gayathri Raghavan,Associate Principal - Programme and Project Management,Change Agility,5.0,5,Expert,4.75,94.0,>= 90th Percentile,Expert Change Agility; prototype Experimenter mindset - proactively tests new approaches and learns rapidly from pilots; highly Comfortable with Ambiguity; compelling Visionary who articulates and energises others around a future state; exceptional Stalwart - sustains effectiveness through prolonged transformation; skilled Innovation Manager who helps others navigate change.
LTM560397,Gayathri Raghavan,Associate Principal - Programme and Project Management,Results Agility,4.29,4,Advanced,4.75,94.0,>= 90th Percentile,Advanced Results Agility; strong Drive with high self-accountability; solid executive Presence that builds confidence; demonstrates good Resourcefulness; effectively Inspires Others to high performance; maintains Composure well in most high-pressure situations.
LTM560397,Gayathri Raghavan,Associate Principal - Programme and Project Management,Self-Awareness,4.69,5,Expert,4.75,94.0,>= 90th Percentile,"Expert Self-Awareness; exceptionally Feedback-Oriented - proactively solicits critical feedback from all levels and acts on it rapidly; deep Reflective practice - consistently pauses to extract lessons before reacting; precise Self-Knowledge - highly accurate understanding of own strengths, derailers, and impact; maintains a disciplined Personal Development plan; outstanding Emotional Regulation in high-stakes moments."
LTM580065,Mekhala Sampath,CBO-AI Solutions and Services,Mental Agility,5.0,5,Expert,4.77,94.0,>= 90th Percentile,Expert-level Mental Agility; demonstrates exceptional Inquisitiveness - asks penetrating 'why' and 'what if' questions that reframe problems; functions as a true Broad Scanner with interests spanning multiple unrelated disciplines; masterful Complexity handling; acts as a Connector drawing powerful analogies across domains; effective Improver/Critic who challenges assumptions constructively.
LTM580065,Mekhala Sampath,CBO-AI Solutions and Services,People Agility,3.84,4,Advanced,4.77,94.0,>= 90th Percentile,Advanced People Agility; strong Open-Minded orientation; good People Smart - accurately reads most interpersonal dynamics; navigates organisational politics ethically and effectively; tailors communication well; shows good Role Flexibility across different team contexts.
LTM580065,Mekhala Sampath,CBO-AI Solutions and Services,Change Agility,5.0,5,Expert,4.77,94.0,>= 90th Percentile,Expert Change Agility; prototype Experimenter mindset - proactively tests new approaches and learns rapidly from pilots; highly Comfortable with Ambiguity; compelling Visionary who articulates and energises others around a future state; exceptional Stalwart - sustains effectiveness through prolonged transformation; skilled Innovation Manager who helps others navigate change.
LTM580065,Mekhala Sampath,CBO-AI Solutions and Services,Results Agility,5.0,5,Expert,4.77,94.0,>= 90th Percentile,Expert Results Agility; demonstrates exceptional Drive - sets highest standards and holds self and others rigorously accountable; commands immediate respect - strong executive Presence; outstanding Resourcefulness in finding paths forward with limited resources; consistently Inspires Others to exceed expectations in first-time situations; maintains exceptional Composure under the most intense pressure.
LTM580065,Mekhala Sampath,CBO-AI Solutions and Services,Self-Awareness,5.0,5,Expert,4.77,94.0,>= 90th Percentile,"Expert Self-Awareness; exceptionally Feedback-Oriented - proactively solicits critical feedback from all levels and acts on it rapidly; deep Reflective practice - consistently pauses to extract lessons before reacting; precise Self-Knowledge - highly accurate understanding of own strengths, derailers, and impact; maintains a disciplined Personal Development plan; outstanding Emotional Regulation in high-stakes moments."
LTM318393,Garima Gupta,Executive - Corporate Strategy,Mental Agility,4.69,5,Expert,4.56,89.0,>= 90th Percentile,Expert-level Mental Agility; demonstrates exceptional Inquisitiveness - asks penetrating 'why' and 'what if' questions that reframe problems; functions as a true Broad Scanner with interests spanning multiple unrelated disciplines; masterful Complexity handling; acts as a Connector drawing powerful analogies across domains; effective Improver/Critic who challenges assumptions constructively.
LTM318393,Garima Gupta,Executive - Corporate Strategy,People Agility,4.73,5,Expert,4.56,89.0,>= 90th Percentile,Expert People Agility; genuinely Open-Minded - actively seeks perspectives radically unlike their own; exceptional People Smart capability - reads unspoken group dynamics with accuracy; masterful Politically Savvy navigation of complex organisational dynamics; outstanding Communicator who tailors message and medium to every audience; demonstrates exceptional Role Flexibility.
LTM318393,Garima Gupta,Executive - Corporate Strategy,Change Agility,4.78,5,Expert,4.56,89.0,>= 90th Percentile,Expert Change Agility; prototype Experimenter mindset - proactively tests new approaches and learns rapidly from pilots; highly Comfortable with Ambiguity; compelling Visionary who articulates and energises others around a future state; exceptional Stalwart - sustains effectiveness through prolonged transformation; skilled Innovation Manager who helps others navigate change.
LTM318393,Garima Gupta,Executive - Corporate Strategy,Results Agility,5.0,5,Expert,4.56,89.0,>= 90th Percentile,Expert Results Agility; demonstrates exceptional Drive - sets highest standards and holds self and others rigorously accountable; commands immediate respect - strong executive Presence; outstanding Resourcefulness in finding paths forward with limited resources; consistently Inspires Others to exceed expectations in first-time situations; maintains exceptional Composure under the most intense pressure.
LTM318393,Garima Gupta,Executive - Corporate Strategy,Self-Awareness,3.62,4,Advanced,4.56,89.0,>= 90th Percentile,Advanced Self-Awareness; actively seeks and acts on feedback; demonstrates strong Reflective behaviour; generally accurate Self-Knowledge with minor blind spots; follows a consistent Personal Development plan; manages emotional responses well in most high-pressure situations.
LTM857283,Ayush Trivedi,Executive - Corporate Strategy,Mental Agility,5.0,5,Expert,5.0,100.0,>= 90th Percentile,Expert-level Mental Agility; demonstrates exceptional Inquisitiveness - asks penetrating 'why' and 'what if' questions that reframe problems; functions as a true Broad Scanner with interests spanning multiple unrelated disciplines; masterful Complexity handling; acts as a Connector drawing powerful analogies across domains; effective Improver/Critic who challenges assumptions constructively.
LTM857283,Ayush Trivedi,Executive - Corporate Strategy,People Agility,5.0,5,Expert,5.0,100.0,>= 90th Percentile,Expert People Agility; genuinely Open-Minded - actively seeks perspectives radically unlike their own; exceptional People Smart capability - reads unspoken group dynamics with accuracy; masterful Politically Savvy navigation of complex organisational dynamics; outstanding Communicator who tailors message and medium to every audience; demonstrates exceptional Role Flexibility.
LTM857283,Ayush Trivedi,Executive - Corporate Strategy,Change Agility,5.0,5,Expert,5.0,100.0,>= 90th Percentile,Expert Change Agility; prototype Experimenter mindset - proactively tests new approaches and learns rapidly from pilots; highly Comfortable with Ambiguity; compelling Visionary who articulates and energises others around a future state; exceptional Stalwart - sustains effectiveness through prolonged transformation; skilled Innovation Manager who helps others navigate change.
LTM857283,Ayush Trivedi,Executive - Corporate Strategy,Results Agility,5.0,5,Expert,5.0,100.0,>= 90th Percentile,Expert Results Agility; demonstrates exceptional Drive - sets highest standards and holds self and others rigorously accountable; commands immediate respect - strong executive Presence; outstanding Resourcefulness in finding paths forward with limited resources; consistently Inspires Others to exceed expectations in first-time situations; maintains exceptional Composure under the most intense pressure.
LTM857283,Ayush Trivedi,Executive - Corporate Strategy,Self-Awareness,5.0,5,Expert,5.0,100.0,>= 90th Percentile,"Expert Self-Awareness; exceptionally Feedback-Oriented - proactively solicits critical feedback from all levels and acts on it rapidly; deep Reflective practice - consistently pauses to extract lessons before reacting; precise Self-Knowledge - highly accurate understanding of own strengths, derailers, and impact; maintains a disciplined Personal Development plan; outstanding Emotional Regulation in high-stakes moments."
LTM816091,Quincy Biswas,Executive - Corporate Strategy,Mental Agility,5.0,5,Expert,4.97,99.0,>= 90th Percentile,Expert-level Mental Agility; demonstrates exceptional Inquisitiveness - asks penetrating 'why' and 'what if' questions that reframe problems; functions as a true Broad Scanner with interests spanning multiple unrelated disciplines; masterful Complexity handling; acts as a Connector drawing powerful analogies across domains; effective Improver/Critic who challenges assumptions constructively.
LTM816091,Quincy Biswas,Executive - Corporate Strategy,People Agility,4.83,5,Expert,4.97,99.0,>= 90th Percentile,Expert People Agility; genuinely Open-Minded - actively seeks perspectives radically unlike their own; exceptional People Smart capability - reads unspoken group dynamics with accuracy; masterful Politically Savvy navigation of complex organisational dynamics; outstanding Communicator who tailors message and medium to every audience; demonstrates exceptional Role Flexibility.
LTM816091,Quincy Biswas,Executive - Corporate Strategy,Change Agility,5.0,5,Expert,4.97,99.0,>= 90th Percentile,Expert Change Agility; prototype Experimenter mindset - proactively tests new approaches and learns rapidly from pilots; highly Comfortable with Ambiguity; compelling Visionary who articulates and energises others around a future state; exceptional Stalwart - sustains effectiveness through prolonged transformation; skilled Innovation Manager who helps others navigate change.
LTM816091,Quincy Biswas,Executive - Corporate Strategy,Results Agility,5.0,5,Expert,4.97,99.0,>= 90th Percentile,Expert Results Agility; demonstrates exceptional Drive - sets highest standards and holds self and others rigorously accountable; commands immediate respect - strong executive Presence; outstanding Resourcefulness in finding paths forward with limited resources; consistently Inspires Others to exceed expectations in first-time situations; maintains exceptional Composure under the most intense pressure.
LTM816091,Quincy Biswas,Executive - Corporate Strategy,Self-Awareness,5.0,5,Expert,4.97,99.0,>= 90th Percentile,"Expert Self-Awareness; exceptionally Feedback-Oriented - proactively solicits critical feedback from all levels and acts on it rapidly; deep Reflective practice - consistently pauses to extract lessons before reacting; precise Self-Knowledge - highly accurate understanding of own strengths, derailers, and impact; maintains a disciplined Personal Development plan; outstanding Emotional Regulation in high-stakes moments."
LTM945568,Jacob Raval,Executive - Corporate Strategy,Mental Agility,4.95,5,Expert,4.99,100.0,>= 90th Percentile,Expert-level Mental Agility; demonstrates exceptional Inquisitiveness - asks penetrating 'why' and 'what if' questions that reframe problems; functions as a true Broad Scanner with interests spanning multiple unrelated disciplines; masterful Complexity handling; acts as a Connector drawing powerful analogies across domains; effective Improver/Critic who challenges assumptions constructively.
LTM945568,Jacob Raval,Executive - Corporate Strategy,People Agility,5.0,5,Expert,4.99,100.0,>= 90th Percentile,Expert People Agility; genuinely Open-Minded - actively seeks perspectives radically unlike their own; exceptional People Smart capability - reads unspoken group dynamics with accuracy; masterful Politically Savvy navigation of complex organisational dynamics; outstanding Communicator who tailors message and medium to every audience; demonstrates exceptional Role Flexibility.
LTM945568,Jacob Raval,Executive - Corporate Strategy,Change Agility,5.0,5,Expert,4.99,100.0,>= 90th Percentile,Expert Change Agility; prototype Experimenter mindset - proactively tests new approaches and learns rapidly from pilots; highly Comfortable with Ambiguity; compelling Visionary who articulates and energises others around a future state; exceptional Stalwart - sustains effectiveness through prolonged transformation; skilled Innovation Manager who helps others navigate change.
LTM945568,Jacob Raval,Executive - Corporate Strategy,Results Agility,5.0,5,Expert,4.99,100.0,>= 90th Percentile,Expert Results Agility; demonstrates exceptional Drive - sets highest standards and holds self and others rigorously accountable; commands immediate respect - strong executive Presence; outstanding Resourcefulness in finding paths forward with limited resources; consistently Inspires Others to exceed expectations in first-time situations; maintains exceptional Composure under the most intense pressure.
LTM945568,Jacob Raval,Executive - Corporate Strategy,Self-Awareness,5.0,5,Expert,4.99,100.0,>= 90th Percentile,"Expert Self-Awareness; exceptionally Feedback-Oriented - proactively solicits critical feedback from all levels and acts on it rapidly; deep Reflective practice - consistently pauses to extract lessons before reacting; precise Self-Knowledge - highly accurate understanding of own strengths, derailers, and impact; maintains a disciplined Personal Development plan; outstanding Emotional Regulation in high-stakes moments."
LTM597255,Krishna Baral,Associate Principal - Programme and Project Management,Mental Agility,5.0,5,Expert,4.78,95.0,>= 90th Percentile,Expert-level Mental Agility; demonstrates exceptional Inquisitiveness - asks penetrating 'why' and 'what if' questions that reframe problems; functions as a true Broad Scanner with interests spanning multiple unrelated disciplines; masterful Complexity handling; acts as a Connector drawing powerful analogies across domains; effective Improver/Critic who challenges assumptions constructively.
LTM597255,Krishna Baral,Associate Principal - Programme and Project Management,People Agility,4.11,4,Advanced,4.78,95.0,>= 90th Percentile,Advanced People Agility; strong Open-Minded orientation; good People Smart - accurately reads most interpersonal dynamics; navigates organisational politics ethically and effectively; tailors communication well; shows good Role Flexibility across different team contexts.
LTM597255,Krishna Baral,Associate Principal - Programme and Project Management,Change Agility,5.0,5,Expert,4.78,95.0,>= 90th Percentile,Expert Change Agility; prototype Experimenter mindset - proactively tests new approaches and learns rapidly from pilots; highly Comfortable with Ambiguity; compelling Visionary who articulates and energises others around a future state; exceptional Stalwart - sustains effectiveness through prolonged transformation; skilled Innovation Manager who helps others navigate change.
LTM597255,Krishna Baral,Associate Principal - Programme and Project Management,Results Agility,5.0,5,Expert,4.78,95.0,>= 90th Percentile,Expert Results Agility; demonstrates exceptional Drive - sets highest standards and holds self and others rigorously accountable; commands immediate respect - strong executive Presence; outstanding Resourcefulness in finding paths forward with limited resources; consistently Inspires Others to exceed expectations in first-time situations; maintains exceptional Composure under the most intense pressure.
LTM597255,Krishna Baral,Associate Principal - Programme and Project Management,Self-Awareness,4.81,5,Expert,4.78,95.0,>= 90th Percentile,"Expert Self-Awareness; exceptionally Feedback-Oriented - proactively solicits critical feedback from all levels and acts on it rapidly; deep Reflective practice - consistently pauses to extract lessons before reacting; precise Self-Knowledge - highly accurate understanding of own strengths, derailers, and impact; maintains a disciplined Personal Development plan; outstanding Emotional Regulation in high-stakes moments."
LTM217209,Ubika Virk,Associate Principal - Secretarial,Mental Agility,4.26,4,Advanced,4.5,88.0,75th-89th Percentile,Advanced Mental Agility; strong Inquisitiveness and Broad Scanning behaviour; handles complexity well; makes useful connections across disciplines; challenges existing approaches constructively; solid critical and creative problem-solving capability.
LTM217209,Ubika Virk,Associate Principal - Secretarial,People Agility,4.64,5,Expert,4.5,88.0,75th-89th Percentile,Expert People Agility; genuinely Open-Minded - actively seeks perspectives radically unlike their own; exceptional People Smart capability - reads unspoken group dynamics with accuracy; masterful Politically Savvy navigation of complex organisational dynamics; outstanding Communicator who tailors message and medium to every audience; demonstrates exceptional Role Flexibility.
LTM217209,Ubika Virk,Associate Principal - Secretarial,Change Agility,5.0,5,Expert,4.5,88.0,75th-89th Percentile,Expert Change Agility; prototype Experimenter mindset - proactively tests new approaches and learns rapidly from pilots; highly Comfortable with Ambiguity; compelling Visionary who articulates and energises others around a future state; exceptional Stalwart - sustains effectiveness through prolonged transformation; skilled Innovation Manager who helps others navigate change.
LTM217209,Ubika Virk,Associate Principal - Secretarial,Results Agility,3.9,4,Advanced,4.5,88.0,75th-89th Percentile,Advanced Results Agility; strong Drive with high self-accountability; solid executive Presence that builds confidence; demonstrates good Resourcefulness; effectively Inspires Others to high performance; maintains Composure well in most high-pressure situations.
LTM217209,Ubika Virk,Associate Principal - Secretarial,Self-Awareness,4.68,5,Expert,4.5,88.0,75th-89th Percentile,"Expert Self-Awareness; exceptionally Feedback-Oriented - proactively solicits critical feedback from all levels and acts on it rapidly; deep Reflective practice - consistently pauses to extract lessons before reacting; precise Self-Knowledge - highly accurate understanding of own strengths, derailers, and impact; maintains a disciplined Personal Development plan; outstanding Emotional Regulation in high-stakes moments."
LTM456227,Veer Chaudhry,Senior Account Director,Mental Agility,4.87,5,Expert,4.41,85.0,75th-89th Percentile,Expert-level Mental Agility; demonstrates exceptional Inquisitiveness - asks penetrating 'why' and 'what if' questions that reframe problems; functions as a true Broad Scanner with interests spanning multiple unrelated disciplines; masterful Complexity handling; acts as a Connector drawing powerful analogies across domains; effective Improver/Critic who challenges assumptions constructively.
LTM456227,Veer Chaudhry,Senior Account Director,People Agility,4.14,4,Advanced,4.41,85.0,75th-89th Percentile,Advanced People Agility; strong Open-Minded orientation; good People Smart - accurately reads most interpersonal dynamics; navigates organisational politics ethically and effectively; tailors communication well; shows good Role Flexibility across different team contexts.
LTM456227,Veer Chaudhry,Senior Account Director,Change Agility,5.0,5,Expert,4.41,85.0,75th-89th Percentile,Expert Change Agility; prototype Experimenter mindset - proactively tests new approaches and learns rapidly from pilots; highly Comfortable with Ambiguity; compelling Visionary who articulates and energises others around a future state; exceptional Stalwart - sustains effectiveness through prolonged transformation; skilled Innovation Manager who helps others navigate change.
LTM456227,Veer Chaudhry,Senior Account Director,Results Agility,5.0,5,Expert,4.41,85.0,75th-89th Percentile,Expert Results Agility; demonstrates exceptional Drive - sets highest standards and holds self and others rigorously accountable; commands immediate respect - strong executive Presence; outstanding Resourcefulness in finding paths forward with limited resources; consistently Inspires Others to exceed expectations in first-time situations; maintains exceptional Composure under the most intense pressure.
LTM456227,Veer Chaudhry,Senior Account Director,Self-Awareness,3.05,3,Developing,4.41,85.0,75th-89th Percentile,Developing-to-Effective Self-Awareness; accepts feedback constructively; engages in Reflective practice when prompted; reasonably accurate Self-Knowledge though some blind spots remain; maintains a Personal Development plan with periodic follow-through; adequate Emotional Regulation.
LTM840145,Jalsa Toor,Executive Vice President,Mental Agility,3.54,4,Advanced,4.65,91.0,>= 90th Percentile,Advanced Mental Agility; strong Inquisitiveness and Broad Scanning behaviour; handles complexity well; makes useful connections across disciplines; challenges existing approaches constructively; solid critical and creative problem-solving capability.
LTM840145,Jalsa Toor,Executive Vice President,People Agility,4.7,5,Expert,4.65,91.0,>= 90th Percentile,Expert People Agility; genuinely Open-Minded - actively seeks perspectives radically unlike their own; exceptional People Smart capability - reads unspoken group dynamics with accuracy; masterful Politically Savvy navigation of complex organisational dynamics; outstanding Communicator who tailors message and medium to every audience; demonstrates exceptional Role Flexibility.
LTM840145,Jalsa Toor,Executive Vice President,Change Agility,5.0,5,Expert,4.65,91.0,>= 90th Percentile,Expert Change Agility; prototype Experimenter mindset - proactively tests new approaches and learns rapidly from pilots; highly Comfortable with Ambiguity; compelling Visionary who articulates and energises others around a future state; exceptional Stalwart - sustains effectiveness through prolonged transformation; skilled Innovation Manager who helps others navigate change.
LTM840145,Jalsa Toor,Executive Vice President,Results Agility,5.0,5,Expert,4.65,91.0,>= 90th Percentile,Expert Results Agility; demonstrates exceptional Drive - sets highest standards and holds self and others rigorously accountable; commands immediate respect - strong executive Presence; outstanding Resourcefulness in finding paths forward with limited resources; consistently Inspires Others to exceed expectations in first-time situations; maintains exceptional Composure under the most intense pressure.
LTM840145,Jalsa Toor,Executive Vice President,Self-Awareness,5.0,5,Expert,4.65,91.0,>= 90th Percentile,"Expert Self-Awareness; exceptionally Feedback-Oriented - proactively solicits critical feedback from all levels and acts on it rapidly; deep Reflective practice - consistently pauses to extract lessons before reacting; precise Self-Knowledge - highly accurate understanding of own strengths, derailers, and impact; maintains a disciplined Personal Development plan; outstanding Emotional Regulation in high-stakes moments."
LTM894211,Dominic Palla,Associate Principal - Programme and Project Management,Mental Agility,5.0,5,Expert,5.0,100.0,>= 90th Percentile,Expert-level Mental Agility; demonstrates exceptional Inquisitiveness - asks penetrating 'why' and 'what if' questions that reframe problems; functions as a true Broad Scanner with interests spanning multiple unrelated disciplines; masterful Complexity handling; acts as a Connector drawing powerful analogies across domains; effective Improver/Critic who challenges assumptions constructively.
LTM894211,Dominic Palla,Associate Principal - Programme and Project Management,People Agility,5.0,5,Expert,5.0,100.0,>= 90th Percentile,Expert People Agility; genuinely Open-Minded - actively seeks perspectives radically unlike their own; exceptional People Smart capability - reads unspoken group dynamics with accuracy; masterful Politically Savvy navigation of complex organisational dynamics; outstanding Communicator who tailors message and medium to every audience; demonstrates exceptional Role Flexibility.
LTM894211,Dominic Palla,Associate Principal - Programme and Project Management,Change Agility,5.0,5,Expert,5.0,100.0,>= 90th Percentile,Expert Change Agility; prototype Experimenter mindset - proactively tests new approaches and learns rapidly from pilots; highly Comfortable with Ambiguity; compelling Visionary who articulates and energises others around a future state; exceptional Stalwart - sustains effectiveness through prolonged transformation; skilled Innovation Manager who helps others navigate change.
LTM894211,Dominic Palla,Associate Principal - Programme and Project Management,Results Agility,5.0,5,Expert,5.0,100.0,>= 90th Percentile,Expert Results Agility; demonstrates exceptional Drive - sets highest standards and holds self and others rigorously accountable; commands immediate respect - strong executive Presence; outstanding Resourcefulness in finding paths forward with limited resources; consistently Inspires Others to exceed expectations in first-time situations; maintains exceptional Composure under the most intense pressure.
LTM894211,Dominic Palla,Associate Principal - Programme and Project Management,Self-Awareness,5.0,5,Expert,5.0,100.0,>= 90th Percentile,"Expert Self-Awareness; exceptionally Feedback-Oriented - proactively solicits critical feedback from all levels and acts on it rapidly; deep Reflective practice - consistently pauses to extract lessons before reacting; precise Self-Knowledge - highly accurate understanding of own strengths, derailers, and impact; maintains a disciplined Personal Development plan; outstanding Emotional Regulation in high-stakes moments."
LTM879474,Jason Pingle,Senior Principal - Consulting,Mental Agility,5.0,5,Expert,4.91,98.0,>= 90th Percentile,Expert-level Mental Agility; demonstrates exceptional Inquisitiveness - asks penetrating 'why' and 'what if' questions that reframe problems; functions as a true Broad Scanner with interests spanning multiple unrelated disciplines; masterful Complexity handling; acts as a Connector drawing powerful analogies across domains; effective Improver/Critic who challenges assumptions constructively.
LTM879474,Jason Pingle,Senior Principal - Consulting,People Agility,4.57,5,Expert,4.91,98.0,>= 90th Percentile,Expert People Agility; genuinely Open-Minded - actively seeks perspectives radically unlike their own; exceptional People Smart capability - reads unspoken group dynamics with accuracy; masterful Politically Savvy navigation of complex organisational dynamics; outstanding Communicator who tailors message and medium to every audience; demonstrates exceptional Role Flexibility.
LTM879474,Jason Pingle,Senior Principal - Consulting,Change Agility,5.0,5,Expert,4.91,98.0,>= 90th Percentile,Expert Change Agility; prototype Experimenter mindset - proactively tests new approaches and learns rapidly from pilots; highly Comfortable with Ambiguity; compelling Visionary who articulates and energises others around a future state; exceptional Stalwart - sustains effectiveness through prolonged transformation; skilled Innovation Manager who helps others navigate change.
LTM879474,Jason Pingle,Senior Principal - Consulting,Results Agility,5.0,5,Expert,4.91,98.0,>= 90th Percentile,Expert Results Agility; demonstrates exceptional Drive - sets highest standards and holds self and others rigorously accountable; commands immediate respect - strong executive Presence; outstanding Resourcefulness in finding paths forward with limited resources; consistently Inspires Others to exceed expectations in first-time situations; maintains exceptional Composure under the most intense pressure.
LTM879474,Jason Pingle,Senior Principal - Consulting,Self-Awareness,5.0,5,Expert,4.91,98.0,>= 90th Percentile,"Expert Self-Awareness; exceptionally Feedback-Oriented - proactively solicits critical feedback from all levels and acts on it rapidly; deep Reflective practice - consistently pauses to extract lessons before reacting; precise Self-Knowledge - highly accurate understanding of own strengths, derailers, and impact; maintains a disciplined Personal Development plan; outstanding Emotional Regulation in high-stakes moments."
LTM546820,Gaurangi Sarma,Specialist - Corporate Strategy,Mental Agility,5.0,5,Expert,4.98,100.0,>= 90th Percentile,Expert-level Mental Agility; demonstrates exceptional Inquisitiveness - asks penetrating 'why' and 'what if' questions that reframe problems; functions as a true Broad Scanner with interests spanning multiple unrelated disciplines; masterful Complexity handling; acts as a Connector drawing powerful analogies across domains; effective Improver/Critic who challenges assumptions constructively.
LTM546820,Gaurangi Sarma,Specialist - Corporate Strategy,People Agility,5.0,5,Expert,4.98,100.0,>= 90th Percentile,Expert People Agility; genuinely Open-Minded - actively seeks perspectives radically unlike their own; exceptional People Smart capability - reads unspoken group dynamics with accuracy; masterful Politically Savvy navigation of complex organisational dynamics; outstanding Communicator who tailors message and medium to every audience; demonstrates exceptional Role Flexibility.
LTM546820,Gaurangi Sarma,Specialist - Corporate Strategy,Change Agility,5.0,5,Expert,4.98,100.0,>= 90th Percentile,Expert Change Agility; prototype Experimenter mindset - proactively tests new approaches and learns rapidly from pilots; highly Comfortable with Ambiguity; compelling Visionary who articulates and energises others around a future state; exceptional Stalwart - sustains effectiveness through prolonged transformation; skilled Innovation Manager who helps others navigate change.
LTM546820,Gaurangi Sarma,Specialist - Corporate Strategy,Results Agility,5.0,5,Expert,4.98,100.0,>= 90th Percentile,Expert Results Agility; demonstrates exceptional Drive - sets highest standards and holds self and others rigorously accountable; commands immediate respect - strong executive Presence; outstanding Resourcefulness in finding paths forward with limited resources; consistently Inspires Others to exceed expectations in first-time situations; maintains exceptional Composure under the most intense pressure.
LTM546820,Gaurangi Sarma,Specialist - Corporate Strategy,Self-Awareness,4.92,5,Expert,4.98,100.0,>= 90th Percentile,"Expert Self-Awareness; exceptionally Feedback-Oriented - proactively solicits critical feedback from all levels and acts on it rapidly; deep Reflective practice - consistently pauses to extract lessons before reacting; precise Self-Knowledge - highly accurate understanding of own strengths, derailers, and impact; maintains a disciplined Personal Development plan; outstanding Emotional Regulation in high-stakes moments."
LTM255716,Aayush Mistry,Associate Principal - Secretarial,Mental Agility,5.0,5,Expert,5.0,100.0,>= 90th Percentile,Expert-level Mental Agility; demonstrates exceptional Inquisitiveness - asks penetrating 'why' and 'what if' questions that reframe problems; functions as a true Broad Scanner with interests spanning multiple unrelated disciplines; masterful Complexity handling; acts as a Connector drawing powerful analogies across domains; effective Improver/Critic who challenges assumptions constructively.
LTM255716,Aayush Mistry,Associate Principal - Secretarial,People Agility,5.0,5,Expert,5.0,100.0,>= 90th Percentile,Expert People Agility; genuinely Open-Minded - actively seeks perspectives radically unlike their own; exceptional People Smart capability - reads unspoken group dynamics with accuracy; masterful Politically Savvy navigation of complex organisational dynamics; outstanding Communicator who tailors message and medium to every audience; demonstrates exceptional Role Flexibility.
LTM255716,Aayush Mistry,Associate Principal - Secretarial,Change Agility,5.0,5,Expert,5.0,100.0,>= 90th Percentile,Expert Change Agility; prototype Experimenter mindset - proactively tests new approaches and learns rapidly from pilots; highly Comfortable with Ambiguity; compelling Visionary who articulates and energises others around a future state; exceptional Stalwart - sustains effectiveness through prolonged transformation; skilled Innovation Manager who helps others navigate change.
LTM255716,Aayush Mistry,Associate Principal - Secretarial,Results Agility,5.0,5,Expert,5.0,100.0,>= 90th Percentile,Expert Results Agility; demonstrates exceptional Drive - sets highest standards and holds self and others rigorously accountable; commands immediate respect - strong executive Presence; outstanding Resourcefulness in finding paths forward with limited resources; consistently Inspires Others to exceed expectations in first-time situations; maintains exceptional Composure under the most intense pressure.
LTM255716,Aayush Mistry,Associate Principal - Secretarial,Self-Awareness,5.0,5,Expert,5.0,100.0,>= 90th Percentile,"Expert Self-Awareness; exceptionally Feedback-Oriented - proactively solicits critical feedback from all levels and acts on it rapidly; deep Reflective practice - consistently pauses to extract lessons before reacting; precise Self-Knowledge - highly accurate understanding of own strengths, derailers, and impact; maintains a disciplined Personal Development plan; outstanding Emotional Regulation in high-stakes moments."
LTM775483,Chatresh Dugal,Associate Vice President,Mental Agility,4.77,5,Expert,4.51,88.0,>= 90th Percentile,Expert-level Mental Agility; demonstrates exceptional Inquisitiveness - asks penetrating 'why' and 'what if' questions that reframe problems; functions as a true Broad Scanner with interests spanning multiple unrelated disciplines; masterful Complexity handling; acts as a Connector drawing powerful analogies across domains; effective Improver/Critic who challenges assumptions constructively.
LTM775483,Chatresh Dugal,Associate Vice President,People Agility,3.62,4,Advanced,4.51,88.0,>= 90th Percentile,Advanced People Agility; strong Open-Minded orientation; good People Smart - accurately reads most interpersonal dynamics; navigates organisational politics ethically and effectively; tailors communication well; shows good Role Flexibility across different team contexts.
LTM775483,Chatresh Dugal,Associate Vice President,Change Agility,4.55,5,Expert,4.51,88.0,>= 90th Percentile,Expert Change Agility; prototype Experimenter mindset - proactively tests new approaches and learns rapidly from pilots; highly Comfortable with Ambiguity; compelling Visionary who articulates and energises others around a future state; exceptional Stalwart - sustains effectiveness through prolonged transformation; skilled Innovation Manager who helps others navigate change.
LTM775483,Chatresh Dugal,Associate Vice President,Results Agility,4.6,5,Expert,4.51,88.0,>= 90th Percentile,Expert Results Agility; demonstrates exceptional Drive - sets highest standards and holds self and others rigorously accountable; commands immediate respect - strong executive Presence; outstanding Resourcefulness in finding paths forward with limited resources; consistently Inspires Others to exceed expectations in first-time situations; maintains exceptional Composure under the most intense pressure.
LTM775483,Chatresh Dugal,Associate Vice President,Self-Awareness,5.0,5,Expert,4.51,88.0,>= 90th Percentile,"Expert Self-Awareness; exceptionally Feedback-Oriented - proactively solicits critical feedback from all levels and acts on it rapidly; deep Reflective practice - consistently pauses to extract lessons before reacting; precise Self-Knowledge - highly accurate understanding of own strengths, derailers, and impact; maintains a disciplined Personal Development plan; outstanding Emotional Regulation in high-stakes moments."
LTM540948,Lohit Kade,Executive - Corporate Strategy,Mental Agility,4.7,5,Expert,4.83,96.0,>= 90th Percentile,Expert-level Mental Agility; demonstrates exceptional Inquisitiveness - asks penetrating 'why' and 'what if' questions that reframe problems; functions as a true Broad Scanner with interests spanning multiple unrelated disciplines; masterful Complexity handling; acts as a Connector drawing powerful analogies across domains; effective Improver/Critic who challenges assumptions constructively.
LTM540948,Lohit Kade,Executive - Corporate Strategy,People Agility,4.44,4,Advanced,4.83,96.0,>= 90th Percentile,Advanced People Agility; strong Open-Minded orientation; good People Smart - accurately reads most interpersonal dynamics; navigates organisational politics ethically and effectively; tailors communication well; shows good Role Flexibility across different team contexts.
LTM540948,Lohit Kade,Executive - Corporate Strategy,Change Agility,5.0,5,Expert,4.83,96.0,>= 90th Percentile,Expert Change Agility; prototype Experimenter mindset - proactively tests new approaches and learns rapidly from pilots; highly Comfortable with Ambiguity; compelling Visionary who articulates and energises others around a future state; exceptional Stalwart - sustains effectiveness through prolonged transformation; skilled Innovation Manager who helps others navigate change.
LTM540948,Lohit Kade,Executive - Corporate Strategy,Results Agility,5.0,5,Expert,4.83,96.0,>= 90th Percentile,Expert Results Agility; demonstrates exceptional Drive - sets highest standards and holds self and others rigorously accountable; commands immediate respect - strong executive Presence; outstanding Resourcefulness in finding paths forward with limited resources; consistently Inspires Others to exceed expectations in first-time situations; maintains exceptional Composure under the most intense pressure.
LTM540948,Lohit Kade,Executive - Corporate Strategy,Self-Awareness,5.0,5,Expert,4.83,96.0,>= 90th Percentile,"Expert Self-Awareness; exceptionally Feedback-Oriented - proactively solicits critical feedback from all levels and acts on it rapidly; deep Reflective practice - consistently pauses to extract lessons before reacting; precise Self-Knowledge - highly accurate understanding of own strengths, derailers, and impact; maintains a disciplined Personal Development plan; outstanding Emotional Regulation in high-stakes moments."
LTM827053,Ladli Behl,Advisor,Mental Agility,4.83,5,Expert,4.61,90.0,>= 90th Percentile,Expert-level Mental Agility; demonstrates exceptional Inquisitiveness - asks penetrating 'why' and 'what if' questions that reframe problems; functions as a true Broad Scanner with interests spanning multiple unrelated disciplines; masterful Complexity handling; acts as a Connector drawing powerful analogies across domains; effective Improver/Critic who challenges assumptions constructively.
LTM827053,Ladli Behl,Advisor,People Agility,4.54,5,Expert,4.61,90.0,>= 90th Percentile,Expert People Agility; genuinely Open-Minded - actively seeks perspectives radically unlike their own; exceptional People Smart capability - reads unspoken group dynamics with accuracy; masterful Politically Savvy navigation of complex organisational dynamics; outstanding Communicator who tailors message and medium to every audience; demonstrates exceptional Role Flexibility.
LTM827053,Ladli Behl,Advisor,Change Agility,4.35,4,Advanced,4.61,90.0,>= 90th Percentile,Advanced Change Agility; demonstrates strong Experimenter orientation; comfortable with ambiguity in most situations; articulates a clear and motivating vision of change; sustains performance during significant transitions; helps team members adapt to change effectively.
LTM827053,Ladli Behl,Advisor,Results Agility,5.0,5,Expert,4.61,90.0,>= 90th Percentile,Expert Results Agility; demonstrates exceptional Drive - sets highest standards and holds self and others rigorously accountable; commands immediate respect - strong executive Presence; outstanding Resourcefulness in finding paths forward with limited resources; consistently Inspires Others to exceed expectations in first-time situations; maintains exceptional Composure under the most intense pressure.
LTM827053,Ladli Behl,Advisor,Self-Awareness,4.33,4,Advanced,4.61,90.0,>= 90th Percentile,Advanced Self-Awareness; actively seeks and acts on feedback; demonstrates strong Reflective behaviour; generally accurate Self-Knowledge with minor blind spots; follows a consistent Personal Development plan; manages emotional responses well in most high-pressure situations.
LTM649195,Udyati Malhotra,Advisor,Mental Agility,5.0,5,Expert,4.66,92.0,>= 90th Percentile,Expert-level Mental Agility; demonstrates exceptional Inquisitiveness - asks penetrating 'why' and 'what if' questions that reframe problems; functions as a true Broad Scanner with interests spanning multiple unrelated disciplines; masterful Complexity handling; acts as a Connector drawing powerful analogies across domains; effective Improver/Critic who challenges assumptions constructively.
LTM649195,Udyati Malhotra,Advisor,People Agility,4.09,4,Advanced,4.66,92.0,>= 90th Percentile,Advanced People Agility; strong Open-Minded orientation; good People Smart - accurately reads most interpersonal dynamics; navigates organisational politics ethically and effectively; tailors communication well; shows good Role Flexibility across different team contexts.
LTM649195,Udyati Malhotra,Advisor,Change Agility,5.0,5,Expert,4.66,92.0,>= 90th Percentile,Expert Change Agility; prototype Experimenter mindset - proactively tests new approaches and learns rapidly from pilots; highly Comfortable with Ambiguity; compelling Visionary who articulates and energises others around a future state; exceptional Stalwart - sustains effectiveness through prolonged transformation; skilled Innovation Manager who helps others navigate change.
LTM649195,Udyati Malhotra,Advisor,Results Agility,5.0,5,Expert,4.66,92.0,>= 90th Percentile,Expert Results Agility; demonstrates exceptional Drive - sets highest standards and holds self and others rigorously accountable; commands immediate respect - strong executive Presence; outstanding Resourcefulness in finding paths forward with limited resources; consistently Inspires Others to exceed expectations in first-time situations; maintains exceptional Composure under the most intense pressure.
LTM649195,Udyati Malhotra,Advisor,Self-Awareness,4.21,4,Advanced,4.66,92.0,>= 90th Percentile,Advanced Self-Awareness; actively seeks and acts on feedback; demonstrates strong Reflective behaviour; generally accurate Self-Knowledge with minor blind spots; follows a consistent Personal Development plan; manages emotional responses well in most high-pressure situations.
LTM850939,Karan Edwin,Vice President - Advisory,Mental Agility,5.0,5,Expert,4.78,95.0,>= 90th Percentile,Expert-level Mental Agility; demonstrates exceptional Inquisitiveness - asks penetrating 'why' and 'what if' questions that reframe problems; functions as a true Broad Scanner with interests spanning multiple unrelated disciplines; masterful Complexity handling; acts as a Connector drawing powerful analogies across domains; effective Improver/Critic who challenges assumptions constructively.
LTM850939,Karan Edwin,Vice President - Advisory,People Agility,4.51,5,Expert,4.78,95.0,>= 90th Percentile,Expert People Agility; genuinely Open-Minded - actively seeks perspectives radically unlike their own; exceptional People Smart capability - reads unspoken group dynamics with accuracy; masterful Politically Savvy navigation of complex organisational dynamics; outstanding Communicator who tailors message and medium to every audience; demonstrates exceptional Role Flexibility.
LTM850939,Karan Edwin,Vice President - Advisory,Change Agility,4.41,4,Advanced,4.78,95.0,>= 90th Percentile,Advanced Change Agility; demonstrates strong Experimenter orientation; comfortable with ambiguity in most situations; articulates a clear and motivating vision of change; sustains performance during significant transitions; helps team members adapt to change effectively.
LTM850939,Karan Edwin,Vice President - Advisory,Results Agility,5.0,5,Expert,4.78,95.0,>= 90th Percentile,Expert Results Agility; demonstrates exceptional Drive - sets highest standards and holds self and others rigorously accountable; commands immediate respect - strong executive Presence; outstanding Resourcefulness in finding paths forward with limited resources; consistently Inspires Others to exceed expectations in first-time situations; maintains exceptional Composure under the most intense pressure.
LTM850939,Karan Edwin,Vice President - Advisory,Self-Awareness,5.0,5,Expert,4.78,95.0,>= 90th Percentile,"Expert Self-Awareness; exceptionally Feedback-Oriented - proactively solicits critical feedback from all levels and acts on it rapidly; deep Reflective practice - consistently pauses to extract lessons before reacting; precise Self-Knowledge - highly accurate understanding of own strengths, derailers, and impact; maintains a disciplined Personal Development plan; outstanding Emotional Regulation in high-stakes moments."
LTM759048,Tanay Andra,Senior Director - Service Design,Mental Agility,5.0,5,Expert,5.0,100.0,>= 90th Percentile,Expert-level Mental Agility; demonstrates exceptional Inquisitiveness - asks penetrating 'why' and 'what if' questions that reframe problems; functions as a true Broad Scanner with interests spanning multiple unrelated disciplines; masterful Complexity handling; acts as a Connector drawing powerful analogies across domains; effective Improver/Critic who challenges assumptions constructively.
LTM759048,Tanay Andra,Senior Director - Service Design,People Agility,5.0,5,Expert,5.0,100.0,>= 90th Percentile,Expert People Agility; genuinely Open-Minded - actively seeks perspectives radically unlike their own; exceptional People Smart capability - reads unspoken group dynamics with accuracy; masterful Politically Savvy navigation of complex organisational dynamics; outstanding Communicator who tailors message and medium to every audience; demonstrates exceptional Role Flexibility.
LTM759048,Tanay Andra,Senior Director - Service Design,Change Agility,5.0,5,Expert,5.0,100.0,>= 90th Percentile,Expert Change Agility; prototype Experimenter mindset - proactively tests new approaches and learns rapidly from pilots; highly Comfortable with Ambiguity; compelling Visionary who articulates and energises others around a future state; exceptional Stalwart - sustains effectiveness through prolonged transformation; skilled Innovation Manager who helps others navigate change.
LTM759048,Tanay Andra,Senior Director - Service Design,Results Agility,5.0,5,Expert,5.0,100.0,>= 90th Percentile,Expert Results Agility; demonstrates exceptional Drive - sets highest standards and holds self and others rigorously accountable; commands immediate respect - strong executive Presence; outstanding Resourcefulness in finding paths forward with limited resources; consistently Inspires Others to exceed expectations in first-time situations; maintains exceptional Composure under the most intense pressure.
LTM759048,Tanay Andra,Senior Director - Service Design,Self-Awareness,5.0,5,Expert,5.0,100.0,>= 90th Percentile,"Expert Self-Awareness; exceptionally Feedback-Oriented - proactively solicits critical feedback from all levels and acts on it rapidly; deep Reflective practice - consistently pauses to extract lessons before reacting; precise Self-Knowledge - highly accurate understanding of own strengths, derailers, and impact; maintains a disciplined Personal Development plan; outstanding Emotional Regulation in high-stakes moments."
LTM722023,Bishakha Dixit,Senior Executive - Corporate Strategy,Mental Agility,4.89,5,Expert,4.98,100.0,>= 90th Percentile,Expert-level Mental Agility; demonstrates exceptional Inquisitiveness - asks penetrating 'why' and 'what if' questions that reframe problems; functions as a true Broad Scanner with interests spanning multiple unrelated disciplines; masterful Complexity handling; acts as a Connector drawing powerful analogies across domains; effective Improver/Critic who challenges assumptions constructively.
LTM722023,Bishakha Dixit,Senior Executive - Corporate Strategy,People Agility,5.0,5,Expert,4.98,100.0,>= 90th Percentile,Expert People Agility; genuinely Open-Minded - actively seeks perspectives radically unlike their own; exceptional People Smart capability - reads unspoken group dynamics with accuracy; masterful Politically Savvy navigation of complex organisational dynamics; outstanding Communicator who tailors message and medium to every audience; demonstrates exceptional Role Flexibility.
LTM722023,Bishakha Dixit,Senior Executive - Corporate Strategy,Change Agility,5.0,5,Expert,4.98,100.0,>= 90th Percentile,Expert Change Agility; prototype Experimenter mindset - proactively tests new approaches and learns rapidly from pilots; highly Comfortable with Ambiguity; compelling Visionary who articulates and energises others around a future state; exceptional Stalwart - sustains effectiveness through prolonged transformation; skilled Innovation Manager who helps others navigate change.
LTM722023,Bishakha Dixit,Senior Executive - Corporate Strategy,Results Agility,5.0,5,Expert,4.98,100.0,>= 90th Percentile,Expert Results Agility; demonstrates exceptional Drive - sets highest standards and holds self and others rigorously accountable; commands immediate respect - strong executive Presence; outstanding Resourcefulness in finding paths forward with limited resources; consistently Inspires Others to exceed expectations in first-time situations; maintains exceptional Composure under the most intense pressure.
LTM722023,Bishakha Dixit,Senior Executive - Corporate Strategy,Self-Awareness,5.0,5,Expert,4.98,100.0,>= 90th Percentile,"Expert Self-Awareness; exceptionally Feedback-Oriented - proactively solicits critical feedback from all levels and acts on it rapidly; deep Reflective practice - consistently pauses to extract lessons before reacting; precise Self-Knowledge - highly accurate understanding of own strengths, derailers, and impact; maintains a disciplined Personal Development plan; outstanding Emotional Regulation in high-stakes moments."
LTM305332,Reva Divan,Vice President - Finance,Mental Agility,5.0,5,Expert,4.84,96.0,>= 90th Percentile,Expert-level Mental Agility; demonstrates exceptional Inquisitiveness - asks penetrating 'why' and 'what if' questions that reframe problems; functions as a true Broad Scanner with interests spanning multiple unrelated disciplines; masterful Complexity handling; acts as a Connector drawing powerful analogies across domains; effective Improver/Critic who challenges assumptions constructively.
LTM305332,Reva Divan,Vice President - Finance,People Agility,5.0,5,Expert,4.84,96.0,>= 90th Percentile,Expert People Agility; genuinely Open-Minded - actively seeks perspectives radically unlike their own; exceptional People Smart capability - reads unspoken group dynamics with accuracy; masterful Politically Savvy navigation of complex organisational dynamics; outstanding Communicator who tailors message and medium to every audience; demonstrates exceptional Role Flexibility.
LTM305332,Reva Divan,Vice President - Finance,Change Agility,5.0,5,Expert,4.84,96.0,>= 90th Percentile,Expert Change Agility; prototype Experimenter mindset - proactively tests new approaches and learns rapidly from pilots; highly Comfortable with Ambiguity; compelling Visionary who articulates and energises others around a future state; exceptional Stalwart - sustains effectiveness through prolonged transformation; skilled Innovation Manager who helps others navigate change.
LTM305332,Reva Divan,Vice President - Finance,Results Agility,4.19,4,Advanced,4.84,96.0,>= 90th Percentile,Advanced Results Agility; strong Drive with high self-accountability; solid executive Presence that builds confidence; demonstrates good Resourcefulness; effectively Inspires Others to high performance; maintains Composure well in most high-pressure situations.
LTM305332,Reva Divan,Vice President - Finance,Self-Awareness,5.0,5,Expert,4.84,96.0,>= 90th Percentile,"Expert Self-Awareness; exceptionally Feedback-Oriented - proactively solicits critical feedback from all levels and acts on it rapidly; deep Reflective practice - consistently pauses to extract lessons before reacting; precise Self-Knowledge - highly accurate understanding of own strengths, derailers, and impact; maintains a disciplined Personal Development plan; outstanding Emotional Regulation in high-stakes moments."
LTM226511,Eesha Barman,Principal Director - HR Transformation,Mental Agility,5.0,5,Expert,4.93,98.0,>= 90th Percentile,Expert-level Mental Agility; demonstrates exceptional Inquisitiveness - asks penetrating 'why' and 'what if' questions that reframe problems; functions as a true Broad Scanner with interests spanning multiple unrelated disciplines; masterful Complexity handling; acts as a Connector drawing powerful analogies across domains; effective Improver/Critic who challenges assumptions constructively.
LTM226511,Eesha Barman,Principal Director - HR Transformation,People Agility,5.0,5,Expert,4.93,98.0,>= 90th Percentile,Expert People Agility; genuinely Open-Minded - actively seeks perspectives radically unlike their own; exceptional People Smart capability - reads unspoken group dynamics with accuracy; masterful Politically Savvy navigation of complex organisational dynamics; outstanding Communicator who tailors message and medium to every audience; demonstrates exceptional Role Flexibility.
LTM226511,Eesha Barman,Principal Director - HR Transformation,Change Agility,5.0,5,Expert,4.93,98.0,>= 90th Percentile,Expert Change Agility; prototype Experimenter mindset - proactively tests new approaches and learns rapidly from pilots; highly Comfortable with Ambiguity; compelling Visionary who articulates and energises others around a future state; exceptional Stalwart - sustains effectiveness through prolonged transformation; skilled Innovation Manager who helps others navigate change.
LTM226511,Eesha Barman,Principal Director - HR Transformation,Results Agility,4.66,5,Expert,4.93,98.0,>= 90th Percentile,Expert Results Agility; demonstrates exceptional Drive - sets highest standards and holds self and others rigorously accountable; commands immediate respect - strong executive Presence; outstanding Resourcefulness in finding paths forward with limited resources; consistently Inspires Others to exceed expectations in first-time situations; maintains exceptional Composure under the most intense pressure.
LTM226511,Eesha Barman,Principal Director - HR Transformation,Self-Awareness,5.0,5,Expert,4.93,98.0,>= 90th Percentile,"Expert Self-Awareness; exceptionally Feedback-Oriented - proactively solicits critical feedback from all levels and acts on it rapidly; deep Reflective practice - consistently pauses to extract lessons before reacting; precise Self-Knowledge - highly accurate understanding of own strengths, derailers, and impact; maintains a disciplined Personal Development plan; outstanding Emotional Regulation in high-stakes moments."
LTM926452,Qabil Baral,Principal Director - Business Development,Mental Agility,3.9,4,Advanced,4.64,91.0,>= 90th Percentile,Advanced Mental Agility; strong Inquisitiveness and Broad Scanning behaviour; handles complexity well; makes useful connections across disciplines; challenges existing approaches constructively; solid critical and creative problem-solving capability.
LTM926452,Qabil Baral,Principal Director - Business Development,People Agility,4.45,4,Advanced,4.64,91.0,>= 90th Percentile,Advanced People Agility; strong Open-Minded orientation; good People Smart - accurately reads most interpersonal dynamics; navigates organisational politics ethically and effectively; tailors communication well; shows good Role Flexibility across different team contexts.
LTM926452,Qabil Baral,Principal Director - Business Development,Change Agility,4.84,5,Expert,4.64,91.0,>= 90th Percentile,Expert Change Agility; prototype Experimenter mindset - proactively tests new approaches and learns rapidly from pilots; highly Comfortable with Ambiguity; compelling Visionary who articulates and energises others around a future state; exceptional Stalwart - sustains effectiveness through prolonged transformation; skilled Innovation Manager who helps others navigate change.
LTM926452,Qabil Baral,Principal Director - Business Development,Results Agility,5.0,5,Expert,4.64,91.0,>= 90th Percentile,Expert Results Agility; demonstrates exceptional Drive - sets highest standards and holds self and others rigorously accountable; commands immediate respect - strong executive Presence; outstanding Resourcefulness in finding paths forward with limited resources; consistently Inspires Others to exceed expectations in first-time situations; maintains exceptional Composure under the most intense pressure.
LTM926452,Qabil Baral,Principal Director - Business Development,Self-Awareness,5.0,5,Expert,4.64,91.0,>= 90th Percentile,"Expert Self-Awareness; exceptionally Feedback-Oriented - proactively solicits critical feedback from all levels and acts on it rapidly; deep Reflective practice - consistently pauses to extract lessons before reacting; precise Self-Knowledge - highly accurate understanding of own strengths, derailers, and impact; maintains a disciplined Personal Development plan; outstanding Emotional Regulation in high-stakes moments."
LTM076360,Raagini Ray,Senior Account Director,Mental Agility,5.0,5,Expert,4.64,91.0,>= 90th Percentile,Expert-level Mental Agility; demonstrates exceptional Inquisitiveness - asks penetrating 'why' and 'what if' questions that reframe problems; functions as a true Broad Scanner with interests spanning multiple unrelated disciplines; masterful Complexity handling; acts as a Connector drawing powerful analogies across domains; effective Improver/Critic who challenges assumptions constructively.
LTM076360,Raagini Ray,Senior Account Director,People Agility,4.55,5,Expert,4.64,91.0,>= 90th Percentile,Expert People Agility; genuinely Open-Minded - actively seeks perspectives radically unlike their own; exceptional People Smart capability - reads unspoken group dynamics with accuracy; masterful Politically Savvy navigation of complex organisational dynamics; outstanding Communicator who tailors message and medium to every audience; demonstrates exceptional Role Flexibility.
LTM076360,Raagini Ray,Senior Account Director,Change Agility,3.84,4,Advanced,4.64,91.0,>= 90th Percentile,Advanced Change Agility; demonstrates strong Experimenter orientation; comfortable with ambiguity in most situations; articulates a clear and motivating vision of change; sustains performance during significant transitions; helps team members adapt to change effectively.
LTM076360,Raagini Ray,Senior Account Director,Results Agility,4.82,5,Expert,4.64,91.0,>= 90th Percentile,Expert Results Agility; demonstrates exceptional Drive - sets highest standards and holds self and others rigorously accountable; commands immediate respect - strong executive Presence; outstanding Resourcefulness in finding paths forward with limited resources; consistently Inspires Others to exceed expectations in first-time situations; maintains exceptional Composure under the most intense pressure.
LTM076360,Raagini Ray,Senior Account Director,Self-Awareness,5.0,5,Expert,4.64,91.0,>= 90th Percentile,"Expert Self-Awareness; exceptionally Feedback-Oriented - proactively solicits critical feedback from all levels and acts on it rapidly; deep Reflective practice - consistently pauses to extract lessons before reacting; precise Self-Knowledge - highly accurate understanding of own strengths, derailers, and impact; maintains a disciplined Personal Development plan; outstanding Emotional Regulation in high-stakes moments."
LTM301491,Warjas Gaba,Specialist - Corporate Strategy,Mental Agility,4.57,5,Expert,4.91,98.0,>= 90th Percentile,Expert-level Mental Agility; demonstrates exceptional Inquisitiveness - asks penetrating 'why' and 'what if' questions that reframe problems; functions as a true Broad Scanner with interests spanning multiple unrelated disciplines; masterful Complexity handling; acts as a Connector drawing powerful analogies across domains; effective Improver/Critic who challenges assumptions constructively.
LTM301491,Warjas Gaba,Specialist - Corporate Strategy,People Agility,5.0,5,Expert,4.91,98.0,>= 90th Percentile,Expert People Agility; genuinely Open-Minded - actively seeks perspectives radically unlike their own; exceptional People Smart capability - reads unspoken group dynamics with accuracy; masterful Politically Savvy navigation of complex organisational dynamics; outstanding Communicator who tailors message and medium to every audience; demonstrates exceptional Role Flexibility.
LTM301491,Warjas Gaba,Specialist - Corporate Strategy,Change Agility,5.0,5,Expert,4.91,98.0,>= 90th Percentile,Expert Change Agility; prototype Experimenter mindset - proactively tests new approaches and learns rapidly from pilots; highly Comfortable with Ambiguity; compelling Visionary who articulates and energises others around a future state; exceptional Stalwart - sustains effectiveness through prolonged transformation; skilled Innovation Manager who helps others navigate change.
LTM301491,Warjas Gaba,Specialist - Corporate Strategy,Results Agility,5.0,5,Expert,4.91,98.0,>= 90th Percentile,Expert Results Agility; demonstrates exceptional Drive - sets highest standards and holds self and others rigorously accountable; commands immediate respect - strong executive Presence; outstanding Resourcefulness in finding paths forward with limited resources; consistently Inspires Others to exceed expectations in first-time situations; maintains exceptional Composure under the most intense pressure.
LTM301491,Warjas Gaba,Specialist - Corporate Strategy,Self-Awareness,5.0,5,Expert,4.91,98.0,>= 90th Percentile,"Expert Self-Awareness; exceptionally Feedback-Oriented - proactively solicits critical feedback from all levels and acts on it rapidly; deep Reflective practice - consistently pauses to extract lessons before reacting; precise Self-Knowledge - highly accurate understanding of own strengths, derailers, and impact; maintains a disciplined Personal Development plan; outstanding Emotional Regulation in high-stakes moments."
LTM192115,Samuel Bakshi,Senior Specialist - Cybersecurity,Mental Agility,5.0,5,Expert,4.63,91.0,>= 90th Percentile,Expert-level Mental Agility; demonstrates exceptional Inquisitiveness - asks penetrating 'why' and 'what if' questions that reframe problems; functions as a true Broad Scanner with interests spanning multiple unrelated disciplines; masterful Complexity handling; acts as a Connector drawing powerful analogies across domains; effective Improver/Critic who challenges assumptions constructively.
LTM192115,Samuel Bakshi,Senior Specialist - Cybersecurity,People Agility,4.57,5,Expert,4.63,91.0,>= 90th Percentile,Expert People Agility; genuinely Open-Minded - actively seeks perspectives radically unlike their own; exceptional People Smart capability - reads unspoken group dynamics with accuracy; masterful Politically Savvy navigation of complex organisational dynamics; outstanding Communicator who tailors message and medium to every audience; demonstrates exceptional Role Flexibility.
LTM192115,Samuel Bakshi,Senior Specialist - Cybersecurity,Change Agility,4.16,4,Advanced,4.63,91.0,>= 90th Percentile,Advanced Change Agility; demonstrates strong Experimenter orientation; comfortable with ambiguity in most situations; articulates a clear and motivating vision of change; sustains performance during significant transitions; helps team members adapt to change effectively.
LTM192115,Samuel Bakshi,Senior Specialist - Cybersecurity,Results Agility,5.0,5,Expert,4.63,91.0,>= 90th Percentile,Expert Results Agility; demonstrates exceptional Drive - sets highest standards and holds self and others rigorously accountable; commands immediate respect - strong executive Presence; outstanding Resourcefulness in finding paths forward with limited resources; consistently Inspires Others to exceed expectations in first-time situations; maintains exceptional Composure under the most intense pressure.
LTM192115,Samuel Bakshi,Senior Specialist - Cybersecurity,Self-Awareness,4.42,4,Advanced,4.63,91.0,>= 90th Percentile,Advanced Self-Awareness; actively seeks and acts on feedback; demonstrates strong Reflective behaviour; generally accurate Self-Knowledge with minor blind spots; follows a consistent Personal Development plan; manages emotional responses well in most high-pressure situations.
LTM011316,Kiaan Dutta,Specialist - Corporate Strategy,Mental Agility,5.0,5,Expert,5.0,100.0,>= 90th Percentile,Expert-level Mental Agility; demonstrates exceptional Inquisitiveness - asks penetrating 'why' and 'what if' questions that reframe problems; functions as a true Broad Scanner with interests spanning multiple unrelated disciplines; masterful Complexity handling; acts as a Connector drawing powerful analogies across domains; effective Improver/Critic who challenges assumptions constructively.
LTM011316,Kiaan Dutta,Specialist - Corporate Strategy,People Agility,5.0,5,Expert,5.0,100.0,>= 90th Percentile,Expert People Agility; genuinely Open-Minded - actively seeks perspectives radically unlike their own; exceptional People Smart capability - reads unspoken group dynamics with accuracy; masterful Politically Savvy navigation of complex organisational dynamics; outstanding Communicator who tailors message and medium to every audience; demonstrates exceptional Role Flexibility.
LTM011316,Kiaan Dutta,Specialist - Corporate Strategy,Change Agility,5.0,5,Expert,5.0,100.0,>= 90th Percentile,Expert Change Agility; prototype Experimenter mindset - proactively tests new approaches and learns rapidly from pilots; highly Comfortable with Ambiguity; compelling Visionary who articulates and energises others around a future state; exceptional Stalwart - sustains effectiveness through prolonged transformation; skilled Innovation Manager who helps others navigate change.
LTM011316,Kiaan Dutta,Specialist - Corporate Strategy,Results Agility,5.0,5,Expert,5.0,100.0,>= 90th Percentile,Expert Results Agility; demonstrates exceptional Drive - sets highest standards and holds self and others rigorously accountable; commands immediate respect - strong executive Presence; outstanding Resourcefulness in finding paths forward with limited resources; consistently Inspires Others to exceed expectations in first-time situations; maintains exceptional Composure under the most intense pressure.
LTM011316,Kiaan Dutta,Specialist - Corporate Strategy,Self-Awareness,5.0,5,Expert,5.0,100.0,>= 90th Percentile,"Expert Self-Awareness; exceptionally Feedback-Oriented - proactively solicits critical feedback from all levels and acts on it rapidly; deep Reflective practice - consistently pauses to extract lessons before reacting; precise Self-Knowledge - highly accurate understanding of own strengths, derailers, and impact; maintains a disciplined Personal Development plan; outstanding Emotional Regulation in high-stakes moments."
LTM030189,Rayaan Barad,Senior Principal - Consulting,Mental Agility,5.0,5,Expert,4.87,97.0,>= 90th Percentile,Expert-level Mental Agility; demonstrates exceptional Inquisitiveness - asks penetrating 'why' and 'what if' questions that reframe problems; functions as a true Broad Scanner with interests spanning multiple unrelated disciplines; masterful Complexity handling; acts as a Connector drawing powerful analogies across domains; effective Improver/Critic who challenges assumptions constructively.
LTM030189,Rayaan Barad,Senior Principal - Consulting,People Agility,5.0,5,Expert,4.87,97.0,>= 90th Percentile,Expert People Agility; genuinely Open-Minded - actively seeks perspectives radically unlike their own; exceptional People Smart capability - reads unspoken group dynamics with accuracy; masterful Politically Savvy navigation of complex organisational dynamics; outstanding Communicator who tailors message and medium to every audience; demonstrates exceptional Role Flexibility.
LTM030189,Rayaan Barad,Senior Principal - Consulting,Change Agility,5.0,5,Expert,4.87,97.0,>= 90th Percentile,Expert Change Agility; prototype Experimenter mindset - proactively tests new approaches and learns rapidly from pilots; highly Comfortable with Ambiguity; compelling Visionary who articulates and energises others around a future state; exceptional Stalwart - sustains effectiveness through prolonged transformation; skilled Innovation Manager who helps others navigate change.
LTM030189,Rayaan Barad,Senior Principal - Consulting,Results Agility,4.71,5,Expert,4.87,97.0,>= 90th Percentile,Expert Results Agility; demonstrates exceptional Drive - sets highest standards and holds self and others rigorously accountable; commands immediate respect - strong executive Presence; outstanding Resourcefulness in finding paths forward with limited resources; consistently Inspires Others to exceed expectations in first-time situations; maintains exceptional Composure under the most intense pressure.
LTM030189,Rayaan Barad,Senior Principal - Consulting,Self-Awareness,4.63,5,Expert,4.87,97.0,>= 90th Percentile,"Expert Self-Awareness; exceptionally Feedback-Oriented - proactively solicits critical feedback from all levels and acts on it rapidly; deep Reflective practice - consistently pauses to extract lessons before reacting; precise Self-Knowledge - highly accurate understanding of own strengths, derailers, and impact; maintains a disciplined Personal Development plan; outstanding Emotional Regulation in high-stakes moments."
LTM751178,Janya Iyengar,Senior Executive - Corporate Strategy,Mental Agility,5.0,5,Expert,4.98,100.0,>= 90th Percentile,Expert-level Mental Agility; demonstrates exceptional Inquisitiveness - asks penetrating 'why' and 'what if' questions that reframe problems; functions as a true Broad Scanner with interests spanning multiple unrelated disciplines; masterful Complexity handling; acts as a Connector drawing powerful analogies across domains; effective Improver/Critic who challenges assumptions constructively.
LTM751178,Janya Iyengar,Senior Executive - Corporate Strategy,People Agility,5.0,5,Expert,4.98,100.0,>= 90th Percentile,Expert People Agility; genuinely Open-Minded - actively seeks perspectives radically unlike their own; exceptional People Smart capability - reads unspoken group dynamics with accuracy; masterful Politically Savvy navigation of complex organisational dynamics; outstanding Communicator who tailors message and medium to every audience; demonstrates exceptional Role Flexibility.
LTM751178,Janya Iyengar,Senior Executive - Corporate Strategy,Change Agility,5.0,5,Expert,4.98,100.0,>= 90th Percentile,Expert Change Agility; prototype Experimenter mindset - proactively tests new approaches and learns rapidly from pilots; highly Comfortable with Ambiguity; compelling Visionary who articulates and energises others around a future state; exceptional Stalwart - sustains effectiveness through prolonged transformation; skilled Innovation Manager who helps others navigate change.
LTM751178,Janya Iyengar,Senior Executive - Corporate Strategy,Results Agility,5.0,5,Expert,4.98,100.0,>= 90th Percentile,Expert Results Agility; demonstrates exceptional Drive - sets highest standards and holds self and others rigorously accountable; commands immediate respect - strong executive Presence; outstanding Resourcefulness in finding paths forward with limited resources; consistently Inspires Others to exceed expectations in first-time situations; maintains exceptional Composure under the most intense pressure.
LTM751178,Janya Iyengar,Senior Executive - Corporate Strategy,Self-Awareness,4.9,5,Expert,4.98,100.0,>= 90th Percentile,"Expert Self-Awareness; exceptionally Feedback-Oriented - proactively solicits critical feedback from all levels and acts on it rapidly; deep Reflective practice - consistently pauses to extract lessons before reacting; precise Self-Knowledge - highly accurate understanding of own strengths, derailers, and impact; maintains a disciplined Personal Development plan; outstanding Emotional Regulation in high-stakes moments."
LTM497285,Pushti Mody,Specialist - Corporate Strategy,Mental Agility,4.99,5,Expert,4.92,98.0,>= 90th Percentile,Expert-level Mental Agility; demonstrates exceptional Inquisitiveness - asks penetrating 'why' and 'what if' questions that reframe problems; functions as a true Broad Scanner with interests spanning multiple unrelated disciplines; masterful Complexity handling; acts as a Connector drawing powerful analogies across domains; effective Improver/Critic who challenges assumptions constructively.
LTM497285,Pushti Mody,Specialist - Corporate Strategy,People Agility,4.63,5,Expert,4.92,98.0,>= 90th Percentile,Expert People Agility; genuinely Open-Minded - actively seeks perspectives radically unlike their own; exceptional People Smart capability - reads unspoken group dynamics with accuracy; masterful Politically Savvy navigation of complex organisational dynamics; outstanding Communicator who tailors message and medium to every audience; demonstrates exceptional Role Flexibility.
LTM497285,Pushti Mody,Specialist - Corporate Strategy,Change Agility,5.0,5,Expert,4.92,98.0,>= 90th Percentile,Expert Change Agility; prototype Experimenter mindset - proactively tests new approaches and learns rapidly from pilots; highly Comfortable with Ambiguity; compelling Visionary who articulates and energises others around a future state; exceptional Stalwart - sustains effectiveness through prolonged transformation; skilled Innovation Manager who helps others navigate change.
LTM497285,Pushti Mody,Specialist - Corporate Strategy,Results Agility,5.0,5,Expert,4.92,98.0,>= 90th Percentile,Expert Results Agility; demonstrates exceptional Drive - sets highest standards and holds self and others rigorously accountable; commands immediate respect - strong executive Presence; outstanding Resourcefulness in finding paths forward with limited resources; consistently Inspires Others to exceed expectations in first-time situations; maintains exceptional Composure under the most intense pressure.
LTM497285,Pushti Mody,Specialist - Corporate Strategy,Self-Awareness,5.0,5,Expert,4.92,98.0,>= 90th Percentile,"Expert Self-Awareness; exceptionally Feedback-Oriented - proactively solicits critical feedback from all levels and acts on it rapidly; deep Reflective practice - consistently pauses to extract lessons before reacting; precise Self-Knowledge - highly accurate understanding of own strengths, derailers, and impact; maintains a disciplined Personal Development plan; outstanding Emotional Regulation in high-stakes moments."
LTM959817,Jasmit Bajwa,Specialist - Corporate Strategy,Mental Agility,5.0,5,Expert,4.79,95.0,>= 90th Percentile,Expert-level Mental Agility; demonstrates exceptional Inquisitiveness - asks penetrating 'why' and 'what if' questions that reframe problems; functions as a true Broad Scanner with interests spanning multiple unrelated disciplines; masterful Complexity handling; acts as a Connector drawing powerful analogies across domains; effective Improver/Critic who challenges assumptions constructively.
LTM959817,Jasmit Bajwa,Specialist - Corporate Strategy,People Agility,5.0,5,Expert,4.79,95.0,>= 90th Percentile,Expert People Agility; genuinely Open-Minded - actively seeks perspectives radically unlike their own; exceptional People Smart capability - reads unspoken group dynamics with accuracy; masterful Politically Savvy navigation of complex organisational dynamics; outstanding Communicator who tailors message and medium to every audience; demonstrates exceptional Role Flexibility.
LTM959817,Jasmit Bajwa,Specialist - Corporate Strategy,Change Agility,5.0,5,Expert,4.79,95.0,>= 90th Percentile,Expert Change Agility; prototype Experimenter mindset - proactively tests new approaches and learns rapidly from pilots; highly Comfortable with Ambiguity; compelling Visionary who articulates and energises others around a future state; exceptional Stalwart - sustains effectiveness through prolonged transformation; skilled Innovation Manager who helps others navigate change.
LTM959817,Jasmit Bajwa,Specialist - Corporate Strategy,Results Agility,3.96,4,Advanced,4.79,95.0,>= 90th Percentile,Advanced Results Agility; strong Drive with high self-accountability; solid executive Presence that builds confidence; demonstrates good Resourcefulness; effectively Inspires Others to high performance; maintains Composure well in most high-pressure situations.
LTM959817,Jasmit Bajwa,Specialist - Corporate Strategy,Self-Awareness,5.0,5,Expert,4.79,95.0,>= 90th Percentile,"Expert Self-Awareness; exceptionally Feedback-Oriented - proactively solicits critical feedback from all levels and acts on it rapidly; deep Reflective practice - consistently pauses to extract lessons before reacting; precise Self-Knowledge - highly accurate understanding of own strengths, derailers, and impact; maintains a disciplined Personal Development plan; outstanding Emotional Regulation in high-stakes moments."
LTM774768,Sudiksha Narasimhan,Senior Executive - Secretarial,Mental Agility,5.0,5,Expert,4.9,98.0,>= 90th Percentile,Expert-level Mental Agility; demonstrates exceptional Inquisitiveness - asks penetrating 'why' and 'what if' questions that reframe problems; functions as a true Broad Scanner with interests spanning multiple unrelated disciplines; masterful Complexity handling; acts as a Connector drawing powerful analogies across domains; effective Improver/Critic who challenges assumptions constructively.
LTM774768,Sudiksha Narasimhan,Senior Executive - Secretarial,People Agility,4.97,5,Expert,4.9,98.0,>= 90th Percentile,Expert People Agility; genuinely Open-Minded - actively seeks perspectives radically unlike their own; exceptional People Smart capability - reads unspoken group dynamics with accuracy; masterful Politically Savvy navigation of complex organisational dynamics; outstanding Communicator who tailors message and medium to every audience; demonstrates exceptional Role Flexibility.
LTM774768,Sudiksha Narasimhan,Senior Executive - Secretarial,Change Agility,4.57,5,Expert,4.9,98.0,>= 90th Percentile,Expert Change Agility; prototype Experimenter mindset - proactively tests new approaches and learns rapidly from pilots; highly Comfortable with Ambiguity; compelling Visionary who articulates and energises others around a future state; exceptional Stalwart - sustains effectiveness through prolonged transformation; skilled Innovation Manager who helps others navigate change.
LTM774768,Sudiksha Narasimhan,Senior Executive - Secretarial,Results Agility,5.0,5,Expert,4.9,98.0,>= 90th Percentile,Expert Results Agility; demonstrates exceptional Drive - sets highest standards and holds self and others rigorously accountable; commands immediate respect - strong executive Presence; outstanding Resourcefulness in finding paths forward with limited resources; consistently Inspires Others to exceed expectations in first-time situations; maintains exceptional Composure under the most intense pressure.
LTM774768,Sudiksha Narasimhan,Senior Executive - Secretarial,Self-Awareness,4.98,5,Expert,4.9,98.0,>= 90th Percentile,"Expert Self-Awareness; exceptionally Feedback-Oriented - proactively solicits critical feedback from all levels and acts on it rapidly; deep Reflective practice - consistently pauses to extract lessons before reacting; precise Self-Knowledge - highly accurate understanding of own strengths, derailers, and impact; maintains a disciplined Personal Development plan; outstanding Emotional Regulation in high-stakes moments."
LTM803066,Yashoda Ratta,Specialist - Corporate Strategy,Mental Agility,5.0,5,Expert,4.86,97.0,>= 90th Percentile,Expert-level Mental Agility; demonstrates exceptional Inquisitiveness - asks penetrating 'why' and 'what if' questions that reframe problems; functions as a true Broad Scanner with interests spanning multiple unrelated disciplines; masterful Complexity handling; acts as a Connector drawing powerful analogies across domains; effective Improver/Critic who challenges assumptions constructively.
LTM803066,Yashoda Ratta,Specialist - Corporate Strategy,People Agility,4.34,4,Advanced,4.86,97.0,>= 90th Percentile,Advanced People Agility; strong Open-Minded orientation; good People Smart - accurately reads most interpersonal dynamics; navigates organisational politics ethically and effectively; tailors communication well; shows good Role Flexibility across different team contexts.
LTM803066,Yashoda Ratta,Specialist - Corporate Strategy,Change Agility,4.97,5,Expert,4.86,97.0,>= 90th Percentile,Expert Change Agility; prototype Experimenter mindset - proactively tests new approaches and learns rapidly from pilots; highly Comfortable with Ambiguity; compelling Visionary who articulates and energises others around a future state; exceptional Stalwart - sustains effectiveness through prolonged transformation; skilled Innovation Manager who helps others navigate change.
LTM803066,Yashoda Ratta,Specialist - Corporate Strategy,Results Agility,5.0,5,Expert,4.86,97.0,>= 90th Percentile,Expert Results Agility; demonstrates exceptional Drive - sets highest standards and holds self and others rigorously accountable; commands immediate respect - strong executive Presence; outstanding Resourcefulness in finding paths forward with limited resources; consistently Inspires Others to exceed expectations in first-time situations; maintains exceptional Composure under the most intense pressure.
LTM803066,Yashoda Ratta,Specialist - Corporate Strategy,Self-Awareness,5.0,5,Expert,4.86,97.0,>= 90th Percentile,"Expert Self-Awareness; exceptionally Feedback-Oriented - proactively solicits critical feedback from all levels and acts on it rapidly; deep Reflective practice - consistently pauses to extract lessons before reacting; precise Self-Knowledge - highly accurate understanding of own strengths, derailers, and impact; maintains a disciplined Personal Development plan; outstanding Emotional Regulation in high-stakes moments."
LTM186420,Akshay D'Alia,Associate Vice President - AI,Mental Agility,3.35,3,Developing,4.66,92.0,>= 90th Percentile,Developing-to-Effective Mental Agility; demonstrates adequate Inquisitiveness within own domain; shows some Broad Scanner tendencies; handles moderate complexity; makes connections within familiar domains; engages in Improver/Critic behaviour when prompted.
LTM186420,Akshay D'Alia,Associate Vice President - AI,People Agility,5.0,5,Expert,4.66,92.0,>= 90th Percentile,Expert People Agility; genuinely Open-Minded - actively seeks perspectives radically unlike their own; exceptional People Smart capability - reads unspoken group dynamics with accuracy; masterful Politically Savvy navigation of complex organisational dynamics; outstanding Communicator who tailors message and medium to every audience; demonstrates exceptional Role Flexibility.
LTM186420,Akshay D'Alia,Associate Vice President - AI,Change Agility,5.0,5,Expert,4.66,92.0,>= 90th Percentile,Expert Change Agility; prototype Experimenter mindset - proactively tests new approaches and learns rapidly from pilots; highly Comfortable with Ambiguity; compelling Visionary who articulates and energises others around a future state; exceptional Stalwart - sustains effectiveness through prolonged transformation; skilled Innovation Manager who helps others navigate change.
LTM186420,Akshay D'Alia,Associate Vice President - AI,Results Agility,5.0,5,Expert,4.66,92.0,>= 90th Percentile,Expert Results Agility; demonstrates exceptional Drive - sets highest standards and holds self and others rigorously accountable; commands immediate respect - strong executive Presence; outstanding Resourcefulness in finding paths forward with limited resources; consistently Inspires Others to exceed expectations in first-time situations; maintains exceptional Composure under the most intense pressure.
LTM186420,Akshay D'Alia,Associate Vice President - AI,Self-Awareness,4.94,5,Expert,4.66,92.0,>= 90th Percentile,"Expert Self-Awareness; exceptionally Feedback-Oriented - proactively solicits critical feedback from all levels and acts on it rapidly; deep Reflective practice - consistently pauses to extract lessons before reacting; precise Self-Knowledge - highly accurate understanding of own strengths, derailers, and impact; maintains a disciplined Personal Development plan; outstanding Emotional Regulation in high-stakes moments."
LTM642811,Gaurav Lanka,Senior Vice President,Mental Agility,5.0,5,Expert,5.0,100.0,>= 90th Percentile,Expert-level Mental Agility; demonstrates exceptional Inquisitiveness - asks penetrating 'why' and 'what if' questions that reframe problems; functions as a true Broad Scanner with interests spanning multiple unrelated disciplines; masterful Complexity handling; acts as a Connector drawing powerful analogies across domains; effective Improver/Critic who challenges assumptions constructively.
LTM642811,Gaurav Lanka,Senior Vice President,People Agility,5.0,5,Expert,5.0,100.0,>= 90th Percentile,Expert People Agility; genuinely Open-Minded - actively seeks perspectives radically unlike their own; exceptional People Smart capability - reads unspoken group dynamics with accuracy; masterful Politically Savvy navigation of complex organisational dynamics; outstanding Communicator who tailors message and medium to every audience; demonstrates exceptional Role Flexibility.
LTM642811,Gaurav Lanka,Senior Vice President,Change Agility,5.0,5,Expert,5.0,100.0,>= 90th Percentile,Expert Change Agility; prototype Experimenter mindset - proactively tests new approaches and learns rapidly from pilots; highly Comfortable with Ambiguity; compelling Visionary who articulates and energises others around a future state; exceptional Stalwart - sustains effectiveness through prolonged transformation; skilled Innovation Manager who helps others navigate change.
LTM642811,Gaurav Lanka,Senior Vice President,Results Agility,5.0,5,Expert,5.0,100.0,>= 90th Percentile,Expert Results Agility; demonstrates exceptional Drive - sets highest standards and holds self and others rigorously accountable; commands immediate respect - strong executive Presence; outstanding Resourcefulness in finding paths forward with limited resources; consistently Inspires Others to exceed expectations in first-time situations; maintains exceptional Composure under the most intense pressure.
LTM642811,Gaurav Lanka,Senior Vice President,Self-Awareness,5.0,5,Expert,5.0,100.0,>= 90th Percentile,"Expert Self-Awareness; exceptionally Feedback-Oriented - proactively solicits critical feedback from all levels and acts on it rapidly; deep Reflective practice - consistently pauses to extract lessons before reacting; precise Self-Knowledge - highly accurate understanding of own strengths, derailers, and impact; maintains a disciplined Personal Development plan; outstanding Emotional Regulation in high-stakes moments."
LTM772326,Chatura Saraf,Principal Director - HR Transformation,Mental Agility,3.73,4,Advanced,4.75,94.0,>= 90th Percentile,Advanced Mental Agility; strong Inquisitiveness and Broad Scanning behaviour; handles complexity well; makes useful connections across disciplines; challenges existing approaches constructively; solid critical and creative problem-solving capability.
LTM772326,Chatura Saraf,Principal Director - HR Transformation,People Agility,5.0,5,Expert,4.75,94.0,>= 90th Percentile,Expert People Agility; genuinely Open-Minded - actively seeks perspectives radically unlike their own; exceptional People Smart capability - reads unspoken group dynamics with accuracy; masterful Politically Savvy navigation of complex organisational dynamics; outstanding Communicator who tailors message and medium to every audience; demonstrates exceptional Role Flexibility.
LTM772326,Chatura Saraf,Principal Director - HR Transformation,Change Agility,5.0,5,Expert,4.75,94.0,>= 90th Percentile,Expert Change Agility; prototype Experimenter mindset - proactively tests new approaches and learns rapidly from pilots; highly Comfortable with Ambiguity; compelling Visionary who articulates and energises others around a future state; exceptional Stalwart - sustains effectiveness through prolonged transformation; skilled Innovation Manager who helps others navigate change.
LTM772326,Chatura Saraf,Principal Director - HR Transformation,Results Agility,5.0,5,Expert,4.75,94.0,>= 90th Percentile,Expert Results Agility; demonstrates exceptional Drive - sets highest standards and holds self and others rigorously accountable; commands immediate respect - strong executive Presence; outstanding Resourcefulness in finding paths forward with limited resources; consistently Inspires Others to exceed expectations in first-time situations; maintains exceptional Composure under the most intense pressure.
LTM772326,Chatura Saraf,Principal Director - HR Transformation,Self-Awareness,5.0,5,Expert,4.75,94.0,>= 90th Percentile,"Expert Self-Awareness; exceptionally Feedback-Oriented - proactively solicits critical feedback from all levels and acts on it rapidly; deep Reflective practice - consistently pauses to extract lessons before reacting; precise Self-Knowledge - highly accurate understanding of own strengths, derailers, and impact; maintains a disciplined Personal Development plan; outstanding Emotional Regulation in high-stakes moments."
LTM200756,Nirja Sarin,Senior Specialist - Corporate Strategy,Mental Agility,4.72,5,Expert,4.37,84.0,75th-89th Percentile,Expert-level Mental Agility; demonstrates exceptional Inquisitiveness - asks penetrating 'why' and 'what if' questions that reframe problems; functions as a true Broad Scanner with interests spanning multiple unrelated disciplines; masterful Complexity handling; acts as a Connector drawing powerful analogies across domains; effective Improver/Critic who challenges assumptions constructively.
LTM200756,Nirja Sarin,Senior Specialist - Corporate Strategy,People Agility,4.06,4,Advanced,4.37,84.0,75th-89th Percentile,Advanced People Agility; strong Open-Minded orientation; good People Smart - accurately reads most interpersonal dynamics; navigates organisational politics ethically and effectively; tailors communication well; shows good Role Flexibility across different team contexts.
LTM200756,Nirja Sarin,Senior Specialist - Corporate Strategy,Change Agility,4.92,5,Expert,4.37,84.0,75th-89th Percentile,Expert Change Agility; prototype Experimenter mindset - proactively tests new approaches and learns rapidly from pilots; highly Comfortable with Ambiguity; compelling Visionary who articulates and energises others around a future state; exceptional Stalwart - sustains effectiveness through prolonged transformation; skilled Innovation Manager who helps others navigate change.
LTM200756,Nirja Sarin,Senior Specialist - Corporate Strategy,Results Agility,3.86,4,Advanced,4.37,84.0,75th-89th Percentile,Advanced Results Agility; strong Drive with high self-accountability; solid executive Presence that builds confidence; demonstrates good Resourcefulness; effectively Inspires Others to high performance; maintains Composure well in most high-pressure situations.
LTM200756,Nirja Sarin,Senior Specialist - Corporate Strategy,Self-Awareness,4.28,4,Advanced,4.37,84.0,75th-89th Percentile,Advanced Self-Awareness; actively seeks and acts on feedback; demonstrates strong Reflective behaviour; generally accurate Self-Knowledge with minor blind spots; follows a consistent Personal Development plan; manages emotional responses well in most high-pressure situations.
LTM067800,Sanya Gupta,Senior Director - Practice Sales,Mental Agility,5.0,5,Expert,4.92,98.0,>= 90th Percentile,Expert-level Mental Agility; demonstrates exceptional Inquisitiveness - asks penetrating 'why' and 'what if' questions that reframe problems; functions as a true Broad Scanner with interests spanning multiple unrelated disciplines; masterful Complexity handling; acts as a Connector drawing powerful analogies across domains; effective Improver/Critic who challenges assumptions constructively.
LTM067800,Sanya Gupta,Senior Director - Practice Sales,People Agility,4.67,5,Expert,4.92,98.0,>= 90th Percentile,Expert People Agility; genuinely Open-Minded - actively seeks perspectives radically unlike their own; exceptional People Smart capability - reads unspoken group dynamics with accuracy; masterful Politically Savvy navigation of complex organisational dynamics; outstanding Communicator who tailors message and medium to every audience; demonstrates exceptional Role Flexibility.
LTM067800,Sanya Gupta,Senior Director - Practice Sales,Change Agility,4.91,5,Expert,4.92,98.0,>= 90th Percentile,Expert Change Agility; prototype Experimenter mindset - proactively tests new approaches and learns rapidly from pilots; highly Comfortable with Ambiguity; compelling Visionary who articulates and energises others around a future state; exceptional Stalwart - sustains effectiveness through prolonged transformation; skilled Innovation Manager who helps others navigate change.
LTM067800,Sanya Gupta,Senior Director - Practice Sales,Results Agility,5.0,5,Expert,4.92,98.0,>= 90th Percentile,Expert Results Agility; demonstrates exceptional Drive - sets highest standards and holds self and others rigorously accountable; commands immediate respect - strong executive Presence; outstanding Resourcefulness in finding paths forward with limited resources; consistently Inspires Others to exceed expectations in first-time situations; maintains exceptional Composure under the most intense pressure.
LTM067800,Sanya Gupta,Senior Director - Practice Sales,Self-Awareness,5.0,5,Expert,4.92,98.0,>= 90th Percentile,"Expert Self-Awareness; exceptionally Feedback-Oriented - proactively solicits critical feedback from all levels and acts on it rapidly; deep Reflective practice - consistently pauses to extract lessons before reacting; precise Self-Knowledge - highly accurate understanding of own strengths, derailers, and impact; maintains a disciplined Personal Development plan; outstanding Emotional Regulation in high-stakes moments."
LTM025048,Bhavya Narayanan,Senior Executive - Secretarial,Mental Agility,4.92,5,Expert,4.93,98.0,>= 90th Percentile,Expert-level Mental Agility; demonstrates exceptional Inquisitiveness - asks penetrating 'why' and 'what if' questions that reframe problems; functions as a true Broad Scanner with interests spanning multiple unrelated disciplines; masterful Complexity handling; acts as a Connector drawing powerful analogies across domains; effective Improver/Critic who challenges assumptions constructively.
LTM025048,Bhavya Narayanan,Senior Executive - Secretarial,People Agility,5.0,5,Expert,4.93,98.0,>= 90th Percentile,Expert People Agility; genuinely Open-Minded - actively seeks perspectives radically unlike their own; exceptional People Smart capability - reads unspoken group dynamics with accuracy; masterful Politically Savvy navigation of complex organisational dynamics; outstanding Communicator who tailors message and medium to every audience; demonstrates exceptional Role Flexibility.
LTM025048,Bhavya Narayanan,Senior Executive - Secretarial,Change Agility,4.73,5,Expert,4.93,98.0,>= 90th Percentile,Expert Change Agility; prototype Experimenter mindset - proactively tests new approaches and learns rapidly from pilots; highly Comfortable with Ambiguity; compelling Visionary who articulates and energises others around a future state; exceptional Stalwart - sustains effectiveness through prolonged transformation; skilled Innovation Manager who helps others navigate change.
LTM025048,Bhavya Narayanan,Senior Executive - Secretarial,Results Agility,5.0,5,Expert,4.93,98.0,>= 90th Percentile,Expert Results Agility; demonstrates exceptional Drive - sets highest standards and holds self and others rigorously accountable; commands immediate respect - strong executive Presence; outstanding Resourcefulness in finding paths forward with limited resources; consistently Inspires Others to exceed expectations in first-time situations; maintains exceptional Composure under the most intense pressure.
LTM025048,Bhavya Narayanan,Senior Executive - Secretarial,Self-Awareness,5.0,5,Expert,4.93,98.0,>= 90th Percentile,"Expert Self-Awareness; exceptionally Feedback-Oriented - proactively solicits critical feedback from all levels and acts on it rapidly; deep Reflective practice - consistently pauses to extract lessons before reacting; precise Self-Knowledge - highly accurate understanding of own strengths, derailers, and impact; maintains a disciplined Personal Development plan; outstanding Emotional Regulation in high-stakes moments."
LTM848475,Nilima Narain,Associate Vice President - AI,Mental Agility,4.73,5,Expert,4.59,90.0,>= 90th Percentile,Expert-level Mental Agility; demonstrates exceptional Inquisitiveness - asks penetrating 'why' and 'what if' questions that reframe problems; functions as a true Broad Scanner with interests spanning multiple unrelated disciplines; masterful Complexity handling; acts as a Connector drawing powerful analogies across domains; effective Improver/Critic who challenges assumptions constructively.
LTM848475,Nilima Narain,Associate Vice President - AI,People Agility,5.0,5,Expert,4.59,90.0,>= 90th Percentile,Expert People Agility; genuinely Open-Minded - actively seeks perspectives radically unlike their own; exceptional People Smart capability - reads unspoken group dynamics with accuracy; masterful Politically Savvy navigation of complex organisational dynamics; outstanding Communicator who tailors message and medium to every audience; demonstrates exceptional Role Flexibility.
LTM848475,Nilima Narain,Associate Vice President - AI,Change Agility,4.5,4,Advanced,4.59,90.0,>= 90th Percentile,Advanced Change Agility; demonstrates strong Experimenter orientation; comfortable with ambiguity in most situations; articulates a clear and motivating vision of change; sustains performance during significant transitions; helps team members adapt to change effectively.
LTM848475,Nilima Narain,Associate Vice President - AI,Results Agility,4.63,5,Expert,4.59,90.0,>= 90th Percentile,Expert Results Agility; demonstrates exceptional Drive - sets highest standards and holds self and others rigorously accountable; commands immediate respect - strong executive Presence; outstanding Resourcefulness in finding paths forward with limited resources; consistently Inspires Others to exceed expectations in first-time situations; maintains exceptional Composure under the most intense pressure.
LTM848475,Nilima Narain,Associate Vice President - AI,Self-Awareness,4.11,4,Advanced,4.59,90.0,>= 90th Percentile,Advanced Self-Awareness; actively seeks and acts on feedback; demonstrates strong Reflective behaviour; generally accurate Self-Knowledge with minor blind spots; follows a consistent Personal Development plan; manages emotional responses well in most high-pressure situations.
LTM072146,Charvi Ravi,CFO,Mental Agility,5.0,5,Expert,5.0,100.0,>= 90th Percentile,Expert-level Mental Agility; demonstrates exceptional Inquisitiveness - asks penetrating 'why' and 'what if' questions that reframe problems; functions as a true Broad Scanner with interests spanning multiple unrelated disciplines; masterful Complexity handling; acts as a Connector drawing powerful analogies across domains; effective Improver/Critic who challenges assumptions constructively.
LTM072146,Charvi Ravi,CFO,People Agility,5.0,5,Expert,5.0,100.0,>= 90th Percentile,Expert People Agility; genuinely Open-Minded - actively seeks perspectives radically unlike their own; exceptional People Smart capability - reads unspoken group dynamics with accuracy; masterful Politically Savvy navigation of complex organisational dynamics; outstanding Communicator who tailors message and medium to every audience; demonstrates exceptional Role Flexibility.
LTM072146,Charvi Ravi,CFO,Change Agility,5.0,5,Expert,5.0,100.0,>= 90th Percentile,Expert Change Agility; prototype Experimenter mindset - proactively tests new approaches and learns rapidly from pilots; highly Comfortable with Ambiguity; compelling Visionary who articulates and energises others around a future state; exceptional Stalwart - sustains effectiveness through prolonged transformation; skilled Innovation Manager who helps others navigate change.
LTM072146,Charvi Ravi,CFO,Results Agility,5.0,5,Expert,5.0,100.0,>= 90th Percentile,Expert Results Agility; demonstrates exceptional Drive - sets highest standards and holds self and others rigorously accountable; commands immediate respect - strong executive Presence; outstanding Resourcefulness in finding paths forward with limited resources; consistently Inspires Others to exceed expectations in first-time situations; maintains exceptional Composure under the most intense pressure.
LTM072146,Charvi Ravi,CFO,Self-Awareness,5.0,5,Expert,5.0,100.0,>= 90th Percentile,"Expert Self-Awareness; exceptionally Feedback-Oriented - proactively solicits critical feedback from all levels and acts on it rapidly; deep Reflective practice - consistently pauses to extract lessons before reacting; precise Self-Knowledge - highly accurate understanding of own strengths, derailers, and impact; maintains a disciplined Personal Development plan; outstanding Emotional Regulation in high-stakes moments."
LTM295037,Tanveer Nagy,Executive - Corporate Strategy,Mental Agility,5.0,5,Expert,5.0,100.0,>= 90th Percentile,Expert-level Mental Agility; demonstrates exceptional Inquisitiveness - asks penetrating 'why' and 'what if' questions that reframe problems; functions as a true Broad Scanner with interests spanning multiple unrelated disciplines; masterful Complexity handling; acts as a Connector drawing powerful analogies across domains; effective Improver/Critic who challenges assumptions constructively.
LTM295037,Tanveer Nagy,Executive - Corporate Strategy,People Agility,5.0,5,Expert,5.0,100.0,>= 90th Percentile,Expert People Agility; genuinely Open-Minded - actively seeks perspectives radically unlike their own; exceptional People Smart capability - reads unspoken group dynamics with accuracy; masterful Politically Savvy navigation of complex organisational dynamics; outstanding Communicator who tailors message and medium to every audience; demonstrates exceptional Role Flexibility.
LTM295037,Tanveer Nagy,Executive - Corporate Strategy,Change Agility,5.0,5,Expert,5.0,100.0,>= 90th Percentile,Expert Change Agility; prototype Experimenter mindset - proactively tests new approaches and learns rapidly from pilots; highly Comfortable with Ambiguity; compelling Visionary who articulates and energises others around a future state; exceptional Stalwart - sustains effectiveness through prolonged transformation; skilled Innovation Manager who helps others navigate change.
LTM295037,Tanveer Nagy,Executive - Corporate Strategy,Results Agility,5.0,5,Expert,5.0,100.0,>= 90th Percentile,Expert Results Agility; demonstrates exceptional Drive - sets highest standards and holds self and others rigorously accountable; commands immediate respect - strong executive Presence; outstanding Resourcefulness in finding paths forward with limited resources; consistently Inspires Others to exceed expectations in first-time situations; maintains exceptional Composure under the most intense pressure.
LTM295037,Tanveer Nagy,Executive - Corporate Strategy,Self-Awareness,5.0,5,Expert,5.0,100.0,>= 90th Percentile,"Expert Self-Awareness; exceptionally Feedback-Oriented - proactively solicits critical feedback from all levels and acts on it rapidly; deep Reflective practice - consistently pauses to extract lessons before reacting; precise Self-Knowledge - highly accurate understanding of own strengths, derailers, and impact; maintains a disciplined Personal Development plan; outstanding Emotional Regulation in high-stakes moments."
LTM162890,Vaishnavi Sathe,Senior Vice President,Mental Agility,5.0,5,Expert,4.71,93.0,>= 90th Percentile,Expert-level Mental Agility; demonstrates exceptional Inquisitiveness - asks penetrating 'why' and 'what if' questions that reframe problems; functions as a true Broad Scanner with interests spanning multiple unrelated disciplines; masterful Complexity handling; acts as a Connector drawing powerful analogies across domains; effective Improver/Critic who challenges assumptions constructively.
LTM162890,Vaishnavi Sathe,Senior Vice President,People Agility,4.37,4,Advanced,4.71,93.0,>= 90th Percentile,Advanced People Agility; strong Open-Minded orientation; good People Smart - accurately reads most interpersonal dynamics; navigates organisational politics ethically and effectively; tailors communication well; shows good Role Flexibility across different team contexts.
LTM162890,Vaishnavi Sathe,Senior Vice President,Change Agility,4.6,5,Expert,4.71,93.0,>= 90th Percentile,Expert Change Agility; prototype Experimenter mindset - proactively tests new approaches and learns rapidly from pilots; highly Comfortable with Ambiguity; compelling Visionary who articulates and energises others around a future state; exceptional Stalwart - sustains effectiveness through prolonged transformation; skilled Innovation Manager who helps others navigate change.
LTM162890,Vaishnavi Sathe,Senior Vice President,Results Agility,4.6,5,Expert,4.71,93.0,>= 90th Percentile,Expert Results Agility; demonstrates exceptional Drive - sets highest standards and holds self and others rigorously accountable; commands immediate respect - strong executive Presence; outstanding Resourcefulness in finding paths forward with limited resources; consistently Inspires Others to exceed expectations in first-time situations; maintains exceptional Composure under the most intense pressure.
LTM162890,Vaishnavi Sathe,Senior Vice President,Self-Awareness,5.0,5,Expert,4.71,93.0,>= 90th Percentile,"Expert Self-Awareness; exceptionally Feedback-Oriented - proactively solicits critical feedback from all levels and acts on it rapidly; deep Reflective practice - consistently pauses to extract lessons before reacting; precise Self-Knowledge - highly accurate understanding of own strengths, derailers, and impact; maintains a disciplined Personal Development plan; outstanding Emotional Regulation in high-stakes moments."
LTM843402,Yashodhara Solanki,Associate Vice President - Advisory,Mental Agility,5.0,5,Expert,4.5,88.0,75th-89th Percentile,Expert-level Mental Agility; demonstrates exceptional Inquisitiveness - asks penetrating 'why' and 'what if' questions that reframe problems; functions as a true Broad Scanner with interests spanning multiple unrelated disciplines; masterful Complexity handling; acts as a Connector drawing powerful analogies across domains; effective Improver/Critic who challenges assumptions constructively.
LTM843402,Yashodhara Solanki,Associate Vice President - Advisory,People Agility,3.9,4,Advanced,4.5,88.0,75th-89th Percentile,Advanced People Agility; strong Open-Minded orientation; good People Smart - accurately reads most interpersonal dynamics; navigates organisational politics ethically and effectively; tailors communication well; shows good Role Flexibility across different team contexts.
LTM843402,Yashodhara Solanki,Associate Vice President - Advisory,Change Agility,5.0,5,Expert,4.5,88.0,75th-89th Percentile,Expert Change Agility; prototype Experimenter mindset - proactively tests new approaches and learns rapidly from pilots; highly Comfortable with Ambiguity; compelling Visionary who articulates and energises others around a future state; exceptional Stalwart - sustains effectiveness through prolonged transformation; skilled Innovation Manager who helps others navigate change.
LTM843402,Yashodhara Solanki,Associate Vice President - Advisory,Results Agility,4.82,5,Expert,4.5,88.0,75th-89th Percentile,Expert Results Agility; demonstrates exceptional Drive - sets highest standards and holds self and others rigorously accountable; commands immediate respect - strong executive Presence; outstanding Resourcefulness in finding paths forward with limited resources; consistently Inspires Others to exceed expectations in first-time situations; maintains exceptional Composure under the most intense pressure.
LTM843402,Yashodhara Solanki,Associate Vice President - Advisory,Self-Awareness,3.77,4,Advanced,4.5,88.0,75th-89th Percentile,Advanced Self-Awareness; actively seeks and acts on feedback; demonstrates strong Reflective behaviour; generally accurate Self-Knowledge with minor blind spots; follows a consistent Personal Development plan; manages emotional responses well in most high-pressure situations.
LTM978893,Brijesh Mander,Principal Director - Cybersecurity,Mental Agility,5.0,5,Expert,4.8,95.0,>= 90th Percentile,Expert-level Mental Agility; demonstrates exceptional Inquisitiveness - asks penetrating 'why' and 'what if' questions that reframe problems; functions as a true Broad Scanner with interests spanning multiple unrelated disciplines; masterful Complexity handling; acts as a Connector drawing powerful analogies across domains; effective Improver/Critic who challenges assumptions constructively.
LTM978893,Brijesh Mander,Principal Director - Cybersecurity,People Agility,5.0,5,Expert,4.8,95.0,>= 90th Percentile,Expert People Agility; genuinely Open-Minded - actively seeks perspectives radically unlike their own; exceptional People Smart capability - reads unspoken group dynamics with accuracy; masterful Politically Savvy navigation of complex organisational dynamics; outstanding Communicator who tailors message and medium to every audience; demonstrates exceptional Role Flexibility.
LTM978893,Brijesh Mander,Principal Director - Cybersecurity,Change Agility,5.0,5,Expert,4.8,95.0,>= 90th Percentile,Expert Change Agility; prototype Experimenter mindset - proactively tests new approaches and learns rapidly from pilots; highly Comfortable with Ambiguity; compelling Visionary who articulates and energises others around a future state; exceptional Stalwart - sustains effectiveness through prolonged transformation; skilled Innovation Manager who helps others navigate change.
LTM978893,Brijesh Mander,Principal Director - Cybersecurity,Results Agility,4.02,4,Advanced,4.8,95.0,>= 90th Percentile,Advanced Results Agility; strong Drive with high self-accountability; solid executive Presence that builds confidence; demonstrates good Resourcefulness; effectively Inspires Others to high performance; maintains Composure well in most high-pressure situations.
LTM978893,Brijesh Mander,Principal Director - Cybersecurity,Self-Awareness,5.0,5,Expert,4.8,95.0,>= 90th Percentile,"Expert Self-Awareness; exceptionally Feedback-Oriented - proactively solicits critical feedback from all levels and acts on it rapidly; deep Reflective practice - consistently pauses to extract lessons before reacting; precise Self-Knowledge - highly accurate understanding of own strengths, derailers, and impact; maintains a disciplined Personal Development plan; outstanding Emotional Regulation in high-stakes moments."
LTM683721,Charita Keer,Senior Executive - Secretarial,Mental Agility,5.0,5,Expert,5.0,100.0,>= 90th Percentile,Expert-level Mental Agility; demonstrates exceptional Inquisitiveness - asks penetrating 'why' and 'what if' questions that reframe problems; functions as a true Broad Scanner with interests spanning multiple unrelated disciplines; masterful Complexity handling; acts as a Connector drawing powerful analogies across domains; effective Improver/Critic who challenges assumptions constructively.
LTM683721,Charita Keer,Senior Executive - Secretarial,People Agility,5.0,5,Expert,5.0,100.0,>= 90th Percentile,Expert People Agility; genuinely Open-Minded - actively seeks perspectives radically unlike their own; exceptional People Smart capability - reads unspoken group dynamics with accuracy; masterful Politically Savvy navigation of complex organisational dynamics; outstanding Communicator who tailors message and medium to every audience; demonstrates exceptional Role Flexibility.
LTM683721,Charita Keer,Senior Executive - Secretarial,Change Agility,5.0,5,Expert,5.0,100.0,>= 90th Percentile,Expert Change Agility; prototype Experimenter mindset - proactively tests new approaches and learns rapidly from pilots; highly Comfortable with Ambiguity; compelling Visionary who articulates and energises others around a future state; exceptional Stalwart - sustains effectiveness through prolonged transformation; skilled Innovation Manager who helps others navigate change.
LTM683721,Charita Keer,Senior Executive - Secretarial,Results Agility,5.0,5,Expert,5.0,100.0,>= 90th Percentile,Expert Results Agility; demonstrates exceptional Drive - sets highest standards and holds self and others rigorously accountable; commands immediate respect - strong executive Presence; outstanding Resourcefulness in finding paths forward with limited resources; consistently Inspires Others to exceed expectations in first-time situations; maintains exceptional Composure under the most intense pressure.
LTM683721,Charita Keer,Senior Executive - Secretarial,Self-Awareness,5.0,5,Expert,5.0,100.0,>= 90th Percentile,"Expert Self-Awareness; exceptionally Feedback-Oriented - proactively solicits critical feedback from all levels and acts on it rapidly; deep Reflective practice - consistently pauses to extract lessons before reacting; precise Self-Knowledge - highly accurate understanding of own strengths, derailers, and impact; maintains a disciplined Personal Development plan; outstanding Emotional Regulation in high-stakes moments."
LTM336986,Jeevika Issac,Executive - Corporate Strategy,Mental Agility,4.54,5,Expert,4.63,91.0,>= 90th Percentile,Expert-level Mental Agility; demonstrates exceptional Inquisitiveness - asks penetrating 'why' and 'what if' questions that reframe problems; functions as a true Broad Scanner with interests spanning multiple unrelated disciplines; masterful Complexity handling; acts as a Connector drawing powerful analogies across domains; effective Improver/Critic who challenges assumptions constructively.
LTM336986,Jeevika Issac,Executive - Corporate Strategy,People Agility,4.3,4,Advanced,4.63,91.0,>= 90th Percentile,Advanced People Agility; strong Open-Minded orientation; good People Smart - accurately reads most interpersonal dynamics; navigates organisational politics ethically and effectively; tailors communication well; shows good Role Flexibility across different team contexts.
LTM336986,Jeevika Issac,Executive - Corporate Strategy,Change Agility,5.0,5,Expert,4.63,91.0,>= 90th Percentile,Expert Change Agility; prototype Experimenter mindset - proactively tests new approaches and learns rapidly from pilots; highly Comfortable with Ambiguity; compelling Visionary who articulates and energises others around a future state; exceptional Stalwart - sustains effectiveness through prolonged transformation; skilled Innovation Manager who helps others navigate change.
LTM336986,Jeevika Issac,Executive - Corporate Strategy,Results Agility,5.0,5,Expert,4.63,91.0,>= 90th Percentile,Expert Results Agility; demonstrates exceptional Drive - sets highest standards and holds self and others rigorously accountable; commands immediate respect - strong executive Presence; outstanding Resourcefulness in finding paths forward with limited resources; consistently Inspires Others to exceed expectations in first-time situations; maintains exceptional Composure under the most intense pressure.
LTM336986,Jeevika Issac,Executive - Corporate Strategy,Self-Awareness,4.33,4,Advanced,4.63,91.0,>= 90th Percentile,Advanced Self-Awareness; actively seeks and acts on feedback; demonstrates strong Reflective behaviour; generally accurate Self-Knowledge with minor blind spots; follows a consistent Personal Development plan; manages emotional responses well in most high-pressure situations.
LTM514866,Advik Batra,Specialist - Corporate Strategy,Mental Agility,5.0,5,Expert,4.79,95.0,>= 90th Percentile,Expert-level Mental Agility; demonstrates exceptional Inquisitiveness - asks penetrating 'why' and 'what if' questions that reframe problems; functions as a true Broad Scanner with interests spanning multiple unrelated disciplines; masterful Complexity handling; acts as a Connector drawing powerful analogies across domains; effective Improver/Critic who challenges assumptions constructively.
LTM514866,Advik Batra,Specialist - Corporate Strategy,People Agility,4.87,5,Expert,4.79,95.0,>= 90th Percentile,Expert People Agility; genuinely Open-Minded - actively seeks perspectives radically unlike their own; exceptional People Smart capability - reads unspoken group dynamics with accuracy; masterful Politically Savvy navigation of complex organisational dynamics; outstanding Communicator who tailors message and medium to every audience; demonstrates exceptional Role Flexibility.
LTM514866,Advik Batra,Specialist - Corporate Strategy,Change Agility,4.06,4,Advanced,4.79,95.0,>= 90th Percentile,Advanced Change Agility; demonstrates strong Experimenter orientation; comfortable with ambiguity in most situations; articulates a clear and motivating vision of change; sustains performance during significant transitions; helps team members adapt to change effectively.
LTM514866,Advik Batra,Specialist - Corporate Strategy,Results Agility,5.0,5,Expert,4.79,95.0,>= 90th Percentile,Expert Results Agility; demonstrates exceptional Drive - sets highest standards and holds self and others rigorously accountable; commands immediate respect - strong executive Presence; outstanding Resourcefulness in finding paths forward with limited resources; consistently Inspires Others to exceed expectations in first-time situations; maintains exceptional Composure under the most intense pressure.
LTM514866,Advik Batra,Specialist - Corporate Strategy,Self-Awareness,5.0,5,Expert,4.79,95.0,>= 90th Percentile,"Expert Self-Awareness; exceptionally Feedback-Oriented - proactively solicits critical feedback from all levels and acts on it rapidly; deep Reflective practice - consistently pauses to extract lessons before reacting; precise Self-Knowledge - highly accurate understanding of own strengths, derailers, and impact; maintains a disciplined Personal Development plan; outstanding Emotional Regulation in high-stakes moments."
LTM409181,Wazir Bora,Senior Account Director,Mental Agility,5.0,5,Expert,4.78,95.0,>= 90th Percentile,Expert-level Mental Agility; demonstrates exceptional Inquisitiveness - asks penetrating 'why' and 'what if' questions that reframe problems; functions as a true Broad Scanner with interests spanning multiple unrelated disciplines; masterful Complexity handling; acts as a Connector drawing powerful analogies across domains; effective Improver/Critic who challenges assumptions constructively.
LTM409181,Wazir Bora,Senior Account Director,People Agility,4.41,4,Advanced,4.78,95.0,>= 90th Percentile,Advanced People Agility; strong Open-Minded orientation; good People Smart - accurately reads most interpersonal dynamics; navigates organisational politics ethically and effectively; tailors communication well; shows good Role Flexibility across different team contexts.
LTM409181,Wazir Bora,Senior Account Director,Change Agility,5.0,5,Expert,4.78,95.0,>= 90th Percentile,Expert Change Agility; prototype Experimenter mindset - proactively tests new approaches and learns rapidly from pilots; highly Comfortable with Ambiguity; compelling Visionary who articulates and energises others around a future state; exceptional Stalwart - sustains effectiveness through prolonged transformation; skilled Innovation Manager who helps others navigate change.
LTM409181,Wazir Bora,Senior Account Director,Results Agility,5.0,5,Expert,4.78,95.0,>= 90th Percentile,Expert Results Agility; demonstrates exceptional Drive - sets highest standards and holds self and others rigorously accountable; commands immediate respect - strong executive Presence; outstanding Resourcefulness in finding paths forward with limited resources; consistently Inspires Others to exceed expectations in first-time situations; maintains exceptional Composure under the most intense pressure.
LTM409181,Wazir Bora,Senior Account Director,Self-Awareness,4.51,5,Expert,4.78,95.0,>= 90th Percentile,"Expert Self-Awareness; exceptionally Feedback-Oriented - proactively solicits critical feedback from all levels and acts on it rapidly; deep Reflective practice - consistently pauses to extract lessons before reacting; precise Self-Knowledge - highly accurate understanding of own strengths, derailers, and impact; maintains a disciplined Personal Development plan; outstanding Emotional Regulation in high-stakes moments."
LTM266101,Sarthak Hayer,Senior Specialist - Corporate Strategy,Mental Agility,3.81,4,Advanced,4.47,87.0,75th-89th Percentile,Advanced Mental Agility; strong Inquisitiveness and Broad Scanning behaviour; handles complexity well; makes useful connections across disciplines; challenges existing approaches constructively; solid critical and creative problem-solving capability.
LTM266101,Sarthak Hayer,Senior Specialist - Corporate Strategy,People Agility,5.0,5,Expert,4.47,87.0,75th-89th Percentile,Expert People Agility; genuinely Open-Minded - actively seeks perspectives radically unlike their own; exceptional People Smart capability - reads unspoken group dynamics with accuracy; masterful Politically Savvy navigation of complex organisational dynamics; outstanding Communicator who tailors message and medium to every audience; demonstrates exceptional Role Flexibility.
LTM266101,Sarthak Hayer,Senior Specialist - Corporate Strategy,Change Agility,4.49,4,Advanced,4.47,87.0,75th-89th Percentile,Advanced Change Agility; demonstrates strong Experimenter orientation; comfortable with ambiguity in most situations; articulates a clear and motivating vision of change; sustains performance during significant transitions; helps team members adapt to change effectively.
LTM266101,Sarthak Hayer,Senior Specialist - Corporate Strategy,Results Agility,4.86,5,Expert,4.47,87.0,75th-89th Percentile,Expert Results Agility; demonstrates exceptional Drive - sets highest standards and holds self and others rigorously accountable; commands immediate respect - strong executive Presence; outstanding Resourcefulness in finding paths forward with limited resources; consistently Inspires Others to exceed expectations in first-time situations; maintains exceptional Composure under the most intense pressure.
LTM266101,Sarthak Hayer,Senior Specialist - Corporate Strategy,Self-Awareness,4.2,4,Advanced,4.47,87.0,75th-89th Percentile,Advanced Self-Awareness; actively seeks and acts on feedback; demonstrates strong Reflective behaviour; generally accurate Self-Knowledge with minor blind spots; follows a consistent Personal Development plan; manages emotional responses well in most high-pressure situations.
LTM428516,Warda Ratta,Principal Director - Business Development,Mental Agility,5.0,5,Expert,4.89,97.0,>= 90th Percentile,Expert-level Mental Agility; demonstrates exceptional Inquisitiveness - asks penetrating 'why' and 'what if' questions that reframe problems; functions as a true Broad Scanner with interests spanning multiple unrelated disciplines; masterful Complexity handling; acts as a Connector drawing powerful analogies across domains; effective Improver/Critic who challenges assumptions constructively.
LTM428516,Warda Ratta,Principal Director - Business Development,People Agility,4.86,5,Expert,4.89,97.0,>= 90th Percentile,Expert People Agility; genuinely Open-Minded - actively seeks perspectives radically unlike their own; exceptional People Smart capability - reads unspoken group dynamics with accuracy; masterful Politically Savvy navigation of complex organisational dynamics; outstanding Communicator who tailors message and medium to every audience; demonstrates exceptional Role Flexibility.
LTM428516,Warda Ratta,Principal Director - Business Development,Change Agility,5.0,5,Expert,4.89,97.0,>= 90th Percentile,Expert Change Agility; prototype Experimenter mindset - proactively tests new approaches and learns rapidly from pilots; highly Comfortable with Ambiguity; compelling Visionary who articulates and energises others around a future state; exceptional Stalwart - sustains effectiveness through prolonged transformation; skilled Innovation Manager who helps others navigate change.
LTM428516,Warda Ratta,Principal Director - Business Development,Results Agility,4.58,5,Expert,4.89,97.0,>= 90th Percentile,Expert Results Agility; demonstrates exceptional Drive - sets highest standards and holds self and others rigorously accountable; commands immediate respect - strong executive Presence; outstanding Resourcefulness in finding paths forward with limited resources; consistently Inspires Others to exceed expectations in first-time situations; maintains exceptional Composure under the most intense pressure.
LTM428516,Warda Ratta,Principal Director - Business Development,Self-Awareness,5.0,5,Expert,4.89,97.0,>= 90th Percentile,"Expert Self-Awareness; exceptionally Feedback-Oriented - proactively solicits critical feedback from all levels and acts on it rapidly; deep Reflective practice - consistently pauses to extract lessons before reacting; precise Self-Knowledge - highly accurate understanding of own strengths, derailers, and impact; maintains a disciplined Personal Development plan; outstanding Emotional Regulation in high-stakes moments."
LTM866171,Ethan Ahluwalia,Associate Vice President - Finance,Mental Agility,5.0,5,Expert,4.86,97.0,>= 90th Percentile,Expert-level Mental Agility; demonstrates exceptional Inquisitiveness - asks penetrating 'why' and 'what if' questions that reframe problems; functions as a true Broad Scanner with interests spanning multiple unrelated disciplines; masterful Complexity handling; acts as a Connector drawing powerful analogies across domains; effective Improver/Critic who challenges assumptions constructively.
LTM866171,Ethan Ahluwalia,Associate Vice President - Finance,People Agility,5.0,5,Expert,4.86,97.0,>= 90th Percentile,Expert People Agility; genuinely Open-Minded - actively seeks perspectives radically unlike their own; exceptional People Smart capability - reads unspoken group dynamics with accuracy; masterful Politically Savvy navigation of complex organisational dynamics; outstanding Communicator who tailors message and medium to every audience; demonstrates exceptional Role Flexibility.
LTM866171,Ethan Ahluwalia,Associate Vice President - Finance,Change Agility,5.0,5,Expert,4.86,97.0,>= 90th Percentile,Expert Change Agility; prototype Experimenter mindset - proactively tests new approaches and learns rapidly from pilots; highly Comfortable with Ambiguity; compelling Visionary who articulates and energises others around a future state; exceptional Stalwart - sustains effectiveness through prolonged transformation; skilled Innovation Manager who helps others navigate change.
LTM866171,Ethan Ahluwalia,Associate Vice President - Finance,Results Agility,5.0,5,Expert,4.86,97.0,>= 90th Percentile,Expert Results Agility; demonstrates exceptional Drive - sets highest standards and holds self and others rigorously accountable; commands immediate respect - strong executive Presence; outstanding Resourcefulness in finding paths forward with limited resources; consistently Inspires Others to exceed expectations in first-time situations; maintains exceptional Composure under the most intense pressure.
LTM866171,Ethan Ahluwalia,Associate Vice President - Finance,Self-Awareness,4.32,4,Advanced,4.86,97.0,>= 90th Percentile,Advanced Self-Awareness; actively seeks and acts on feedback; demonstrates strong Reflective behaviour; generally accurate Self-Knowledge with minor blind spots; follows a consistent Personal Development plan; manages emotional responses well in most high-pressure situations.
LTM558590,Pavani Kanda,Executive Vice President,Mental Agility,5.0,5,Expert,4.63,91.0,>= 90th Percentile,Expert-level Mental Agility; demonstrates exceptional Inquisitiveness - asks penetrating 'why' and 'what if' questions that reframe problems; functions as a true Broad Scanner with interests spanning multiple unrelated disciplines; masterful Complexity handling; acts as a Connector drawing powerful analogies across domains; effective Improver/Critic who challenges assumptions constructively.
LTM558590,Pavani Kanda,Executive Vice President,People Agility,5.0,5,Expert,4.63,91.0,>= 90th Percentile,Expert People Agility; genuinely Open-Minded - actively seeks perspectives radically unlike their own; exceptional People Smart capability - reads unspoken group dynamics with accuracy; masterful Politically Savvy navigation of complex organisational dynamics; outstanding Communicator who tailors message and medium to every audience; demonstrates exceptional Role Flexibility.
LTM558590,Pavani Kanda,Executive Vice President,Change Agility,4.88,5,Expert,4.63,91.0,>= 90th Percentile,Expert Change Agility; prototype Experimenter mindset - proactively tests new approaches and learns rapidly from pilots; highly Comfortable with Ambiguity; compelling Visionary who articulates and energises others around a future state; exceptional Stalwart - sustains effectiveness through prolonged transformation; skilled Innovation Manager who helps others navigate change.
LTM558590,Pavani Kanda,Executive Vice President,Results Agility,5.0,5,Expert,4.63,91.0,>= 90th Percentile,Expert Results Agility; demonstrates exceptional Drive - sets highest standards and holds self and others rigorously accountable; commands immediate respect - strong executive Presence; outstanding Resourcefulness in finding paths forward with limited resources; consistently Inspires Others to exceed expectations in first-time situations; maintains exceptional Composure under the most intense pressure.
LTM558590,Pavani Kanda,Executive Vice President,Self-Awareness,3.29,3,Developing,4.63,91.0,>= 90th Percentile,Developing-to-Effective Self-Awareness; accepts feedback constructively; engages in Reflective practice when prompted; reasonably accurate Self-Knowledge though some blind spots remain; maintains a Personal Development plan with periodic follow-through; adequate Emotional Regulation.
LTM146643,Yochana Shetty,Senior Executive - Secretarial,Mental Agility,4.21,4,Advanced,4.73,93.0,>= 90th Percentile,Advanced Mental Agility; strong Inquisitiveness and Broad Scanning behaviour; handles complexity well; makes useful connections across disciplines; challenges existing approaches constructively; solid critical and creative problem-solving capability.
LTM146643,Yochana Shetty,Senior Executive - Secretarial,People Agility,5.0,5,Expert,4.73,93.0,>= 90th Percentile,Expert People Agility; genuinely Open-Minded - actively seeks perspectives radically unlike their own; exceptional People Smart capability - reads unspoken group dynamics with accuracy; masterful Politically Savvy navigation of complex organisational dynamics; outstanding Communicator who tailors message and medium to every audience; demonstrates exceptional Role Flexibility.
LTM146643,Yochana Shetty,Senior Executive - Secretarial,Change Agility,5.0,5,Expert,4.73,93.0,>= 90th Percentile,Expert Change Agility; prototype Experimenter mindset - proactively tests new approaches and learns rapidly from pilots; highly Comfortable with Ambiguity; compelling Visionary who articulates and energises others around a future state; exceptional Stalwart - sustains effectiveness through prolonged transformation; skilled Innovation Manager who helps others navigate change.
LTM146643,Yochana Shetty,Senior Executive - Secretarial,Results Agility,5.0,5,Expert,4.73,93.0,>= 90th Percentile,Expert Results Agility; demonstrates exceptional Drive - sets highest standards and holds self and others rigorously accountable; commands immediate respect - strong executive Presence; outstanding Resourcefulness in finding paths forward with limited resources; consistently Inspires Others to exceed expectations in first-time situations; maintains exceptional Composure under the most intense pressure.
LTM146643,Yochana Shetty,Senior Executive - Secretarial,Self-Awareness,4.43,4,Advanced,4.73,93.0,>= 90th Percentile,Advanced Self-Awareness; actively seeks and acts on feedback; demonstrates strong Reflective behaviour; generally accurate Self-Knowledge with minor blind spots; follows a consistent Personal Development plan; manages emotional responses well in most high-pressure situations.
LTM801882,Ekalinga Shetty,Executive Vice President,Mental Agility,5.0,5,Expert,5.0,100.0,>= 90th Percentile,Expert-level Mental Agility; demonstrates exceptional Inquisitiveness - asks penetrating 'why' and 'what if' questions that reframe problems; functions as a true Broad Scanner with interests spanning multiple unrelated disciplines; masterful Complexity handling; acts as a Connector drawing powerful analogies across domains; effective Improver/Critic who challenges assumptions constructively.
LTM801882,Ekalinga Shetty,Executive Vice President,People Agility,5.0,5,Expert,5.0,100.0,>= 90th Percentile,Expert People Agility; genuinely Open-Minded - actively seeks perspectives radically unlike their own; exceptional People Smart capability - reads unspoken group dynamics with accuracy; masterful Politically Savvy navigation of complex organisational dynamics; outstanding Communicator who tailors message and medium to every audience; demonstrates exceptional Role Flexibility.
LTM801882,Ekalinga Shetty,Executive Vice President,Change Agility,5.0,5,Expert,5.0,100.0,>= 90th Percentile,Expert Change Agility; prototype Experimenter mindset - proactively tests new approaches and learns rapidly from pilots; highly Comfortable with Ambiguity; compelling Visionary who articulates and energises others around a future state; exceptional Stalwart - sustains effectiveness through prolonged transformation; skilled Innovation Manager who helps others navigate change.
LTM801882,Ekalinga Shetty,Executive Vice President,Results Agility,5.0,5,Expert,5.0,100.0,>= 90th Percentile,Expert Results Agility; demonstrates exceptional Drive - sets highest standards and holds self and others rigorously accountable; commands immediate respect - strong executive Presence; outstanding Resourcefulness in finding paths forward with limited resources; consistently Inspires Others to exceed expectations in first-time situations; maintains exceptional Composure under the most intense pressure.
LTM801882,Ekalinga Shetty,Executive Vice President,Self-Awareness,5.0,5,Expert,5.0,100.0,>= 90th Percentile,"Expert Self-Awareness; exceptionally Feedback-Oriented - proactively solicits critical feedback from all levels and acts on it rapidly; deep Reflective practice - consistently pauses to extract lessons before reacting; precise Self-Knowledge - highly accurate understanding of own strengths, derailers, and impact; maintains a disciplined Personal Development plan; outstanding Emotional Regulation in high-stakes moments."
LTM683662,Varenya Lad,Specialist - Corporate Strategy,Mental Agility,5.0,5,Expert,4.99,100.0,>= 90th Percentile,Expert-level Mental Agility; demonstrates exceptional Inquisitiveness - asks penetrating 'why' and 'what if' questions that reframe problems; functions as a true Broad Scanner with interests spanning multiple unrelated disciplines; masterful Complexity handling; acts as a Connector drawing powerful analogies across domains; effective Improver/Critic who challenges assumptions constructively.
LTM683662,Varenya Lad,Specialist - Corporate Strategy,People Agility,4.96,5,Expert,4.99,100.0,>= 90th Percentile,Expert People Agility; genuinely Open-Minded - actively seeks perspectives radically unlike their own; exceptional People Smart capability - reads unspoken group dynamics with accuracy; masterful Politically Savvy navigation of complex organisational dynamics; outstanding Communicator who tailors message and medium to every audience; demonstrates exceptional Role Flexibility.
LTM683662,Varenya Lad,Specialist - Corporate Strategy,Change Agility,5.0,5,Expert,4.99,100.0,>= 90th Percentile,Expert Change Agility; prototype Experimenter mindset - proactively tests new approaches and learns rapidly from pilots; highly Comfortable with Ambiguity; compelling Visionary who articulates and energises others around a future state; exceptional Stalwart - sustains effectiveness through prolonged transformation; skilled Innovation Manager who helps others navigate change.
LTM683662,Varenya Lad,Specialist - Corporate Strategy,Results Agility,5.0,5,Expert,4.99,100.0,>= 90th Percentile,Expert Results Agility; demonstrates exceptional Drive - sets highest standards and holds self and others rigorously accountable; commands immediate respect - strong executive Presence; outstanding Resourcefulness in finding paths forward with limited resources; consistently Inspires Others to exceed expectations in first-time situations; maintains exceptional Composure under the most intense pressure.
LTM683662,Varenya Lad,Specialist - Corporate Strategy,Self-Awareness,5.0,5,Expert,4.99,100.0,>= 90th Percentile,"Expert Self-Awareness; exceptionally Feedback-Oriented - proactively solicits critical feedback from all levels and acts on it rapidly; deep Reflective practice - consistently pauses to extract lessons before reacting; precise Self-Knowledge - highly accurate understanding of own strengths, derailers, and impact; maintains a disciplined Personal Development plan; outstanding Emotional Regulation in high-stakes moments."
LTM843104,Lakshit Verma,Senior Specialist - Corporate Strategy,Mental Agility,4.48,4,Advanced,4.46,87.0,75th-89th Percentile,Advanced Mental Agility; strong Inquisitiveness and Broad Scanning behaviour; handles complexity well; makes useful connections across disciplines; challenges existing approaches constructively; solid critical and creative problem-solving capability.
LTM843104,Lakshit Verma,Senior Specialist - Corporate Strategy,People Agility,3.79,4,Advanced,4.46,87.0,75th-89th Percentile,Advanced People Agility; strong Open-Minded orientation; good People Smart - accurately reads most interpersonal dynamics; navigates organisational politics ethically and effectively; tailors communication well; shows good Role Flexibility across different team contexts.
LTM843104,Lakshit Verma,Senior Specialist - Corporate Strategy,Change Agility,5.0,5,Expert,4.46,87.0,75th-89th Percentile,Expert Change Agility; prototype Experimenter mindset - proactively tests new approaches and learns rapidly from pilots; highly Comfortable with Ambiguity; compelling Visionary who articulates and energises others around a future state; exceptional Stalwart - sustains effectiveness through prolonged transformation; skilled Innovation Manager who helps others navigate change.
LTM843104,Lakshit Verma,Senior Specialist - Corporate Strategy,Results Agility,4.86,5,Expert,4.46,87.0,75th-89th Percentile,Expert Results Agility; demonstrates exceptional Drive - sets highest standards and holds self and others rigorously accountable; commands immediate respect - strong executive Presence; outstanding Resourcefulness in finding paths forward with limited resources; consistently Inspires Others to exceed expectations in first-time situations; maintains exceptional Composure under the most intense pressure.
LTM843104,Lakshit Verma,Senior Specialist - Corporate Strategy,Self-Awareness,4.17,4,Advanced,4.46,87.0,75th-89th Percentile,Advanced Self-Awareness; actively seeks and acts on feedback; demonstrates strong Reflective behaviour; generally accurate Self-Knowledge with minor blind spots; follows a consistent Personal Development plan; manages emotional responses well in most high-pressure situations.
LTM128716,Jagdish Maharaj,Senior Executive - Corporate Strategy,Mental Agility,4.55,5,Expert,4.87,97.0,>= 90th Percentile,Expert-level Mental Agility; demonstrates exceptional Inquisitiveness - asks penetrating 'why' and 'what if' questions that reframe problems; functions as a true Broad Scanner with interests spanning multiple unrelated disciplines; masterful Complexity handling; acts as a Connector drawing powerful analogies across domains; effective Improver/Critic who challenges assumptions constructively.
LTM128716,Jagdish Maharaj,Senior Executive - Corporate Strategy,People Agility,5.0,5,Expert,4.87,97.0,>= 90th Percentile,Expert People Agility; genuinely Open-Minded - actively seeks perspectives radically unlike their own; exceptional People Smart capability - reads unspoken group dynamics with accuracy; masterful Politically Savvy navigation of complex organisational dynamics; outstanding Communicator who tailors message and medium to every audience; demonstrates exceptional Role Flexibility.
LTM128716,Jagdish Maharaj,Senior Executive - Corporate Strategy,Change Agility,4.82,5,Expert,4.87,97.0,>= 90th Percentile,Expert Change Agility; prototype Experimenter mindset - proactively tests new approaches and learns rapidly from pilots; highly Comfortable with Ambiguity; compelling Visionary who articulates and energises others around a future state; exceptional Stalwart - sustains effectiveness through prolonged transformation; skilled Innovation Manager who helps others navigate change.
LTM128716,Jagdish Maharaj,Senior Executive - Corporate Strategy,Results Agility,5.0,5,Expert,4.87,97.0,>= 90th Percentile,Expert Results Agility; demonstrates exceptional Drive - sets highest standards and holds self and others rigorously accountable; commands immediate respect - strong executive Presence; outstanding Resourcefulness in finding paths forward with limited resources; consistently Inspires Others to exceed expectations in first-time situations; maintains exceptional Composure under the most intense pressure.
LTM128716,Jagdish Maharaj,Senior Executive - Corporate Strategy,Self-Awareness,5.0,5,Expert,4.87,97.0,>= 90th Percentile,"Expert Self-Awareness; exceptionally Feedback-Oriented - proactively solicits critical feedback from all levels and acts on it rapidly; deep Reflective practice - consistently pauses to extract lessons before reacting; precise Self-Knowledge - highly accurate understanding of own strengths, derailers, and impact; maintains a disciplined Personal Development plan; outstanding Emotional Regulation in high-stakes moments."
LTM641165,Brinda Mangal,Senior Executive - Corporate Strategy,Mental Agility,5.0,5,Expert,4.71,93.0,>= 90th Percentile,Expert-level Mental Agility; demonstrates exceptional Inquisitiveness - asks penetrating 'why' and 'what if' questions that reframe problems; functions as a true Broad Scanner with interests spanning multiple unrelated disciplines; masterful Complexity handling; acts as a Connector drawing powerful analogies across domains; effective Improver/Critic who challenges assumptions constructively.
LTM641165,Brinda Mangal,Senior Executive - Corporate Strategy,People Agility,4.79,5,Expert,4.71,93.0,>= 90th Percentile,Expert People Agility; genuinely Open-Minded - actively seeks perspectives radically unlike their own; exceptional People Smart capability - reads unspoken group dynamics with accuracy; masterful Politically Savvy navigation of complex organisational dynamics; outstanding Communicator who tailors message and medium to every audience; demonstrates exceptional Role Flexibility.
LTM641165,Brinda Mangal,Senior Executive - Corporate Strategy,Change Agility,5.0,5,Expert,4.71,93.0,>= 90th Percentile,Expert Change Agility; prototype Experimenter mindset - proactively tests new approaches and learns rapidly from pilots; highly Comfortable with Ambiguity; compelling Visionary who articulates and energises others around a future state; exceptional Stalwart - sustains effectiveness through prolonged transformation; skilled Innovation Manager who helps others navigate change.
LTM641165,Brinda Mangal,Senior Executive - Corporate Strategy,Results Agility,5.0,5,Expert,4.71,93.0,>= 90th Percentile,Expert Results Agility; demonstrates exceptional Drive - sets highest standards and holds self and others rigorously accountable; commands immediate respect - strong executive Presence; outstanding Resourcefulness in finding paths forward with limited resources; consistently Inspires Others to exceed expectations in first-time situations; maintains exceptional Composure under the most intense pressure.
LTM641165,Brinda Mangal,Senior Executive - Corporate Strategy,Self-Awareness,3.78,4,Advanced,4.71,93.0,>= 90th Percentile,Advanced Self-Awareness; actively seeks and acts on feedback; demonstrates strong Reflective behaviour; generally accurate Self-Knowledge with minor blind spots; follows a consistent Personal Development plan; manages emotional responses well in most high-pressure situations.
LTM930427,Laban Nayak,Specialist - Corporate Strategy,Mental Agility,5.0,5,Expert,4.77,94.0,>= 90th Percentile,Expert-level Mental Agility; demonstrates exceptional Inquisitiveness - asks penetrating 'why' and 'what if' questions that reframe problems; functions as a true Broad Scanner with interests spanning multiple unrelated disciplines; masterful Complexity handling; acts as a Connector drawing powerful analogies across domains; effective Improver/Critic who challenges assumptions constructively.
LTM930427,Laban Nayak,Specialist - Corporate Strategy,People Agility,4.43,4,Advanced,4.77,94.0,>= 90th Percentile,Advanced People Agility; strong Open-Minded orientation; good People Smart - accurately reads most interpersonal dynamics; navigates organisational politics ethically and effectively; tailors communication well; shows good Role Flexibility across different team contexts.
LTM930427,Laban Nayak,Specialist - Corporate Strategy,Change Agility,5.0,5,Expert,4.77,94.0,>= 90th Percentile,Expert Change Agility; prototype Experimenter mindset - proactively tests new approaches and learns rapidly from pilots; highly Comfortable with Ambiguity; compelling Visionary who articulates and energises others around a future state; exceptional Stalwart - sustains effectiveness through prolonged transformation; skilled Innovation Manager who helps others navigate change.
LTM930427,Laban Nayak,Specialist - Corporate Strategy,Results Agility,4.41,4,Advanced,4.77,94.0,>= 90th Percentile,Advanced Results Agility; strong Drive with high self-accountability; solid executive Presence that builds confidence; demonstrates good Resourcefulness; effectively Inspires Others to high performance; maintains Composure well in most high-pressure situations.
LTM930427,Laban Nayak,Specialist - Corporate Strategy,Self-Awareness,5.0,5,Expert,4.77,94.0,>= 90th Percentile,"Expert Self-Awareness; exceptionally Feedback-Oriented - proactively solicits critical feedback from all levels and acts on it rapidly; deep Reflective practice - consistently pauses to extract lessons before reacting; precise Self-Knowledge - highly accurate understanding of own strengths, derailers, and impact; maintains a disciplined Personal Development plan; outstanding Emotional Regulation in high-stakes moments."
LTM500728,Chaitaly Devi,CBO-AI Solutions and Services,Mental Agility,5.0,5,Expert,4.84,96.0,>= 90th Percentile,Expert-level Mental Agility; demonstrates exceptional Inquisitiveness - asks penetrating 'why' and 'what if' questions that reframe problems; functions as a true Broad Scanner with interests spanning multiple unrelated disciplines; masterful Complexity handling; acts as a Connector drawing powerful analogies across domains; effective Improver/Critic who challenges assumptions constructively.
LTM500728,Chaitaly Devi,CBO-AI Solutions and Services,People Agility,5.0,5,Expert,4.84,96.0,>= 90th Percentile,Expert People Agility; genuinely Open-Minded - actively seeks perspectives radically unlike their own; exceptional People Smart capability - reads unspoken group dynamics with accuracy; masterful Politically Savvy navigation of complex organisational dynamics; outstanding Communicator who tailors message and medium to every audience; demonstrates exceptional Role Flexibility.
LTM500728,Chaitaly Devi,CBO-AI Solutions and Services,Change Agility,5.0,5,Expert,4.84,96.0,>= 90th Percentile,Expert Change Agility; prototype Experimenter mindset - proactively tests new approaches and learns rapidly from pilots; highly Comfortable with Ambiguity; compelling Visionary who articulates and energises others around a future state; exceptional Stalwart - sustains effectiveness through prolonged transformation; skilled Innovation Manager who helps others navigate change.
LTM500728,Chaitaly Devi,CBO-AI Solutions and Services,Results Agility,5.0,5,Expert,4.84,96.0,>= 90th Percentile,Expert Results Agility; demonstrates exceptional Drive - sets highest standards and holds self and others rigorously accountable; commands immediate respect - strong executive Presence; outstanding Resourcefulness in finding paths forward with limited resources; consistently Inspires Others to exceed expectations in first-time situations; maintains exceptional Composure under the most intense pressure.
LTM500728,Chaitaly Devi,CBO-AI Solutions and Services,Self-Awareness,4.22,4,Advanced,4.84,96.0,>= 90th Percentile,Advanced Self-Awareness; actively seeks and acts on feedback; demonstrates strong Reflective behaviour; generally accurate Self-Knowledge with minor blind spots; follows a consistent Personal Development plan; manages emotional responses well in most high-pressure situations.
LTM994271,Jack Rajagopal,Senior Vice President,Mental Agility,5.0,5,Expert,4.86,97.0,>= 90th Percentile,Expert-level Mental Agility; demonstrates exceptional Inquisitiveness - asks penetrating 'why' and 'what if' questions that reframe problems; functions as a true Broad Scanner with interests spanning multiple unrelated disciplines; masterful Complexity handling; acts as a Connector drawing powerful analogies across domains; effective Improver/Critic who challenges assumptions constructively.
LTM994271,Jack Rajagopal,Senior Vice President,People Agility,5.0,5,Expert,4.86,97.0,>= 90th Percentile,Expert People Agility; genuinely Open-Minded - actively seeks perspectives radically unlike their own; exceptional People Smart capability - reads unspoken group dynamics with accuracy; masterful Politically Savvy navigation of complex organisational dynamics; outstanding Communicator who tailors message and medium to every audience; demonstrates exceptional Role Flexibility.
LTM994271,Jack Rajagopal,Senior Vice President,Change Agility,5.0,5,Expert,4.86,97.0,>= 90th Percentile,Expert Change Agility; prototype Experimenter mindset - proactively tests new approaches and learns rapidly from pilots; highly Comfortable with Ambiguity; compelling Visionary who articulates and energises others around a future state; exceptional Stalwart - sustains effectiveness through prolonged transformation; skilled Innovation Manager who helps others navigate change.
LTM994271,Jack Rajagopal,Senior Vice President,Results Agility,5.0,5,Expert,4.86,97.0,>= 90th Percentile,Expert Results Agility; demonstrates exceptional Drive - sets highest standards and holds self and others rigorously accountable; commands immediate respect - strong executive Presence; outstanding Resourcefulness in finding paths forward with limited resources; consistently Inspires Others to exceed expectations in first-time situations; maintains exceptional Composure under the most intense pressure.
LTM994271,Jack Rajagopal,Senior Vice President,Self-Awareness,4.29,4,Advanced,4.86,97.0,>= 90th Percentile,Advanced Self-Awareness; actively seeks and acts on feedback; demonstrates strong Reflective behaviour; generally accurate Self-Knowledge with minor blind spots; follows a consistent Personal Development plan; manages emotional responses well in most high-pressure situations.
LTM127260,Jalsa Bhatt,CFO,Mental Agility,4.97,5,Expert,4.91,98.0,>= 90th Percentile,Expert-level Mental Agility; demonstrates exceptional Inquisitiveness - asks penetrating 'why' and 'what if' questions that reframe problems; functions as a true Broad Scanner with interests spanning multiple unrelated disciplines; masterful Complexity handling; acts as a Connector drawing powerful analogies across domains; effective Improver/Critic who challenges assumptions constructively.
LTM127260,Jalsa Bhatt,CFO,People Agility,4.77,5,Expert,4.91,98.0,>= 90th Percentile,Expert People Agility; genuinely Open-Minded - actively seeks perspectives radically unlike their own; exceptional People Smart capability - reads unspoken group dynamics with accuracy; masterful Politically Savvy navigation of complex organisational dynamics; outstanding Communicator who tailors message and medium to every audience; demonstrates exceptional Role Flexibility.
LTM127260,Jalsa Bhatt,CFO,Change Agility,4.79,5,Expert,4.91,98.0,>= 90th Percentile,Expert Change Agility; prototype Experimenter mindset - proactively tests new approaches and learns rapidly from pilots; highly Comfortable with Ambiguity; compelling Visionary who articulates and energises others around a future state; exceptional Stalwart - sustains effectiveness through prolonged transformation; skilled Innovation Manager who helps others navigate change.
LTM127260,Jalsa Bhatt,CFO,Results Agility,5.0,5,Expert,4.91,98.0,>= 90th Percentile,Expert Results Agility; demonstrates exceptional Drive - sets highest standards and holds self and others rigorously accountable; commands immediate respect - strong executive Presence; outstanding Resourcefulness in finding paths forward with limited resources; consistently Inspires Others to exceed expectations in first-time situations; maintains exceptional Composure under the most intense pressure.
LTM127260,Jalsa Bhatt,CFO,Self-Awareness,5.0,5,Expert,4.91,98.0,>= 90th Percentile,"Expert Self-Awareness; exceptionally Feedback-Oriented - proactively solicits critical feedback from all levels and acts on it rapidly; deep Reflective practice - consistently pauses to extract lessons before reacting; precise Self-Knowledge - highly accurate understanding of own strengths, derailers, and impact; maintains a disciplined Personal Development plan; outstanding Emotional Regulation in high-stakes moments."
LTM527204,Tanvi Narayanan,Senior Executive - Secretarial,Mental Agility,5.0,5,Expert,4.92,98.0,>= 90th Percentile,Expert-level Mental Agility; demonstrates exceptional Inquisitiveness - asks penetrating 'why' and 'what if' questions that reframe problems; functions as a true Broad Scanner with interests spanning multiple unrelated disciplines; masterful Complexity handling; acts as a Connector drawing powerful analogies across domains; effective Improver/Critic who challenges assumptions constructively.
LTM527204,Tanvi Narayanan,Senior Executive - Secretarial,People Agility,5.0,5,Expert,4.92,98.0,>= 90th Percentile,Expert People Agility; genuinely Open-Minded - actively seeks perspectives radically unlike their own; exceptional People Smart capability - reads unspoken group dynamics with accuracy; masterful Politically Savvy navigation of complex organisational dynamics; outstanding Communicator who tailors message and medium to every audience; demonstrates exceptional Role Flexibility.
LTM527204,Tanvi Narayanan,Senior Executive - Secretarial,Change Agility,4.96,5,Expert,4.92,98.0,>= 90th Percentile,Expert Change Agility; prototype Experimenter mindset - proactively tests new approaches and learns rapidly from pilots; highly Comfortable with Ambiguity; compelling Visionary who articulates and energises others around a future state; exceptional Stalwart - sustains effectiveness through prolonged transformation; skilled Innovation Manager who helps others navigate change.
LTM527204,Tanvi Narayanan,Senior Executive - Secretarial,Results Agility,4.63,5,Expert,4.92,98.0,>= 90th Percentile,Expert Results Agility; demonstrates exceptional Drive - sets highest standards and holds self and others rigorously accountable; commands immediate respect - strong executive Presence; outstanding Resourcefulness in finding paths forward with limited resources; consistently Inspires Others to exceed expectations in first-time situations; maintains exceptional Composure under the most intense pressure.
LTM527204,Tanvi Narayanan,Senior Executive - Secretarial,Self-Awareness,5.0,5,Expert,4.92,98.0,>= 90th Percentile,"Expert Self-Awareness; exceptionally Feedback-Oriented - proactively solicits critical feedback from all levels and acts on it rapidly; deep Reflective practice - consistently pauses to extract lessons before reacting; precise Self-Knowledge - highly accurate understanding of own strengths, derailers, and impact; maintains a disciplined Personal Development plan; outstanding Emotional Regulation in high-stakes moments."
LTM331448,Ucchal Ramachandran,Associate Vice President - AI,Mental Agility,5.0,5,Expert,4.91,98.0,>= 90th Percentile,Expert-level Mental Agility; demonstrates exceptional Inquisitiveness - asks penetrating 'why' and 'what if' questions that reframe problems; functions as a true Broad Scanner with interests spanning multiple unrelated disciplines; masterful Complexity handling; acts as a Connector drawing powerful analogies across domains; effective Improver/Critic who challenges assumptions constructively.
LTM331448,Ucchal Ramachandran,Associate Vice President - AI,People Agility,5.0,5,Expert,4.91,98.0,>= 90th Percentile,Expert People Agility; genuinely Open-Minded - actively seeks perspectives radically unlike their own; exceptional People Smart capability - reads unspoken group dynamics with accuracy; masterful Politically Savvy navigation of complex organisational dynamics; outstanding Communicator who tailors message and medium to every audience; demonstrates exceptional Role Flexibility.
LTM331448,Ucchal Ramachandran,Associate Vice President - AI,Change Agility,5.0,5,Expert,4.91,98.0,>= 90th Percentile,Expert Change Agility; prototype Experimenter mindset - proactively tests new approaches and learns rapidly from pilots; highly Comfortable with Ambiguity; compelling Visionary who articulates and energises others around a future state; exceptional Stalwart - sustains effectiveness through prolonged transformation; skilled Innovation Manager who helps others navigate change.
LTM331448,Ucchal Ramachandran,Associate Vice President - AI,Results Agility,5.0,5,Expert,4.91,98.0,>= 90th Percentile,Expert Results Agility; demonstrates exceptional Drive - sets highest standards and holds self and others rigorously accountable; commands immediate respect - strong executive Presence; outstanding Resourcefulness in finding paths forward with limited resources; consistently Inspires Others to exceed expectations in first-time situations; maintains exceptional Composure under the most intense pressure.
LTM331448,Ucchal Ramachandran,Associate Vice President - AI,Self-Awareness,4.54,5,Expert,4.91,98.0,>= 90th Percentile,"Expert Self-Awareness; exceptionally Feedback-Oriented - proactively solicits critical feedback from all levels and acts on it rapidly; deep Reflective practice - consistently pauses to extract lessons before reacting; precise Self-Knowledge - highly accurate understanding of own strengths, derailers, and impact; maintains a disciplined Personal Development plan; outstanding Emotional Regulation in high-stakes moments."
LTM706236,Patrick Misra,Senior Specialist - Cybersecurity,Mental Agility,5.0,5,Expert,4.88,97.0,>= 90th Percentile,Expert-level Mental Agility; demonstrates exceptional Inquisitiveness - asks penetrating 'why' and 'what if' questions that reframe problems; functions as a true Broad Scanner with interests spanning multiple unrelated disciplines; masterful Complexity handling; acts as a Connector drawing powerful analogies across domains; effective Improver/Critic who challenges assumptions constructively.
LTM706236,Patrick Misra,Senior Specialist - Cybersecurity,People Agility,4.75,5,Expert,4.88,97.0,>= 90th Percentile,Expert People Agility; genuinely Open-Minded - actively seeks perspectives radically unlike their own; exceptional People Smart capability - reads unspoken group dynamics with accuracy; masterful Politically Savvy navigation of complex organisational dynamics; outstanding Communicator who tailors message and medium to every audience; demonstrates exceptional Role Flexibility.
LTM706236,Patrick Misra,Senior Specialist - Cybersecurity,Change Agility,5.0,5,Expert,4.88,97.0,>= 90th Percentile,Expert Change Agility; prototype Experimenter mindset - proactively tests new approaches and learns rapidly from pilots; highly Comfortable with Ambiguity; compelling Visionary who articulates and energises others around a future state; exceptional Stalwart - sustains effectiveness through prolonged transformation; skilled Innovation Manager who helps others navigate change.
LTM706236,Patrick Misra,Senior Specialist - Cybersecurity,Results Agility,4.67,5,Expert,4.88,97.0,>= 90th Percentile,Expert Results Agility; demonstrates exceptional Drive - sets highest standards and holds self and others rigorously accountable; commands immediate respect - strong executive Presence; outstanding Resourcefulness in finding paths forward with limited resources; consistently Inspires Others to exceed expectations in first-time situations; maintains exceptional Composure under the most intense pressure.
LTM706236,Patrick Misra,Senior Specialist - Cybersecurity,Self-Awareness,5.0,5,Expert,4.88,97.0,>= 90th Percentile,"Expert Self-Awareness; exceptionally Feedback-Oriented - proactively solicits critical feedback from all levels and acts on it rapidly; deep Reflective practice - consistently pauses to extract lessons before reacting; precise Self-Knowledge - highly accurate understanding of own strengths, derailers, and impact; maintains a disciplined Personal Development plan; outstanding Emotional Regulation in high-stakes moments."
LTM553804,Shaurya Yohannan,Senior Executive - Secretarial,Mental Agility,5.0,5,Expert,4.86,97.0,>= 90th Percentile,Expert-level Mental Agility; demonstrates exceptional Inquisitiveness - asks penetrating 'why' and 'what if' questions that reframe problems; functions as a true Broad Scanner with interests spanning multiple unrelated disciplines; masterful Complexity handling; acts as a Connector drawing powerful analogies across domains; effective Improver/Critic who challenges assumptions constructively.
LTM553804,Shaurya Yohannan,Senior Executive - Secretarial,People Agility,5.0,5,Expert,4.86,97.0,>= 90th Percentile,Expert People Agility; genuinely Open-Minded - actively seeks perspectives radically unlike their own; exceptional People Smart capability - reads unspoken group dynamics with accuracy; masterful Politically Savvy navigation of complex organisational dynamics; outstanding Communicator who tailors message and medium to every audience; demonstrates exceptional Role Flexibility.
LTM553804,Shaurya Yohannan,Senior Executive - Secretarial,Change Agility,4.76,5,Expert,4.86,97.0,>= 90th Percentile,Expert Change Agility; prototype Experimenter mindset - proactively tests new approaches and learns rapidly from pilots; highly Comfortable with Ambiguity; compelling Visionary who articulates and energises others around a future state; exceptional Stalwart - sustains effectiveness through prolonged transformation; skilled Innovation Manager who helps others navigate change.
LTM553804,Shaurya Yohannan,Senior Executive - Secretarial,Results Agility,5.0,5,Expert,4.86,97.0,>= 90th Percentile,Expert Results Agility; demonstrates exceptional Drive - sets highest standards and holds self and others rigorously accountable; commands immediate respect - strong executive Presence; outstanding Resourcefulness in finding paths forward with limited resources; consistently Inspires Others to exceed expectations in first-time situations; maintains exceptional Composure under the most intense pressure.
LTM553804,Shaurya Yohannan,Senior Executive - Secretarial,Self-Awareness,4.52,5,Expert,4.86,97.0,>= 90th Percentile,"Expert Self-Awareness; exceptionally Feedback-Oriented - proactively solicits critical feedback from all levels and acts on it rapidly; deep Reflective practice - consistently pauses to extract lessons before reacting; precise Self-Knowledge - highly accurate understanding of own strengths, derailers, and impact; maintains a disciplined Personal Development plan; outstanding Emotional Regulation in high-stakes moments."
LTM853997,Fitan Sibal,Senior Director - Treasury,Mental Agility,5.0,5,Expert,4.89,97.0,>= 90th Percentile,Expert-level Mental Agility; demonstrates exceptional Inquisitiveness - asks penetrating 'why' and 'what if' questions that reframe problems; functions as a true Broad Scanner with interests spanning multiple unrelated disciplines; masterful Complexity handling; acts as a Connector drawing powerful analogies across domains; effective Improver/Critic who challenges assumptions constructively.
LTM853997,Fitan Sibal,Senior Director - Treasury,People Agility,4.45,4,Advanced,4.89,97.0,>= 90th Percentile,Advanced People Agility; strong Open-Minded orientation; good People Smart - accurately reads most interpersonal dynamics; navigates organisational politics ethically and effectively; tailors communication well; shows good Role Flexibility across different team contexts.
LTM853997,Fitan Sibal,Senior Director - Treasury,Change Agility,5.0,5,Expert,4.89,97.0,>= 90th Percentile,Expert Change Agility; prototype Experimenter mindset - proactively tests new approaches and learns rapidly from pilots; highly Comfortable with Ambiguity; compelling Visionary who articulates and energises others around a future state; exceptional Stalwart - sustains effectiveness through prolonged transformation; skilled Innovation Manager who helps others navigate change.
LTM853997,Fitan Sibal,Senior Director - Treasury,Results Agility,5.0,5,Expert,4.89,97.0,>= 90th Percentile,Expert Results Agility; demonstrates exceptional Drive - sets highest standards and holds self and others rigorously accountable; commands immediate respect - strong executive Presence; outstanding Resourcefulness in finding paths forward with limited resources; consistently Inspires Others to exceed expectations in first-time situations; maintains exceptional Composure under the most intense pressure.
LTM853997,Fitan Sibal,Senior Director - Treasury,Self-Awareness,4.99,5,Expert,4.89,97.0,>= 90th Percentile,"Expert Self-Awareness; exceptionally Feedback-Oriented - proactively solicits critical feedback from all levels and acts on it rapidly; deep Reflective practice - consistently pauses to extract lessons before reacting; precise Self-Knowledge - highly accurate understanding of own strengths, derailers, and impact; maintains a disciplined Personal Development plan; outstanding Emotional Regulation in high-stakes moments."
LTM623696,Agastya Ramesh,Senior Vice President,Mental Agility,5.0,5,Expert,4.77,94.0,>= 90th Percentile,Expert-level Mental Agility; demonstrates exceptional Inquisitiveness - asks penetrating 'why' and 'what if' questions that reframe problems; functions as a true Broad Scanner with interests spanning multiple unrelated disciplines; masterful Complexity handling; acts as a Connector drawing powerful analogies across domains; effective Improver/Critic who challenges assumptions constructively.
LTM623696,Agastya Ramesh,Senior Vice President,People Agility,4.69,5,Expert,4.77,94.0,>= 90th Percentile,Expert People Agility; genuinely Open-Minded - actively seeks perspectives radically unlike their own; exceptional People Smart capability - reads unspoken group dynamics with accuracy; masterful Politically Savvy navigation of complex organisational dynamics; outstanding Communicator who tailors message and medium to every audience; demonstrates exceptional Role Flexibility.
LTM623696,Agastya Ramesh,Senior Vice President,Change Agility,5.0,5,Expert,4.77,94.0,>= 90th Percentile,Expert Change Agility; prototype Experimenter mindset - proactively tests new approaches and learns rapidly from pilots; highly Comfortable with Ambiguity; compelling Visionary who articulates and energises others around a future state; exceptional Stalwart - sustains effectiveness through prolonged transformation; skilled Innovation Manager who helps others navigate change.
LTM623696,Agastya Ramesh,Senior Vice President,Results Agility,5.0,5,Expert,4.77,94.0,>= 90th Percentile,Expert Results Agility; demonstrates exceptional Drive - sets highest standards and holds self and others rigorously accountable; commands immediate respect - strong executive Presence; outstanding Resourcefulness in finding paths forward with limited resources; consistently Inspires Others to exceed expectations in first-time situations; maintains exceptional Composure under the most intense pressure.
LTM623696,Agastya Ramesh,Senior Vice President,Self-Awareness,4.14,4,Advanced,4.77,94.0,>= 90th Percentile,Advanced Self-Awareness; actively seeks and acts on feedback; demonstrates strong Reflective behaviour; generally accurate Self-Knowledge with minor blind spots; follows a consistent Personal Development plan; manages emotional responses well in most high-pressure situations.
LTM617122,Benjamin Sangha,Senior Specialist - Cybersecurity,Mental Agility,4.5,4,Advanced,4.57,89.0,>= 90th Percentile,Advanced Mental Agility; strong Inquisitiveness and Broad Scanning behaviour; handles complexity well; makes useful connections across disciplines; challenges existing approaches constructively; solid critical and creative problem-solving capability.
LTM617122,Benjamin Sangha,Senior Specialist - Cybersecurity,People Agility,5.0,5,Expert,4.57,89.0,>= 90th Percentile,Expert People Agility; genuinely Open-Minded - actively seeks perspectives radically unlike their own; exceptional People Smart capability - reads unspoken group dynamics with accuracy; masterful Politically Savvy navigation of complex organisational dynamics; outstanding Communicator who tailors message and medium to every audience; demonstrates exceptional Role Flexibility.
LTM617122,Benjamin Sangha,Senior Specialist - Cybersecurity,Change Agility,4.65,5,Expert,4.57,89.0,>= 90th Percentile,Expert Change Agility; prototype Experimenter mindset - proactively tests new approaches and learns rapidly from pilots; highly Comfortable with Ambiguity; compelling Visionary who articulates and energises others around a future state; exceptional Stalwart - sustains effectiveness through prolonged transformation; skilled Innovation Manager who helps others navigate change.
LTM617122,Benjamin Sangha,Senior Specialist - Cybersecurity,Results Agility,4.98,5,Expert,4.57,89.0,>= 90th Percentile,Expert Results Agility; demonstrates exceptional Drive - sets highest standards and holds self and others rigorously accountable; commands immediate respect - strong executive Presence; outstanding Resourcefulness in finding paths forward with limited resources; consistently Inspires Others to exceed expectations in first-time situations; maintains exceptional Composure under the most intense pressure.
LTM617122,Benjamin Sangha,Senior Specialist - Cybersecurity,Self-Awareness,3.74,4,Advanced,4.57,89.0,>= 90th Percentile,Advanced Self-Awareness; actively seeks and acts on feedback; demonstrates strong Reflective behaviour; generally accurate Self-Knowledge with minor blind spots; follows a consistent Personal Development plan; manages emotional responses well in most high-pressure situations.
LTM611534,Kalpit Raghavan,Advisor,Mental Agility,5.0,5,Expert,4.96,99.0,>= 90th Percentile,Expert-level Mental Agility; demonstrates exceptional Inquisitiveness - asks penetrating 'why' and 'what if' questions that reframe problems; functions as a true Broad Scanner with interests spanning multiple unrelated disciplines; masterful Complexity handling; acts as a Connector drawing powerful analogies across domains; effective Improver/Critic who challenges assumptions constructively.
LTM611534,Kalpit Raghavan,Advisor,People Agility,5.0,5,Expert,4.96,99.0,>= 90th Percentile,Expert People Agility; genuinely Open-Minded - actively seeks perspectives radically unlike their own; exceptional People Smart capability - reads unspoken group dynamics with accuracy; masterful Politically Savvy navigation of complex organisational dynamics; outstanding Communicator who tailors message and medium to every audience; demonstrates exceptional Role Flexibility.
LTM611534,Kalpit Raghavan,Advisor,Change Agility,5.0,5,Expert,4.96,99.0,>= 90th Percentile,Expert Change Agility; prototype Experimenter mindset - proactively tests new approaches and learns rapidly from pilots; highly Comfortable with Ambiguity; compelling Visionary who articulates and energises others around a future state; exceptional Stalwart - sustains effectiveness through prolonged transformation; skilled Innovation Manager who helps others navigate change.
LTM611534,Kalpit Raghavan,Advisor,Results Agility,4.8,5,Expert,4.96,99.0,>= 90th Percentile,Expert Results Agility; demonstrates exceptional Drive - sets highest standards and holds self and others rigorously accountable; commands immediate respect - strong executive Presence; outstanding Resourcefulness in finding paths forward with limited resources; consistently Inspires Others to exceed expectations in first-time situations; maintains exceptional Composure under the most intense pressure.
LTM611534,Kalpit Raghavan,Advisor,Self-Awareness,5.0,5,Expert,4.96,99.0,>= 90th Percentile,"Expert Self-Awareness; exceptionally Feedback-Oriented - proactively solicits critical feedback from all levels and acts on it rapidly; deep Reflective practice - consistently pauses to extract lessons before reacting; precise Self-Knowledge - highly accurate understanding of own strengths, derailers, and impact; maintains a disciplined Personal Development plan; outstanding Emotional Regulation in high-stakes moments."
LTM208371,Om Raghavan,Associate Principal - Programme and Project Management,Mental Agility,5.0,5,Expert,4.74,94.0,>= 90th Percentile,Expert-level Mental Agility; demonstrates exceptional Inquisitiveness - asks penetrating 'why' and 'what if' questions that reframe problems; functions as a true Broad Scanner with interests spanning multiple unrelated disciplines; masterful Complexity handling; acts as a Connector drawing powerful analogies across domains; effective Improver/Critic who challenges assumptions constructively.
LTM208371,Om Raghavan,Associate Principal - Programme and Project Management,People Agility,4.04,4,Advanced,4.74,94.0,>= 90th Percentile,Advanced People Agility; strong Open-Minded orientation; good People Smart - accurately reads most interpersonal dynamics; navigates organisational politics ethically and effectively; tailors communication well; shows good Role Flexibility across different team contexts.
LTM208371,Om Raghavan,Associate Principal - Programme and Project Management,Change Agility,5.0,5,Expert,4.74,94.0,>= 90th Percentile,Expert Change Agility; prototype Experimenter mindset - proactively tests new approaches and learns rapidly from pilots; highly Comfortable with Ambiguity; compelling Visionary who articulates and energises others around a future state; exceptional Stalwart - sustains effectiveness through prolonged transformation; skilled Innovation Manager who helps others navigate change.
LTM208371,Om Raghavan,Associate Principal - Programme and Project Management,Results Agility,5.0,5,Expert,4.74,94.0,>= 90th Percentile,Expert Results Agility; demonstrates exceptional Drive - sets highest standards and holds self and others rigorously accountable; commands immediate respect - strong executive Presence; outstanding Resourcefulness in finding paths forward with limited resources; consistently Inspires Others to exceed expectations in first-time situations; maintains exceptional Composure under the most intense pressure.
LTM208371,Om Raghavan,Associate Principal - Programme and Project Management,Self-Awareness,4.67,5,Expert,4.74,94.0,>= 90th Percentile,"Expert Self-Awareness; exceptionally Feedback-Oriented - proactively solicits critical feedback from all levels and acts on it rapidly; deep Reflective practice - consistently pauses to extract lessons before reacting; precise Self-Knowledge - highly accurate understanding of own strengths, derailers, and impact; maintains a disciplined Personal Development plan; outstanding Emotional Regulation in high-stakes moments."
LTM089444,Vrinda Bahl,Senior Director - HRBP,Mental Agility,5.0,5,Expert,4.99,100.0,>= 90th Percentile,Expert-level Mental Agility; demonstrates exceptional Inquisitiveness - asks penetrating 'why' and 'what if' questions that reframe problems; functions as a true Broad Scanner with interests spanning multiple unrelated disciplines; masterful Complexity handling; acts as a Connector drawing powerful analogies across domains; effective Improver/Critic who challenges assumptions constructively.
LTM089444,Vrinda Bahl,Senior Director - HRBP,People Agility,5.0,5,Expert,4.99,100.0,>= 90th Percentile,Expert People Agility; genuinely Open-Minded - actively seeks perspectives radically unlike their own; exceptional People Smart capability - reads unspoken group dynamics with accuracy; masterful Politically Savvy navigation of complex organisational dynamics; outstanding Communicator who tailors message and medium to every audience; demonstrates exceptional Role Flexibility.
LTM089444,Vrinda Bahl,Senior Director - HRBP,Change Agility,5.0,5,Expert,4.99,100.0,>= 90th Percentile,Expert Change Agility; prototype Experimenter mindset - proactively tests new approaches and learns rapidly from pilots; highly Comfortable with Ambiguity; compelling Visionary who articulates and energises others around a future state; exceptional Stalwart - sustains effectiveness through prolonged transformation; skilled Innovation Manager who helps others navigate change.
LTM089444,Vrinda Bahl,Senior Director - HRBP,Results Agility,5.0,5,Expert,4.99,100.0,>= 90th Percentile,Expert Results Agility; demonstrates exceptional Drive - sets highest standards and holds self and others rigorously accountable; commands immediate respect - strong executive Presence; outstanding Resourcefulness in finding paths forward with limited resources; consistently Inspires Others to exceed expectations in first-time situations; maintains exceptional Composure under the most intense pressure.
LTM089444,Vrinda Bahl,Senior Director - HRBP,Self-Awareness,4.97,5,Expert,4.99,100.0,>= 90th Percentile,"Expert Self-Awareness; exceptionally Feedback-Oriented - proactively solicits critical feedback from all levels and acts on it rapidly; deep Reflective practice - consistently pauses to extract lessons before reacting; precise Self-Knowledge - highly accurate understanding of own strengths, derailers, and impact; maintains a disciplined Personal Development plan; outstanding Emotional Regulation in high-stakes moments."
LTM380127,Parth Kapur,Senior Executive - Corporate Strategy,Mental Agility,4.1,4,Advanced,4.32,83.0,75th-89th Percentile,Advanced Mental Agility; strong Inquisitiveness and Broad Scanning behaviour; handles complexity well; makes useful connections across disciplines; challenges existing approaches constructively; solid critical and creative problem-solving capability.
LTM380127,Parth Kapur,Senior Executive - Corporate Strategy,People Agility,4.86,5,Expert,4.32,83.0,75th-89th Percentile,Expert People Agility; genuinely Open-Minded - actively seeks perspectives radically unlike their own; exceptional People Smart capability - reads unspoken group dynamics with accuracy; masterful Politically Savvy navigation of complex organisational dynamics; outstanding Communicator who tailors message and medium to every audience; demonstrates exceptional Role Flexibility.
LTM380127,Parth Kapur,Senior Executive - Corporate Strategy,Change Agility,3.19,3,Developing,4.32,83.0,75th-89th Percentile,Developing-to-Effective Change Agility; engages with experimentation when structured; manages ambiguity adequately in familiar contexts; communicates change clearly though vision articulation is developing; maintains performance during moderate change.
LTM380127,Parth Kapur,Senior Executive - Corporate Strategy,Results Agility,4.45,4,Advanced,4.32,83.0,75th-89th Percentile,Advanced Results Agility; strong Drive with high self-accountability; solid executive Presence that builds confidence; demonstrates good Resourcefulness; effectively Inspires Others to high performance; maintains Composure well in most high-pressure situations.
LTM380127,Parth Kapur,Senior Executive - Corporate Strategy,Self-Awareness,5.0,5,Expert,4.32,83.0,75th-89th Percentile,"Expert Self-Awareness; exceptionally Feedback-Oriented - proactively solicits critical feedback from all levels and acts on it rapidly; deep Reflective practice - consistently pauses to extract lessons before reacting; precise Self-Knowledge - highly accurate understanding of own strengths, derailers, and impact; maintains a disciplined Personal Development plan; outstanding Emotional Regulation in high-stakes moments."
LTM772981,Banjeet Balasubramanian,Senior Executive - Corporate Strategy,Mental Agility,5.0,5,Expert,4.8,95.0,>= 90th Percentile,Expert-level Mental Agility; demonstrates exceptional Inquisitiveness - asks penetrating 'why' and 'what if' questions that reframe problems; functions as a true Broad Scanner with interests spanning multiple unrelated disciplines; masterful Complexity handling; acts as a Connector drawing powerful analogies across domains; effective Improver/Critic who challenges assumptions constructively.
LTM772981,Banjeet Balasubramanian,Senior Executive - Corporate Strategy,People Agility,4.48,4,Advanced,4.8,95.0,>= 90th Percentile,Advanced People Agility; strong Open-Minded orientation; good People Smart - accurately reads most interpersonal dynamics; navigates organisational politics ethically and effectively; tailors communication well; shows good Role Flexibility across different team contexts.
LTM772981,Banjeet Balasubramanian,Senior Executive - Corporate Strategy,Change Agility,5.0,5,Expert,4.8,95.0,>= 90th Percentile,Expert Change Agility; prototype Experimenter mindset - proactively tests new approaches and learns rapidly from pilots; highly Comfortable with Ambiguity; compelling Visionary who articulates and energises others around a future state; exceptional Stalwart - sustains effectiveness through prolonged transformation; skilled Innovation Manager who helps others navigate change.
LTM772981,Banjeet Balasubramanian,Senior Executive - Corporate Strategy,Results Agility,5.0,5,Expert,4.8,95.0,>= 90th Percentile,Expert Results Agility; demonstrates exceptional Drive - sets highest standards and holds self and others rigorously accountable; commands immediate respect - strong executive Presence; outstanding Resourcefulness in finding paths forward with limited resources; consistently Inspires Others to exceed expectations in first-time situations; maintains exceptional Composure under the most intense pressure.
LTM772981,Banjeet Balasubramanian,Senior Executive - Corporate Strategy,Self-Awareness,4.54,5,Expert,4.8,95.0,>= 90th Percentile,"Expert Self-Awareness; exceptionally Feedback-Oriented - proactively solicits critical feedback from all levels and acts on it rapidly; deep Reflective practice - consistently pauses to extract lessons before reacting; precise Self-Knowledge - highly accurate understanding of own strengths, derailers, and impact; maintains a disciplined Personal Development plan; outstanding Emotional Regulation in high-stakes moments."
LTM936220,Harish Bahri,Senior Account Director,Mental Agility,5.0,5,Expert,5.0,100.0,>= 90th Percentile,Expert-level Mental Agility; demonstrates exceptional Inquisitiveness - asks penetrating 'why' and 'what if' questions that reframe problems; functions as a true Broad Scanner with interests spanning multiple unrelated disciplines; masterful Complexity handling; acts as a Connector drawing powerful analogies across domains; effective Improver/Critic who challenges assumptions constructively.
LTM936220,Harish Bahri,Senior Account Director,People Agility,5.0,5,Expert,5.0,100.0,>= 90th Percentile,Expert People Agility; genuinely Open-Minded - actively seeks perspectives radically unlike their own; exceptional People Smart capability - reads unspoken group dynamics with accuracy; masterful Politically Savvy navigation of complex organisational dynamics; outstanding Communicator who tailors message and medium to every audience; demonstrates exceptional Role Flexibility.
LTM936220,Harish Bahri,Senior Account Director,Change Agility,5.0,5,Expert,5.0,100.0,>= 90th Percentile,Expert Change Agility; prototype Experimenter mindset - proactively tests new approaches and learns rapidly from pilots; highly Comfortable with Ambiguity; compelling Visionary who articulates and energises others around a future state; exceptional Stalwart - sustains effectiveness through prolonged transformation; skilled Innovation Manager who helps others navigate change.
LTM936220,Harish Bahri,Senior Account Director,Results Agility,5.0,5,Expert,5.0,100.0,>= 90th Percentile,Expert Results Agility; demonstrates exceptional Drive - sets highest standards and holds self and others rigorously accountable; commands immediate respect - strong executive Presence; outstanding Resourcefulness in finding paths forward with limited resources; consistently Inspires Others to exceed expectations in first-time situations; maintains exceptional Composure under the most intense pressure.
LTM936220,Harish Bahri,Senior Account Director,Self-Awareness,5.0,5,Expert,5.0,100.0,>= 90th Percentile,"Expert Self-Awareness; exceptionally Feedback-Oriented - proactively solicits critical feedback from all levels and acts on it rapidly; deep Reflective practice - consistently pauses to extract lessons before reacting; precise Self-Knowledge - highly accurate understanding of own strengths, derailers, and impact; maintains a disciplined Personal Development plan; outstanding Emotional Regulation in high-stakes moments."
LTM178433,Jagdish Date,Associate Vice President - AI,Mental Agility,5.0,5,Expert,4.86,97.0,>= 90th Percentile,Expert-level Mental Agility; demonstrates exceptional Inquisitiveness - asks penetrating 'why' and 'what if' questions that reframe problems; functions as a true Broad Scanner with interests spanning multiple unrelated disciplines; masterful Complexity handling; acts as a Connector drawing powerful analogies across domains; effective Improver/Critic who challenges assumptions constructively.
LTM178433,Jagdish Date,Associate Vice President - AI,People Agility,4.3,4,Advanced,4.86,97.0,>= 90th Percentile,Advanced People Agility; strong Open-Minded orientation; good People Smart - accurately reads most interpersonal dynamics; navigates organisational politics ethically and effectively; tailors communication well; shows good Role Flexibility across different team contexts.
LTM178433,Jagdish Date,Associate Vice President - AI,Change Agility,5.0,5,Expert,4.86,97.0,>= 90th Percentile,Expert Change Agility; prototype Experimenter mindset - proactively tests new approaches and learns rapidly from pilots; highly Comfortable with Ambiguity; compelling Visionary who articulates and energises others around a future state; exceptional Stalwart - sustains effectiveness through prolonged transformation; skilled Innovation Manager who helps others navigate change.
LTM178433,Jagdish Date,Associate Vice President - AI,Results Agility,5.0,5,Expert,4.86,97.0,>= 90th Percentile,Expert Results Agility; demonstrates exceptional Drive - sets highest standards and holds self and others rigorously accountable; commands immediate respect - strong executive Presence; outstanding Resourcefulness in finding paths forward with limited resources; consistently Inspires Others to exceed expectations in first-time situations; maintains exceptional Composure under the most intense pressure.
LTM178433,Jagdish Date,Associate Vice President - AI,Self-Awareness,5.0,5,Expert,4.86,97.0,>= 90th Percentile,"Expert Self-Awareness; exceptionally Feedback-Oriented - proactively solicits critical feedback from all levels and acts on it rapidly; deep Reflective practice - consistently pauses to extract lessons before reacting; precise Self-Knowledge - highly accurate understanding of own strengths, derailers, and impact; maintains a disciplined Personal Development plan; outstanding Emotional Regulation in high-stakes moments."
LTM857202,Dakshesh Kamdar,CBO-AI Solutions and Services,Mental Agility,5.0,5,Expert,4.97,99.0,>= 90th Percentile,Expert-level Mental Agility; demonstrates exceptional Inquisitiveness - asks penetrating 'why' and 'what if' questions that reframe problems; functions as a true Broad Scanner with interests spanning multiple unrelated disciplines; masterful Complexity handling; acts as a Connector drawing powerful analogies across domains; effective Improver/Critic who challenges assumptions constructively.
LTM857202,Dakshesh Kamdar,CBO-AI Solutions and Services,People Agility,4.94,5,Expert,4.97,99.0,>= 90th Percentile,Expert People Agility; genuinely Open-Minded - actively seeks perspectives radically unlike their own; exceptional People Smart capability - reads unspoken group dynamics with accuracy; masterful Politically Savvy navigation of complex organisational dynamics; outstanding Communicator who tailors message and medium to every audience; demonstrates exceptional Role Flexibility.
LTM857202,Dakshesh Kamdar,CBO-AI Solutions and Services,Change Agility,5.0,5,Expert,4.97,99.0,>= 90th Percentile,Expert Change Agility; prototype Experimenter mindset - proactively tests new approaches and learns rapidly from pilots; highly Comfortable with Ambiguity; compelling Visionary who articulates and energises others around a future state; exceptional Stalwart - sustains effectiveness through prolonged transformation; skilled Innovation Manager who helps others navigate change.
LTM857202,Dakshesh Kamdar,CBO-AI Solutions and Services,Results Agility,4.92,5,Expert,4.97,99.0,>= 90th Percentile,Expert Results Agility; demonstrates exceptional Drive - sets highest standards and holds self and others rigorously accountable; commands immediate respect - strong executive Presence; outstanding Resourcefulness in finding paths forward with limited resources; consistently Inspires Others to exceed expectations in first-time situations; maintains exceptional Composure under the most intense pressure.
LTM857202,Dakshesh Kamdar,CBO-AI Solutions and Services,Self-Awareness,5.0,5,Expert,4.97,99.0,>= 90th Percentile,"Expert Self-Awareness; exceptionally Feedback-Oriented - proactively solicits critical feedback from all levels and acts on it rapidly; deep Reflective practice - consistently pauses to extract lessons before reacting; precise Self-Knowledge - highly accurate understanding of own strengths, derailers, and impact; maintains a disciplined Personal Development plan; outstanding Emotional Regulation in high-stakes moments."
LTM581790,Lavanya Pillay,Senior Executive - Secretarial,Mental Agility,5.0,5,Expert,4.68,92.0,>= 90th Percentile,Expert-level Mental Agility; demonstrates exceptional Inquisitiveness - asks penetrating 'why' and 'what if' questions that reframe problems; functions as a true Broad Scanner with interests spanning multiple unrelated disciplines; masterful Complexity handling; acts as a Connector drawing powerful analogies across domains; effective Improver/Critic who challenges assumptions constructively.
LTM581790,Lavanya Pillay,Senior Executive - Secretarial,People Agility,5.0,5,Expert,4.68,92.0,>= 90th Percentile,Expert People Agility; genuinely Open-Minded - actively seeks perspectives radically unlike their own; exceptional People Smart capability - reads unspoken group dynamics with accuracy; masterful Politically Savvy navigation of complex organisational dynamics; outstanding Communicator who tailors message and medium to every audience; demonstrates exceptional Role Flexibility.
LTM581790,Lavanya Pillay,Senior Executive - Secretarial,Change Agility,4.49,4,Advanced,4.68,92.0,>= 90th Percentile,Advanced Change Agility; demonstrates strong Experimenter orientation; comfortable with ambiguity in most situations; articulates a clear and motivating vision of change; sustains performance during significant transitions; helps team members adapt to change effectively.
LTM581790,Lavanya Pillay,Senior Executive - Secretarial,Results Agility,5.0,5,Expert,4.68,92.0,>= 90th Percentile,Expert Results Agility; demonstrates exceptional Drive - sets highest standards and holds self and others rigorously accountable; commands immediate respect - strong executive Presence; outstanding Resourcefulness in finding paths forward with limited resources; consistently Inspires Others to exceed expectations in first-time situations; maintains exceptional Composure under the most intense pressure.
LTM581790,Lavanya Pillay,Senior Executive - Secretarial,Self-Awareness,3.91,4,Advanced,4.68,92.0,>= 90th Percentile,Advanced Self-Awareness; actively seeks and acts on feedback; demonstrates strong Reflective behaviour; generally accurate Self-Knowledge with minor blind spots; follows a consistent Personal Development plan; manages emotional responses well in most high-pressure situations.
LTM110621,Chatura Bal,Senior Director - HRBP,Mental Agility,5.0,5,Expert,4.68,92.0,>= 90th Percentile,Expert-level Mental Agility; demonstrates exceptional Inquisitiveness - asks penetrating 'why' and 'what if' questions that reframe problems; functions as a true Broad Scanner with interests spanning multiple unrelated disciplines; masterful Complexity handling; acts as a Connector drawing powerful analogies across domains; effective Improver/Critic who challenges assumptions constructively.
LTM110621,Chatura Bal,Senior Director - HRBP,People Agility,3.87,4,Advanced,4.68,92.0,>= 90th Percentile,Advanced People Agility; strong Open-Minded orientation; good People Smart - accurately reads most interpersonal dynamics; navigates organisational politics ethically and effectively; tailors communication well; shows good Role Flexibility across different team contexts.
LTM110621,Chatura Bal,Senior Director - HRBP,Change Agility,5.0,5,Expert,4.68,92.0,>= 90th Percentile,Expert Change Agility; prototype Experimenter mindset - proactively tests new approaches and learns rapidly from pilots; highly Comfortable with Ambiguity; compelling Visionary who articulates and energises others around a future state; exceptional Stalwart - sustains effectiveness through prolonged transformation; skilled Innovation Manager who helps others navigate change.
LTM110621,Chatura Bal,Senior Director - HRBP,Results Agility,5.0,5,Expert,4.68,92.0,>= 90th Percentile,Expert Results Agility; demonstrates exceptional Drive - sets highest standards and holds self and others rigorously accountable; commands immediate respect - strong executive Presence; outstanding Resourcefulness in finding paths forward with limited resources; consistently Inspires Others to exceed expectations in first-time situations; maintains exceptional Composure under the most intense pressure.
LTM110621,Chatura Bal,Senior Director - HRBP,Self-Awareness,4.54,5,Expert,4.68,92.0,>= 90th Percentile,"Expert Self-Awareness; exceptionally Feedback-Oriented - proactively solicits critical feedback from all levels and acts on it rapidly; deep Reflective practice - consistently pauses to extract lessons before reacting; precise Self-Knowledge - highly accurate understanding of own strengths, derailers, and impact; maintains a disciplined Personal Development plan; outstanding Emotional Regulation in high-stakes moments."
LTM605021,Riya Ranganathan,Associate Principal - Secretarial,Mental Agility,5.0,5,Expert,5.0,100.0,>= 90th Percentile,Expert-level Mental Agility; demonstrates exceptional Inquisitiveness - asks penetrating 'why' and 'what if' questions that reframe problems; functions as a true Broad Scanner with interests spanning multiple unrelated disciplines; masterful Complexity handling; acts as a Connector drawing powerful analogies across domains; effective Improver/Critic who challenges assumptions constructively.
LTM605021,Riya Ranganathan,Associate Principal - Secretarial,People Agility,5.0,5,Expert,5.0,100.0,>= 90th Percentile,Expert People Agility; genuinely Open-Minded - actively seeks perspectives radically unlike their own; exceptional People Smart capability - reads unspoken group dynamics with accuracy; masterful Politically Savvy navigation of complex organisational dynamics; outstanding Communicator who tailors message and medium to every audience; demonstrates exceptional Role Flexibility.
LTM605021,Riya Ranganathan,Associate Principal - Secretarial,Change Agility,5.0,5,Expert,5.0,100.0,>= 90th Percentile,Expert Change Agility; prototype Experimenter mindset - proactively tests new approaches and learns rapidly from pilots; highly Comfortable with Ambiguity; compelling Visionary who articulates and energises others around a future state; exceptional Stalwart - sustains effectiveness through prolonged transformation; skilled Innovation Manager who helps others navigate change.
LTM605021,Riya Ranganathan,Associate Principal - Secretarial,Results Agility,5.0,5,Expert,5.0,100.0,>= 90th Percentile,Expert Results Agility; demonstrates exceptional Drive - sets highest standards and holds self and others rigorously accountable; commands immediate respect - strong executive Presence; outstanding Resourcefulness in finding paths forward with limited resources; consistently Inspires Others to exceed expectations in first-time situations; maintains exceptional Composure under the most intense pressure.
LTM605021,Riya Ranganathan,Associate Principal - Secretarial,Self-Awareness,5.0,5,Expert,5.0,100.0,>= 90th Percentile,"Expert Self-Awareness; exceptionally Feedback-Oriented - proactively solicits critical feedback from all levels and acts on it rapidly; deep Reflective practice - consistently pauses to extract lessons before reacting; precise Self-Knowledge - highly accurate understanding of own strengths, derailers, and impact; maintains a disciplined Personal Development plan; outstanding Emotional Regulation in high-stakes moments."
LTM585706,Nidhi Dara,Associate Principal - Programme and Project Management,Mental Agility,5.0,5,Expert,4.78,95.0,>= 90th Percentile,Expert-level Mental Agility; demonstrates exceptional Inquisitiveness - asks penetrating 'why' and 'what if' questions that reframe problems; functions as a true Broad Scanner with interests spanning multiple unrelated disciplines; masterful Complexity handling; acts as a Connector drawing powerful analogies across domains; effective Improver/Critic who challenges assumptions constructively.
LTM585706,Nidhi Dara,Associate Principal - Programme and Project Management,People Agility,5.0,5,Expert,4.78,95.0,>= 90th Percentile,Expert People Agility; genuinely Open-Minded - actively seeks perspectives radically unlike their own; exceptional People Smart capability - reads unspoken group dynamics with accuracy; masterful Politically Savvy navigation of complex organisational dynamics; outstanding Communicator who tailors message and medium to every audience; demonstrates exceptional Role Flexibility.
LTM585706,Nidhi Dara,Associate Principal - Programme and Project Management,Change Agility,4.86,5,Expert,4.78,95.0,>= 90th Percentile,Expert Change Agility; prototype Experimenter mindset - proactively tests new approaches and learns rapidly from pilots; highly Comfortable with Ambiguity; compelling Visionary who articulates and energises others around a future state; exceptional Stalwart - sustains effectiveness through prolonged transformation; skilled Innovation Manager who helps others navigate change.
LTM585706,Nidhi Dara,Associate Principal - Programme and Project Management,Results Agility,5.0,5,Expert,4.78,95.0,>= 90th Percentile,Expert Results Agility; demonstrates exceptional Drive - sets highest standards and holds self and others rigorously accountable; commands immediate respect - strong executive Presence; outstanding Resourcefulness in finding paths forward with limited resources; consistently Inspires Others to exceed expectations in first-time situations; maintains exceptional Composure under the most intense pressure.
LTM585706,Nidhi Dara,Associate Principal - Programme and Project Management,Self-Awareness,4.03,4,Advanced,4.78,95.0,>= 90th Percentile,Advanced Self-Awareness; actively seeks and acts on feedback; demonstrates strong Reflective behaviour; generally accurate Self-Knowledge with minor blind spots; follows a consistent Personal Development plan; manages emotional responses well in most high-pressure situations.
LTM014282,Prisha Walia,Senior Director - Service Design,Mental Agility,5.0,5,Expert,4.71,93.0,>= 90th Percentile,Expert-level Mental Agility; demonstrates exceptional Inquisitiveness - asks penetrating 'why' and 'what if' questions that reframe problems; functions as a true Broad Scanner with interests spanning multiple unrelated disciplines; masterful Complexity handling; acts as a Connector drawing powerful analogies across domains; effective Improver/Critic who challenges assumptions constructively.
LTM014282,Prisha Walia,Senior Director - Service Design,People Agility,3.98,4,Advanced,4.71,93.0,>= 90th Percentile,Advanced People Agility; strong Open-Minded orientation; good People Smart - accurately reads most interpersonal dynamics; navigates organisational politics ethically and effectively; tailors communication well; shows good Role Flexibility across different team contexts.
LTM014282,Prisha Walia,Senior Director - Service Design,Change Agility,4.8,5,Expert,4.71,93.0,>= 90th Percentile,Expert Change Agility; prototype Experimenter mindset - proactively tests new approaches and learns rapidly from pilots; highly Comfortable with Ambiguity; compelling Visionary who articulates and energises others around a future state; exceptional Stalwart - sustains effectiveness through prolonged transformation; skilled Innovation Manager who helps others navigate change.
LTM014282,Prisha Walia,Senior Director - Service Design,Results Agility,5.0,5,Expert,4.71,93.0,>= 90th Percentile,Expert Results Agility; demonstrates exceptional Drive - sets highest standards and holds self and others rigorously accountable; commands immediate respect - strong executive Presence; outstanding Resourcefulness in finding paths forward with limited resources; consistently Inspires Others to exceed expectations in first-time situations; maintains exceptional Composure under the most intense pressure.
LTM014282,Prisha Walia,Senior Director - Service Design,Self-Awareness,4.75,5,Expert,4.71,93.0,>= 90th Percentile,"Expert Self-Awareness; exceptionally Feedback-Oriented - proactively solicits critical feedback from all levels and acts on it rapidly; deep Reflective practice - consistently pauses to extract lessons before reacting; precise Self-Knowledge - highly accurate understanding of own strengths, derailers, and impact; maintains a disciplined Personal Development plan; outstanding Emotional Regulation in high-stakes moments."
LTM556932,Qasim Biswas,Senior Principal - Consulting,Mental Agility,4.78,5,Expert,4.77,94.0,>= 90th Percentile,Expert-level Mental Agility; demonstrates exceptional Inquisitiveness - asks penetrating 'why' and 'what if' questions that reframe problems; functions as a true Broad Scanner with interests spanning multiple unrelated disciplines; masterful Complexity handling; acts as a Connector drawing powerful analogies across domains; effective Improver/Critic who challenges assumptions constructively.
LTM556932,Qasim Biswas,Senior Principal - Consulting,People Agility,5.0,5,Expert,4.77,94.0,>= 90th Percentile,Expert People Agility; genuinely Open-Minded - actively seeks perspectives radically unlike their own; exceptional People Smart capability - reads unspoken group dynamics with accuracy; masterful Politically Savvy navigation of complex organisational dynamics; outstanding Communicator who tailors message and medium to every audience; demonstrates exceptional Role Flexibility.
LTM556932,Qasim Biswas,Senior Principal - Consulting,Change Agility,5.0,5,Expert,4.77,94.0,>= 90th Percentile,Expert Change Agility; prototype Experimenter mindset - proactively tests new approaches and learns rapidly from pilots; highly Comfortable with Ambiguity; compelling Visionary who articulates and energises others around a future state; exceptional Stalwart - sustains effectiveness through prolonged transformation; skilled Innovation Manager who helps others navigate change.
LTM556932,Qasim Biswas,Senior Principal - Consulting,Results Agility,4.47,4,Advanced,4.77,94.0,>= 90th Percentile,Advanced Results Agility; strong Drive with high self-accountability; solid executive Presence that builds confidence; demonstrates good Resourcefulness; effectively Inspires Others to high performance; maintains Composure well in most high-pressure situations.
LTM556932,Qasim Biswas,Senior Principal - Consulting,Self-Awareness,4.6,5,Expert,4.77,94.0,>= 90th Percentile,"Expert Self-Awareness; exceptionally Feedback-Oriented - proactively solicits critical feedback from all levels and acts on it rapidly; deep Reflective practice - consistently pauses to extract lessons before reacting; precise Self-Knowledge - highly accurate understanding of own strengths, derailers, and impact; maintains a disciplined Personal Development plan; outstanding Emotional Regulation in high-stakes moments."
LTM396575,Damyanti Sant,Specialist - Corporate Strategy,Mental Agility,5.0,5,Expert,4.99,100.0,>= 90th Percentile,Expert-level Mental Agility; demonstrates exceptional Inquisitiveness - asks penetrating 'why' and 'what if' questions that reframe problems; functions as a true Broad Scanner with interests spanning multiple unrelated disciplines; masterful Complexity handling; acts as a Connector drawing powerful analogies across domains; effective Improver/Critic who challenges assumptions constructively.
LTM396575,Damyanti Sant,Specialist - Corporate Strategy,People Agility,5.0,5,Expert,4.99,100.0,>= 90th Percentile,Expert People Agility; genuinely Open-Minded - actively seeks perspectives radically unlike their own; exceptional People Smart capability - reads unspoken group dynamics with accuracy; masterful Politically Savvy navigation of complex organisational dynamics; outstanding Communicator who tailors message and medium to every audience; demonstrates exceptional Role Flexibility.
LTM396575,Damyanti Sant,Specialist - Corporate Strategy,Change Agility,4.97,5,Expert,4.99,100.0,>= 90th Percentile,Expert Change Agility; prototype Experimenter mindset - proactively tests new approaches and learns rapidly from pilots; highly Comfortable with Ambiguity; compelling Visionary who articulates and energises others around a future state; exceptional Stalwart - sustains effectiveness through prolonged transformation; skilled Innovation Manager who helps others navigate change.
LTM396575,Damyanti Sant,Specialist - Corporate Strategy,Results Agility,5.0,5,Expert,4.99,100.0,>= 90th Percentile,Expert Results Agility; demonstrates exceptional Drive - sets highest standards and holds self and others rigorously accountable; commands immediate respect - strong executive Presence; outstanding Resourcefulness in finding paths forward with limited resources; consistently Inspires Others to exceed expectations in first-time situations; maintains exceptional Composure under the most intense pressure.
LTM396575,Damyanti Sant,Specialist - Corporate Strategy,Self-Awareness,5.0,5,Expert,4.99,100.0,>= 90th Percentile,"Expert Self-Awareness; exceptionally Feedback-Oriented - proactively solicits critical feedback from all levels and acts on it rapidly; deep Reflective practice - consistently pauses to extract lessons before reacting; precise Self-Knowledge - highly accurate understanding of own strengths, derailers, and impact; maintains a disciplined Personal Development plan; outstanding Emotional Regulation in high-stakes moments."
LTM315257,Hema Vig,Senior Specialist - Corporate Strategy,Mental Agility,5.0,5,Expert,4.62,91.0,>= 90th Percentile,Expert-level Mental Agility; demonstrates exceptional Inquisitiveness - asks penetrating 'why' and 'what if' questions that reframe problems; functions as a true Broad Scanner with interests spanning multiple unrelated disciplines; masterful Complexity handling; acts as a Connector drawing powerful analogies across domains; effective Improver/Critic who challenges assumptions constructively.
LTM315257,Hema Vig,Senior Specialist - Corporate Strategy,People Agility,3.9,4,Advanced,4.62,91.0,>= 90th Percentile,Advanced People Agility; strong Open-Minded orientation; good People Smart - accurately reads most interpersonal dynamics; navigates organisational politics ethically and effectively; tailors communication well; shows good Role Flexibility across different team contexts.
LTM315257,Hema Vig,Senior Specialist - Corporate Strategy,Change Agility,4.53,5,Expert,4.62,91.0,>= 90th Percentile,Expert Change Agility; prototype Experimenter mindset - proactively tests new approaches and learns rapidly from pilots; highly Comfortable with Ambiguity; compelling Visionary who articulates and energises others around a future state; exceptional Stalwart - sustains effectiveness through prolonged transformation; skilled Innovation Manager who helps others navigate change.
LTM315257,Hema Vig,Senior Specialist - Corporate Strategy,Results Agility,5.0,5,Expert,4.62,91.0,>= 90th Percentile,Expert Results Agility; demonstrates exceptional Drive - sets highest standards and holds self and others rigorously accountable; commands immediate respect - strong executive Presence; outstanding Resourcefulness in finding paths forward with limited resources; consistently Inspires Others to exceed expectations in first-time situations; maintains exceptional Composure under the most intense pressure.
LTM315257,Hema Vig,Senior Specialist - Corporate Strategy,Self-Awareness,4.66,5,Expert,4.62,91.0,>= 90th Percentile,"Expert Self-Awareness; exceptionally Feedback-Oriented - proactively solicits critical feedback from all levels and acts on it rapidly; deep Reflective practice - consistently pauses to extract lessons before reacting; precise Self-Knowledge - highly accurate understanding of own strengths, derailers, and impact; maintains a disciplined Personal Development plan; outstanding Emotional Regulation in high-stakes moments."
LTM372784,Warhi Shroff,Senior Executive - Corporate Strategy,Mental Agility,4.76,5,Expert,4.73,93.0,>= 90th Percentile,Expert-level Mental Agility; demonstrates exceptional Inquisitiveness - asks penetrating 'why' and 'what if' questions that reframe problems; functions as a true Broad Scanner with interests spanning multiple unrelated disciplines; masterful Complexity handling; acts as a Connector drawing powerful analogies across domains; effective Improver/Critic who challenges assumptions constructively.
LTM372784,Warhi Shroff,Senior Executive - Corporate Strategy,People Agility,5.0,5,Expert,4.73,93.0,>= 90th Percentile,Expert People Agility; genuinely Open-Minded - actively seeks perspectives radically unlike their own; exceptional People Smart capability - reads unspoken group dynamics with accuracy; masterful Politically Savvy navigation of complex organisational dynamics; outstanding Communicator who tailors message and medium to every audience; demonstrates exceptional Role Flexibility.
LTM372784,Warhi Shroff,Senior Executive - Corporate Strategy,Change Agility,5.0,5,Expert,4.73,93.0,>= 90th Percentile,Expert Change Agility; prototype Experimenter mindset - proactively tests new approaches and learns rapidly from pilots; highly Comfortable with Ambiguity; compelling Visionary who articulates and energises others around a future state; exceptional Stalwart - sustains effectiveness through prolonged transformation; skilled Innovation Manager who helps others navigate change.
LTM372784,Warhi Shroff,Senior Executive - Corporate Strategy,Results Agility,5.0,5,Expert,4.73,93.0,>= 90th Percentile,Expert Results Agility; demonstrates exceptional Drive - sets highest standards and holds self and others rigorously accountable; commands immediate respect - strong executive Presence; outstanding Resourcefulness in finding paths forward with limited resources; consistently Inspires Others to exceed expectations in first-time situations; maintains exceptional Composure under the most intense pressure.
LTM372784,Warhi Shroff,Senior Executive - Corporate Strategy,Self-Awareness,3.89,4,Advanced,4.73,93.0,>= 90th Percentile,Advanced Self-Awareness; actively seeks and acts on feedback; demonstrates strong Reflective behaviour; generally accurate Self-Knowledge with minor blind spots; follows a consistent Personal Development plan; manages emotional responses well in most high-pressure situations.
LTM917222,Krish Naidu,Associate Principal - Secretarial,Mental Agility,5.0,5,Expert,4.72,93.0,>= 90th Percentile,Expert-level Mental Agility; demonstrates exceptional Inquisitiveness - asks penetrating 'why' and 'what if' questions that reframe problems; functions as a true Broad Scanner with interests spanning multiple unrelated disciplines; masterful Complexity handling; acts as a Connector drawing powerful analogies across domains; effective Improver/Critic who challenges assumptions constructively.
LTM917222,Krish Naidu,Associate Principal - Secretarial,People Agility,3.77,4,Advanced,4.72,93.0,>= 90th Percentile,Advanced People Agility; strong Open-Minded orientation; good People Smart - accurately reads most interpersonal dynamics; navigates organisational politics ethically and effectively; tailors communication well; shows good Role Flexibility across different team contexts.
LTM917222,Krish Naidu,Associate Principal - Secretarial,Change Agility,5.0,5,Expert,4.72,93.0,>= 90th Percentile,Expert Change Agility; prototype Experimenter mindset - proactively tests new approaches and learns rapidly from pilots; highly Comfortable with Ambiguity; compelling Visionary who articulates and energises others around a future state; exceptional Stalwart - sustains effectiveness through prolonged transformation; skilled Innovation Manager who helps others navigate change.
LTM917222,Krish Naidu,Associate Principal - Secretarial,Results Agility,4.85,5,Expert,4.72,93.0,>= 90th Percentile,Expert Results Agility; demonstrates exceptional Drive - sets highest standards and holds self and others rigorously accountable; commands immediate respect - strong executive Presence; outstanding Resourcefulness in finding paths forward with limited resources; consistently Inspires Others to exceed expectations in first-time situations; maintains exceptional Composure under the most intense pressure.
LTM917222,Krish Naidu,Associate Principal - Secretarial,Self-Awareness,5.0,5,Expert,4.72,93.0,>= 90th Percentile,"Expert Self-Awareness; exceptionally Feedback-Oriented - proactively solicits critical feedback from all levels and acts on it rapidly; deep Reflective practice - consistently pauses to extract lessons before reacting; precise Self-Knowledge - highly accurate understanding of own strengths, derailers, and impact; maintains a disciplined Personal Development plan; outstanding Emotional Regulation in high-stakes moments."
LTM202243,Om Balakrishnan,Senior Director - HRBP,Mental Agility,5.0,5,Expert,4.95,99.0,>= 90th Percentile,Expert-level Mental Agility; demonstrates exceptional Inquisitiveness - asks penetrating 'why' and 'what if' questions that reframe problems; functions as a true Broad Scanner with interests spanning multiple unrelated disciplines; masterful Complexity handling; acts as a Connector drawing powerful analogies across domains; effective Improver/Critic who challenges assumptions constructively.
LTM202243,Om Balakrishnan,Senior Director - HRBP,People Agility,4.77,5,Expert,4.95,99.0,>= 90th Percentile,Expert People Agility; genuinely Open-Minded - actively seeks perspectives radically unlike their own; exceptional People Smart capability - reads unspoken group dynamics with accuracy; masterful Politically Savvy navigation of complex organisational dynamics; outstanding Communicator who tailors message and medium to every audience; demonstrates exceptional Role Flexibility.
LTM202243,Om Balakrishnan,Senior Director - HRBP,Change Agility,5.0,5,Expert,4.95,99.0,>= 90th Percentile,Expert Change Agility; prototype Experimenter mindset - proactively tests new approaches and learns rapidly from pilots; highly Comfortable with Ambiguity; compelling Visionary who articulates and energises others around a future state; exceptional Stalwart - sustains effectiveness through prolonged transformation; skilled Innovation Manager who helps others navigate change.
LTM202243,Om Balakrishnan,Senior Director - HRBP,Results Agility,5.0,5,Expert,4.95,99.0,>= 90th Percentile,Expert Results Agility; demonstrates exceptional Drive - sets highest standards and holds self and others rigorously accountable; commands immediate respect - strong executive Presence; outstanding Resourcefulness in finding paths forward with limited resources; consistently Inspires Others to exceed expectations in first-time situations; maintains exceptional Composure under the most intense pressure.
LTM202243,Om Balakrishnan,Senior Director - HRBP,Self-Awareness,5.0,5,Expert,4.95,99.0,>= 90th Percentile,"Expert Self-Awareness; exceptionally Feedback-Oriented - proactively solicits critical feedback from all levels and acts on it rapidly; deep Reflective practice - consistently pauses to extract lessons before reacting; precise Self-Knowledge - highly accurate understanding of own strengths, derailers, and impact; maintains a disciplined Personal Development plan; outstanding Emotional Regulation in high-stakes moments."
LTM360846,Omaja Gopal,Senior Specialist - Cybersecurity,Mental Agility,5.0,5,Expert,4.59,90.0,>= 90th Percentile,Expert-level Mental Agility; demonstrates exceptional Inquisitiveness - asks penetrating 'why' and 'what if' questions that reframe problems; functions as a true Broad Scanner with interests spanning multiple unrelated disciplines; masterful Complexity handling; acts as a Connector drawing powerful analogies across domains; effective Improver/Critic who challenges assumptions constructively.
LTM360846,Omaja Gopal,Senior Specialist - Cybersecurity,People Agility,4.99,5,Expert,4.59,90.0,>= 90th Percentile,Expert People Agility; genuinely Open-Minded - actively seeks perspectives radically unlike their own; exceptional People Smart capability - reads unspoken group dynamics with accuracy; masterful Politically Savvy navigation of complex organisational dynamics; outstanding Communicator who tailors message and medium to every audience; demonstrates exceptional Role Flexibility.
LTM360846,Omaja Gopal,Senior Specialist - Cybersecurity,Change Agility,4.09,4,Advanced,4.59,90.0,>= 90th Percentile,Advanced Change Agility; demonstrates strong Experimenter orientation; comfortable with ambiguity in most situations; articulates a clear and motivating vision of change; sustains performance during significant transitions; helps team members adapt to change effectively.
LTM360846,Omaja Gopal,Senior Specialist - Cybersecurity,Results Agility,5.0,5,Expert,4.59,90.0,>= 90th Percentile,Expert Results Agility; demonstrates exceptional Drive - sets highest standards and holds self and others rigorously accountable; commands immediate respect - strong executive Presence; outstanding Resourcefulness in finding paths forward with limited resources; consistently Inspires Others to exceed expectations in first-time situations; maintains exceptional Composure under the most intense pressure.
LTM360846,Omaja Gopal,Senior Specialist - Cybersecurity,Self-Awareness,3.89,4,Advanced,4.59,90.0,>= 90th Percentile,Advanced Self-Awareness; actively seeks and acts on feedback; demonstrates strong Reflective behaviour; generally accurate Self-Knowledge with minor blind spots; follows a consistent Personal Development plan; manages emotional responses well in most high-pressure situations.
LTM235740,Jagvi Pant,Senior Director - Treasury,Mental Agility,5.0,5,Expert,4.97,99.0,>= 90th Percentile,Expert-level Mental Agility; demonstrates exceptional Inquisitiveness - asks penetrating 'why' and 'what if' questions that reframe problems; functions as a true Broad Scanner with interests spanning multiple unrelated disciplines; masterful Complexity handling; acts as a Connector drawing powerful analogies across domains; effective Improver/Critic who challenges assumptions constructively.
LTM235740,Jagvi Pant,Senior Director - Treasury,People Agility,5.0,5,Expert,4.97,99.0,>= 90th Percentile,Expert People Agility; genuinely Open-Minded - actively seeks perspectives radically unlike their own; exceptional People Smart capability - reads unspoken group dynamics with accuracy; masterful Politically Savvy navigation of complex organisational dynamics; outstanding Communicator who tailors message and medium to every audience; demonstrates exceptional Role Flexibility.
LTM235740,Jagvi Pant,Senior Director - Treasury,Change Agility,4.83,5,Expert,4.97,99.0,>= 90th Percentile,Expert Change Agility; prototype Experimenter mindset - proactively tests new approaches and learns rapidly from pilots; highly Comfortable with Ambiguity; compelling Visionary who articulates and energises others around a future state; exceptional Stalwart - sustains effectiveness through prolonged transformation; skilled Innovation Manager who helps others navigate change.
LTM235740,Jagvi Pant,Senior Director - Treasury,Results Agility,5.0,5,Expert,4.97,99.0,>= 90th Percentile,Expert Results Agility; demonstrates exceptional Drive - sets highest standards and holds self and others rigorously accountable; commands immediate respect - strong executive Presence; outstanding Resourcefulness in finding paths forward with limited resources; consistently Inspires Others to exceed expectations in first-time situations; maintains exceptional Composure under the most intense pressure.
LTM235740,Jagvi Pant,Senior Director - Treasury,Self-Awareness,5.0,5,Expert,4.97,99.0,>= 90th Percentile,"Expert Self-Awareness; exceptionally Feedback-Oriented - proactively solicits critical feedback from all levels and acts on it rapidly; deep Reflective practice - consistently pauses to extract lessons before reacting; precise Self-Knowledge - highly accurate understanding of own strengths, derailers, and impact; maintains a disciplined Personal Development plan; outstanding Emotional Regulation in high-stakes moments."
LTM057125,Yash Khosla,Associate Principal - Programme and Project Management,Mental Agility,4.66,5,Expert,4.41,85.0,75th-89th Percentile,Expert-level Mental Agility; demonstrates exceptional Inquisitiveness - asks penetrating 'why' and 'what if' questions that reframe problems; functions as a true Broad Scanner with interests spanning multiple unrelated disciplines; masterful Complexity handling; acts as a Connector drawing powerful analogies across domains; effective Improver/Critic who challenges assumptions constructively.
LTM057125,Yash Khosla,Associate Principal - Programme and Project Management,People Agility,3.85,4,Advanced,4.41,85.0,75th-89th Percentile,Advanced People Agility; strong Open-Minded orientation; good People Smart - accurately reads most interpersonal dynamics; navigates organisational politics ethically and effectively; tailors communication well; shows good Role Flexibility across different team contexts.
LTM057125,Yash Khosla,Associate Principal - Programme and Project Management,Change Agility,5.0,5,Expert,4.41,85.0,75th-89th Percentile,Expert Change Agility; prototype Experimenter mindset - proactively tests new approaches and learns rapidly from pilots; highly Comfortable with Ambiguity; compelling Visionary who articulates and energises others around a future state; exceptional Stalwart - sustains effectiveness through prolonged transformation; skilled Innovation Manager who helps others navigate change.
LTM057125,Yash Khosla,Associate Principal - Programme and Project Management,Results Agility,5.0,5,Expert,4.41,85.0,75th-89th Percentile,Expert Results Agility; demonstrates exceptional Drive - sets highest standards and holds self and others rigorously accountable; commands immediate respect - strong executive Presence; outstanding Resourcefulness in finding paths forward with limited resources; consistently Inspires Others to exceed expectations in first-time situations; maintains exceptional Composure under the most intense pressure.
LTM057125,Yash Khosla,Associate Principal - Programme and Project Management,Self-Awareness,3.53,4,Advanced,4.41,85.0,75th-89th Percentile,Advanced Self-Awareness; actively seeks and acts on feedback; demonstrates strong Reflective behaviour; generally accurate Self-Knowledge with minor blind spots; follows a consistent Personal Development plan; manages emotional responses well in most high-pressure situations.
LTM682065,Xalak Sem,Senior Executive - Secretarial,Mental Agility,5.0,5,Expert,5.0,100.0,>= 90th Percentile,Expert-level Mental Agility; demonstrates exceptional Inquisitiveness - asks penetrating 'why' and 'what if' questions that reframe problems; functions as a true Broad Scanner with interests spanning multiple unrelated disciplines; masterful Complexity handling; acts as a Connector drawing powerful analogies across domains; effective Improver/Critic who challenges assumptions constructively.
LTM682065,Xalak Sem,Senior Executive - Secretarial,People Agility,5.0,5,Expert,5.0,100.0,>= 90th Percentile,Expert People Agility; genuinely Open-Minded - actively seeks perspectives radically unlike their own; exceptional People Smart capability - reads unspoken group dynamics with accuracy; masterful Politically Savvy navigation of complex organisational dynamics; outstanding Communicator who tailors message and medium to every audience; demonstrates exceptional Role Flexibility.
LTM682065,Xalak Sem,Senior Executive - Secretarial,Change Agility,5.0,5,Expert,5.0,100.0,>= 90th Percentile,Expert Change Agility; prototype Experimenter mindset - proactively tests new approaches and learns rapidly from pilots; highly Comfortable with Ambiguity; compelling Visionary who articulates and energises others around a future state; exceptional Stalwart - sustains effectiveness through prolonged transformation; skilled Innovation Manager who helps others navigate change.
LTM682065,Xalak Sem,Senior Executive - Secretarial,Results Agility,5.0,5,Expert,5.0,100.0,>= 90th Percentile,Expert Results Agility; demonstrates exceptional Drive - sets highest standards and holds self and others rigorously accountable; commands immediate respect - strong executive Presence; outstanding Resourcefulness in finding paths forward with limited resources; consistently Inspires Others to exceed expectations in first-time situations; maintains exceptional Composure under the most intense pressure.
LTM682065,Xalak Sem,Senior Executive - Secretarial,Self-Awareness,5.0,5,Expert,5.0,100.0,>= 90th Percentile,"Expert Self-Awareness; exceptionally Feedback-Oriented - proactively solicits critical feedback from all levels and acts on it rapidly; deep Reflective practice - consistently pauses to extract lessons before reacting; precise Self-Knowledge - highly accurate understanding of own strengths, derailers, and impact; maintains a disciplined Personal Development plan; outstanding Emotional Regulation in high-stakes moments."
LTM127721,Chakradhar Menon,Specialist - Corporate Strategy,Mental Agility,4.58,5,Expert,4.54,89.0,>= 90th Percentile,Expert-level Mental Agility; demonstrates exceptional Inquisitiveness - asks penetrating 'why' and 'what if' questions that reframe problems; functions as a true Broad Scanner with interests spanning multiple unrelated disciplines; masterful Complexity handling; acts as a Connector drawing powerful analogies across domains; effective Improver/Critic who challenges assumptions constructively.
LTM127721,Chakradhar Menon,Specialist - Corporate Strategy,People Agility,5.0,5,Expert,4.54,89.0,>= 90th Percentile,Expert People Agility; genuinely Open-Minded - actively seeks perspectives radically unlike their own; exceptional People Smart capability - reads unspoken group dynamics with accuracy; masterful Politically Savvy navigation of complex organisational dynamics; outstanding Communicator who tailors message and medium to every audience; demonstrates exceptional Role Flexibility.
LTM127721,Chakradhar Menon,Specialist - Corporate Strategy,Change Agility,4.3,4,Advanced,4.54,89.0,>= 90th Percentile,Advanced Change Agility; demonstrates strong Experimenter orientation; comfortable with ambiguity in most situations; articulates a clear and motivating vision of change; sustains performance during significant transitions; helps team members adapt to change effectively.
LTM127721,Chakradhar Menon,Specialist - Corporate Strategy,Results Agility,4.54,5,Expert,4.54,89.0,>= 90th Percentile,Expert Results Agility; demonstrates exceptional Drive - sets highest standards and holds self and others rigorously accountable; commands immediate respect - strong executive Presence; outstanding Resourcefulness in finding paths forward with limited resources; consistently Inspires Others to exceed expectations in first-time situations; maintains exceptional Composure under the most intense pressure.
LTM127721,Chakradhar Menon,Specialist - Corporate Strategy,Self-Awareness,4.3,4,Advanced,4.54,89.0,>= 90th Percentile,Advanced Self-Awareness; actively seeks and acts on feedback; demonstrates strong Reflective behaviour; generally accurate Self-Knowledge with minor blind spots; follows a consistent Personal Development plan; manages emotional responses well in most high-pressure situations.
LTM888172,Samaksh Kohli,Senior Executive - Secretarial,Mental Agility,5.0,5,Expert,4.99,100.0,>= 90th Percentile,Expert-level Mental Agility; demonstrates exceptional Inquisitiveness - asks penetrating 'why' and 'what if' questions that reframe problems; functions as a true Broad Scanner with interests spanning multiple unrelated disciplines; masterful Complexity handling; acts as a Connector drawing powerful analogies across domains; effective Improver/Critic who challenges assumptions constructively.
LTM888172,Samaksh Kohli,Senior Executive - Secretarial,People Agility,5.0,5,Expert,4.99,100.0,>= 90th Percentile,Expert People Agility; genuinely Open-Minded - actively seeks perspectives radically unlike their own; exceptional People Smart capability - reads unspoken group dynamics with accuracy; masterful Politically Savvy navigation of complex organisational dynamics; outstanding Communicator who tailors message and medium to every audience; demonstrates exceptional Role Flexibility.
LTM888172,Samaksh Kohli,Senior Executive - Secretarial,Change Agility,4.96,5,Expert,4.99,100.0,>= 90th Percentile,Expert Change Agility; prototype Experimenter mindset - proactively tests new approaches and learns rapidly from pilots; highly Comfortable with Ambiguity; compelling Visionary who articulates and energises others around a future state; exceptional Stalwart - sustains effectiveness through prolonged transformation; skilled Innovation Manager who helps others navigate change.
LTM888172,Samaksh Kohli,Senior Executive - Secretarial,Results Agility,5.0,5,Expert,4.99,100.0,>= 90th Percentile,Expert Results Agility; demonstrates exceptional Drive - sets highest standards and holds self and others rigorously accountable; commands immediate respect - strong executive Presence; outstanding Resourcefulness in finding paths forward with limited resources; consistently Inspires Others to exceed expectations in first-time situations; maintains exceptional Composure under the most intense pressure.
LTM888172,Samaksh Kohli,Senior Executive - Secretarial,Self-Awareness,5.0,5,Expert,4.99,100.0,>= 90th Percentile,"Expert Self-Awareness; exceptionally Feedback-Oriented - proactively solicits critical feedback from all levels and acts on it rapidly; deep Reflective practice - consistently pauses to extract lessons before reacting; precise Self-Knowledge - highly accurate understanding of own strengths, derailers, and impact; maintains a disciplined Personal Development plan; outstanding Emotional Regulation in high-stakes moments."
LTM530106,Simon Narayanan,Advisor,Mental Agility,5.0,5,Expert,4.96,99.0,>= 90th Percentile,Expert-level Mental Agility; demonstrates exceptional Inquisitiveness - asks penetrating 'why' and 'what if' questions that reframe problems; functions as a true Broad Scanner with interests spanning multiple unrelated disciplines; masterful Complexity handling; acts as a Connector drawing powerful analogies across domains; effective Improver/Critic who challenges assumptions constructively.
LTM530106,Simon Narayanan,Advisor,People Agility,5.0,5,Expert,4.96,99.0,>= 90th Percentile,Expert People Agility; genuinely Open-Minded - actively seeks perspectives radically unlike their own; exceptional People Smart capability - reads unspoken group dynamics with accuracy; masterful Politically Savvy navigation of complex organisational dynamics; outstanding Communicator who tailors message and medium to every audience; demonstrates exceptional Role Flexibility.
LTM530106,Simon Narayanan,Advisor,Change Agility,4.9,5,Expert,4.96,99.0,>= 90th Percentile,Expert Change Agility; prototype Experimenter mindset - proactively tests new approaches and learns rapidly from pilots; highly Comfortable with Ambiguity; compelling Visionary who articulates and energises others around a future state; exceptional Stalwart - sustains effectiveness through prolonged transformation; skilled Innovation Manager who helps others navigate change.
LTM530106,Simon Narayanan,Advisor,Results Agility,5.0,5,Expert,4.96,99.0,>= 90th Percentile,Expert Results Agility; demonstrates exceptional Drive - sets highest standards and holds self and others rigorously accountable; commands immediate respect - strong executive Presence; outstanding Resourcefulness in finding paths forward with limited resources; consistently Inspires Others to exceed expectations in first-time situations; maintains exceptional Composure under the most intense pressure.
LTM530106,Simon Narayanan,Advisor,Self-Awareness,4.92,5,Expert,4.96,99.0,>= 90th Percentile,"Expert Self-Awareness; exceptionally Feedback-Oriented - proactively solicits critical feedback from all levels and acts on it rapidly; deep Reflective practice - consistently pauses to extract lessons before reacting; precise Self-Knowledge - highly accurate understanding of own strengths, derailers, and impact; maintains a disciplined Personal Development plan; outstanding Emotional Regulation in high-stakes moments."
LTM058657,Gopal Mutti,Specialist - Corporate Strategy,Mental Agility,4.82,5,Expert,4.6,90.0,>= 90th Percentile,Expert-level Mental Agility; demonstrates exceptional Inquisitiveness - asks penetrating 'why' and 'what if' questions that reframe problems; functions as a true Broad Scanner with interests spanning multiple unrelated disciplines; masterful Complexity handling; acts as a Connector drawing powerful analogies across domains; effective Improver/Critic who challenges assumptions constructively.
LTM058657,Gopal Mutti,Specialist - Corporate Strategy,People Agility,5.0,5,Expert,4.6,90.0,>= 90th Percentile,Expert People Agility; genuinely Open-Minded - actively seeks perspectives radically unlike their own; exceptional People Smart capability - reads unspoken group dynamics with accuracy; masterful Politically Savvy navigation of complex organisational dynamics; outstanding Communicator who tailors message and medium to every audience; demonstrates exceptional Role Flexibility.
LTM058657,Gopal Mutti,Specialist - Corporate Strategy,Change Agility,4.73,5,Expert,4.6,90.0,>= 90th Percentile,Expert Change Agility; prototype Experimenter mindset - proactively tests new approaches and learns rapidly from pilots; highly Comfortable with Ambiguity; compelling Visionary who articulates and energises others around a future state; exceptional Stalwart - sustains effectiveness through prolonged transformation; skilled Innovation Manager who helps others navigate change.
LTM058657,Gopal Mutti,Specialist - Corporate Strategy,Results Agility,3.93,4,Advanced,4.6,90.0,>= 90th Percentile,Advanced Results Agility; strong Drive with high self-accountability; solid executive Presence that builds confidence; demonstrates good Resourcefulness; effectively Inspires Others to high performance; maintains Composure well in most high-pressure situations.
LTM058657,Gopal Mutti,Specialist - Corporate Strategy,Self-Awareness,4.54,5,Expert,4.6,90.0,>= 90th Percentile,"Expert Self-Awareness; exceptionally Feedback-Oriented - proactively solicits critical feedback from all levels and acts on it rapidly; deep Reflective practice - consistently pauses to extract lessons before reacting; precise Self-Knowledge - highly accurate understanding of own strengths, derailers, and impact; maintains a disciplined Personal Development plan; outstanding Emotional Regulation in high-stakes moments."
LTM567417,Warhi Malhotra,CBO-AI Solutions and Services,Mental Agility,5.0,5,Expert,4.84,96.0,>= 90th Percentile,Expert-level Mental Agility; demonstrates exceptional Inquisitiveness - asks penetrating 'why' and 'what if' questions that reframe problems; functions as a true Broad Scanner with interests spanning multiple unrelated disciplines; masterful Complexity handling; acts as a Connector drawing powerful analogies across domains; effective Improver/Critic who challenges assumptions constructively.
LTM567417,Warhi Malhotra,CBO-AI Solutions and Services,People Agility,5.0,5,Expert,4.84,96.0,>= 90th Percentile,Expert People Agility; genuinely Open-Minded - actively seeks perspectives radically unlike their own; exceptional People Smart capability - reads unspoken group dynamics with accuracy; masterful Politically Savvy navigation of complex organisational dynamics; outstanding Communicator who tailors message and medium to every audience; demonstrates exceptional Role Flexibility.
LTM567417,Warhi Malhotra,CBO-AI Solutions and Services,Change Agility,4.74,5,Expert,4.84,96.0,>= 90th Percentile,Expert Change Agility; prototype Experimenter mindset - proactively tests new approaches and learns rapidly from pilots; highly Comfortable with Ambiguity; compelling Visionary who articulates and energises others around a future state; exceptional Stalwart - sustains effectiveness through prolonged transformation; skilled Innovation Manager who helps others navigate change.
LTM567417,Warhi Malhotra,CBO-AI Solutions and Services,Results Agility,5.0,5,Expert,4.84,96.0,>= 90th Percentile,Expert Results Agility; demonstrates exceptional Drive - sets highest standards and holds self and others rigorously accountable; commands immediate respect - strong executive Presence; outstanding Resourcefulness in finding paths forward with limited resources; consistently Inspires Others to exceed expectations in first-time situations; maintains exceptional Composure under the most intense pressure.
LTM567417,Warhi Malhotra,CBO-AI Solutions and Services,Self-Awareness,4.48,4,Advanced,4.84,96.0,>= 90th Percentile,Advanced Self-Awareness; actively seeks and acts on feedback; demonstrates strong Reflective behaviour; generally accurate Self-Knowledge with minor blind spots; follows a consistent Personal Development plan; manages emotional responses well in most high-pressure situations.
LTM659537,Matthew Atwal,Vice President - Finance,Mental Agility,5.0,5,Expert,4.87,97.0,>= 90th Percentile,Expert-level Mental Agility; demonstrates exceptional Inquisitiveness - asks penetrating 'why' and 'what if' questions that reframe problems; functions as a true Broad Scanner with interests spanning multiple unrelated disciplines; masterful Complexity handling; acts as a Connector drawing powerful analogies across domains; effective Improver/Critic who challenges assumptions constructively.
LTM659537,Matthew Atwal,Vice President - Finance,People Agility,5.0,5,Expert,4.87,97.0,>= 90th Percentile,Expert People Agility; genuinely Open-Minded - actively seeks perspectives radically unlike their own; exceptional People Smart capability - reads unspoken group dynamics with accuracy; masterful Politically Savvy navigation of complex organisational dynamics; outstanding Communicator who tailors message and medium to every audience; demonstrates exceptional Role Flexibility.
LTM659537,Matthew Atwal,Vice President - Finance,Change Agility,5.0,5,Expert,4.87,97.0,>= 90th Percentile,Expert Change Agility; prototype Experimenter mindset - proactively tests new approaches and learns rapidly from pilots; highly Comfortable with Ambiguity; compelling Visionary who articulates and energises others around a future state; exceptional Stalwart - sustains effectiveness through prolonged transformation; skilled Innovation Manager who helps others navigate change.
LTM659537,Matthew Atwal,Vice President - Finance,Results Agility,5.0,5,Expert,4.87,97.0,>= 90th Percentile,Expert Results Agility; demonstrates exceptional Drive - sets highest standards and holds self and others rigorously accountable; commands immediate respect - strong executive Presence; outstanding Resourcefulness in finding paths forward with limited resources; consistently Inspires Others to exceed expectations in first-time situations; maintains exceptional Composure under the most intense pressure.
LTM659537,Matthew Atwal,Vice President - Finance,Self-Awareness,4.37,4,Advanced,4.87,97.0,>= 90th Percentile,Advanced Self-Awareness; actively seeks and acts on feedback; demonstrates strong Reflective behaviour; generally accurate Self-Knowledge with minor blind spots; follows a consistent Personal Development plan; manages emotional responses well in most high-pressure situations.
LTM536169,Laksh Bath,Associate Principal - Programme and Project Management,Mental Agility,4.85,5,Expert,4.88,97.0,>= 90th Percentile,Expert-level Mental Agility; demonstrates exceptional Inquisitiveness - asks penetrating 'why' and 'what if' questions that reframe problems; functions as a true Broad Scanner with interests spanning multiple unrelated disciplines; masterful Complexity handling; acts as a Connector drawing powerful analogies across domains; effective Improver/Critic who challenges assumptions constructively.
LTM536169,Laksh Bath,Associate Principal - Programme and Project Management,People Agility,5.0,5,Expert,4.88,97.0,>= 90th Percentile,Expert People Agility; genuinely Open-Minded - actively seeks perspectives radically unlike their own; exceptional People Smart capability - reads unspoken group dynamics with accuracy; masterful Politically Savvy navigation of complex organisational dynamics; outstanding Communicator who tailors message and medium to every audience; demonstrates exceptional Role Flexibility.
LTM536169,Laksh Bath,Associate Principal - Programme and Project Management,Change Agility,4.64,5,Expert,4.88,97.0,>= 90th Percentile,Expert Change Agility; prototype Experimenter mindset - proactively tests new approaches and learns rapidly from pilots; highly Comfortable with Ambiguity; compelling Visionary who articulates and energises others around a future state; exceptional Stalwart - sustains effectiveness through prolonged transformation; skilled Innovation Manager who helps others navigate change.
LTM536169,Laksh Bath,Associate Principal - Programme and Project Management,Results Agility,5.0,5,Expert,4.88,97.0,>= 90th Percentile,Expert Results Agility; demonstrates exceptional Drive - sets highest standards and holds self and others rigorously accountable; commands immediate respect - strong executive Presence; outstanding Resourcefulness in finding paths forward with limited resources; consistently Inspires Others to exceed expectations in first-time situations; maintains exceptional Composure under the most intense pressure.
LTM536169,Laksh Bath,Associate Principal - Programme and Project Management,Self-Awareness,4.89,5,Expert,4.88,97.0,>= 90th Percentile,"Expert Self-Awareness; exceptionally Feedback-Oriented - proactively solicits critical feedback from all levels and acts on it rapidly; deep Reflective practice - consistently pauses to extract lessons before reacting; precise Self-Knowledge - highly accurate understanding of own strengths, derailers, and impact; maintains a disciplined Personal Development plan; outstanding Emotional Regulation in high-stakes moments."
LTM969410,Harshil Arora,Associate Principal - Programme and Project Management,Mental Agility,5.0,5,Expert,4.65,91.0,>= 90th Percentile,Expert-level Mental Agility; demonstrates exceptional Inquisitiveness - asks penetrating 'why' and 'what if' questions that reframe problems; functions as a true Broad Scanner with interests spanning multiple unrelated disciplines; masterful Complexity handling; acts as a Connector drawing powerful analogies across domains; effective Improver/Critic who challenges assumptions constructively.
LTM969410,Harshil Arora,Associate Principal - Programme and Project Management,People Agility,4.38,4,Advanced,4.65,91.0,>= 90th Percentile,Advanced People Agility; strong Open-Minded orientation; good People Smart - accurately reads most interpersonal dynamics; navigates organisational politics ethically and effectively; tailors communication well; shows good Role Flexibility across different team contexts.
LTM969410,Harshil Arora,Associate Principal - Programme and Project Management,Change Agility,5.0,5,Expert,4.65,91.0,>= 90th Percentile,Expert Change Agility; prototype Experimenter mindset - proactively tests new approaches and learns rapidly from pilots; highly Comfortable with Ambiguity; compelling Visionary who articulates and energises others around a future state; exceptional Stalwart - sustains effectiveness through prolonged transformation; skilled Innovation Manager who helps others navigate change.
LTM969410,Harshil Arora,Associate Principal - Programme and Project Management,Results Agility,5.0,5,Expert,4.65,91.0,>= 90th Percentile,Expert Results Agility; demonstrates exceptional Drive - sets highest standards and holds self and others rigorously accountable; commands immediate respect - strong executive Presence; outstanding Resourcefulness in finding paths forward with limited resources; consistently Inspires Others to exceed expectations in first-time situations; maintains exceptional Composure under the most intense pressure.
LTM969410,Harshil Arora,Associate Principal - Programme and Project Management,Self-Awareness,3.86,4,Advanced,4.65,91.0,>= 90th Percentile,Advanced Self-Awareness; actively seeks and acts on feedback; demonstrates strong Reflective behaviour; generally accurate Self-Knowledge with minor blind spots; follows a consistent Personal Development plan; manages emotional responses well in most high-pressure situations.
LTM025331,Lajita Sridhar,Senior Director - Strategy and Excellence,Mental Agility,4.86,5,Expert,4.97,99.0,>= 90th Percentile,Expert-level Mental Agility; demonstrates exceptional Inquisitiveness - asks penetrating 'why' and 'what if' questions that reframe problems; functions as a true Broad Scanner with interests spanning multiple unrelated disciplines; masterful Complexity handling; acts as a Connector drawing powerful analogies across domains; effective Improver/Critic who challenges assumptions constructively.
LTM025331,Lajita Sridhar,Senior Director - Strategy and Excellence,People Agility,5.0,5,Expert,4.97,99.0,>= 90th Percentile,Expert People Agility; genuinely Open-Minded - actively seeks perspectives radically unlike their own; exceptional People Smart capability - reads unspoken group dynamics with accuracy; masterful Politically Savvy navigation of complex organisational dynamics; outstanding Communicator who tailors message and medium to every audience; demonstrates exceptional Role Flexibility.
LTM025331,Lajita Sridhar,Senior Director - Strategy and Excellence,Change Agility,5.0,5,Expert,4.97,99.0,>= 90th Percentile,Expert Change Agility; prototype Experimenter mindset - proactively tests new approaches and learns rapidly from pilots; highly Comfortable with Ambiguity; compelling Visionary who articulates and energises others around a future state; exceptional Stalwart - sustains effectiveness through prolonged transformation; skilled Innovation Manager who helps others navigate change.
LTM025331,Lajita Sridhar,Senior Director - Strategy and Excellence,Results Agility,5.0,5,Expert,4.97,99.0,>= 90th Percentile,Expert Results Agility; demonstrates exceptional Drive - sets highest standards and holds self and others rigorously accountable; commands immediate respect - strong executive Presence; outstanding Resourcefulness in finding paths forward with limited resources; consistently Inspires Others to exceed expectations in first-time situations; maintains exceptional Composure under the most intense pressure.
LTM025331,Lajita Sridhar,Senior Director - Strategy and Excellence,Self-Awareness,5.0,5,Expert,4.97,99.0,>= 90th Percentile,"Expert Self-Awareness; exceptionally Feedback-Oriented - proactively solicits critical feedback from all levels and acts on it rapidly; deep Reflective practice - consistently pauses to extract lessons before reacting; precise Self-Knowledge - highly accurate understanding of own strengths, derailers, and impact; maintains a disciplined Personal Development plan; outstanding Emotional Regulation in high-stakes moments."
LTM317568,Bhavini Rattan,Associate Principal - Secretarial,Mental Agility,5.0,5,Expert,4.91,98.0,>= 90th Percentile,Expert-level Mental Agility; demonstrates exceptional Inquisitiveness - asks penetrating 'why' and 'what if' questions that reframe problems; functions as a true Broad Scanner with interests spanning multiple unrelated disciplines; masterful Complexity handling; acts as a Connector drawing powerful analogies across domains; effective Improver/Critic who challenges assumptions constructively.
LTM317568,Bhavini Rattan,Associate Principal - Secretarial,People Agility,5.0,5,Expert,4.91,98.0,>= 90th Percentile,Expert People Agility; genuinely Open-Minded - actively seeks perspectives radically unlike their own; exceptional People Smart capability - reads unspoken group dynamics with accuracy; masterful Politically Savvy navigation of complex organisational dynamics; outstanding Communicator who tailors message and medium to every audience; demonstrates exceptional Role Flexibility.
LTM317568,Bhavini Rattan,Associate Principal - Secretarial,Change Agility,4.53,5,Expert,4.91,98.0,>= 90th Percentile,Expert Change Agility; prototype Experimenter mindset - proactively tests new approaches and learns rapidly from pilots; highly Comfortable with Ambiguity; compelling Visionary who articulates and energises others around a future state; exceptional Stalwart - sustains effectiveness through prolonged transformation; skilled Innovation Manager who helps others navigate change.
LTM317568,Bhavini Rattan,Associate Principal - Secretarial,Results Agility,5.0,5,Expert,4.91,98.0,>= 90th Percentile,Expert Results Agility; demonstrates exceptional Drive - sets highest standards and holds self and others rigorously accountable; commands immediate respect - strong executive Presence; outstanding Resourcefulness in finding paths forward with limited resources; consistently Inspires Others to exceed expectations in first-time situations; maintains exceptional Composure under the most intense pressure.
LTM317568,Bhavini Rattan,Associate Principal - Secretarial,Self-Awareness,5.0,5,Expert,4.91,98.0,>= 90th Percentile,"Expert Self-Awareness; exceptionally Feedback-Oriented - proactively solicits critical feedback from all levels and acts on it rapidly; deep Reflective practice - consistently pauses to extract lessons before reacting; precise Self-Knowledge - highly accurate understanding of own strengths, derailers, and impact; maintains a disciplined Personal Development plan; outstanding Emotional Regulation in high-stakes moments."
LTM989271,Falan Modi,Senior Specialist - Cybersecurity,Mental Agility,5.0,5,Expert,4.96,99.0,>= 90th Percentile,Expert-level Mental Agility; demonstrates exceptional Inquisitiveness - asks penetrating 'why' and 'what if' questions that reframe problems; functions as a true Broad Scanner with interests spanning multiple unrelated disciplines; masterful Complexity handling; acts as a Connector drawing powerful analogies across domains; effective Improver/Critic who challenges assumptions constructively.
LTM989271,Falan Modi,Senior Specialist - Cybersecurity,People Agility,5.0,5,Expert,4.96,99.0,>= 90th Percentile,Expert People Agility; genuinely Open-Minded - actively seeks perspectives radically unlike their own; exceptional People Smart capability - reads unspoken group dynamics with accuracy; masterful Politically Savvy navigation of complex organisational dynamics; outstanding Communicator who tailors message and medium to every audience; demonstrates exceptional Role Flexibility.
LTM989271,Falan Modi,Senior Specialist - Cybersecurity,Change Agility,5.0,5,Expert,4.96,99.0,>= 90th Percentile,Expert Change Agility; prototype Experimenter mindset - proactively tests new approaches and learns rapidly from pilots; highly Comfortable with Ambiguity; compelling Visionary who articulates and energises others around a future state; exceptional Stalwart - sustains effectiveness through prolonged transformation; skilled Innovation Manager who helps others navigate change.
LTM989271,Falan Modi,Senior Specialist - Cybersecurity,Results Agility,4.81,5,Expert,4.96,99.0,>= 90th Percentile,Expert Results Agility; demonstrates exceptional Drive - sets highest standards and holds self and others rigorously accountable; commands immediate respect - strong executive Presence; outstanding Resourcefulness in finding paths forward with limited resources; consistently Inspires Others to exceed expectations in first-time situations; maintains exceptional Composure under the most intense pressure.
LTM989271,Falan Modi,Senior Specialist - Cybersecurity,Self-Awareness,5.0,5,Expert,4.96,99.0,>= 90th Percentile,"Expert Self-Awareness; exceptionally Feedback-Oriented - proactively solicits critical feedback from all levels and acts on it rapidly; deep Reflective practice - consistently pauses to extract lessons before reacting; precise Self-Knowledge - highly accurate understanding of own strengths, derailers, and impact; maintains a disciplined Personal Development plan; outstanding Emotional Regulation in high-stakes moments."
LTM841107,Jeet Dani,Vice President - Advisory,Mental Agility,5.0,5,Expert,5.0,100.0,>= 90th Percentile,Expert-level Mental Agility; demonstrates exceptional Inquisitiveness - asks penetrating 'why' and 'what if' questions that reframe problems; functions as a true Broad Scanner with interests spanning multiple unrelated disciplines; masterful Complexity handling; acts as a Connector drawing powerful analogies across domains; effective Improver/Critic who challenges assumptions constructively.
LTM841107,Jeet Dani,Vice President - Advisory,People Agility,5.0,5,Expert,5.0,100.0,>= 90th Percentile,Expert People Agility; genuinely Open-Minded - actively seeks perspectives radically unlike their own; exceptional People Smart capability - reads unspoken group dynamics with accuracy; masterful Politically Savvy navigation of complex organisational dynamics; outstanding Communicator who tailors message and medium to every audience; demonstrates exceptional Role Flexibility.
LTM841107,Jeet Dani,Vice President - Advisory,Change Agility,5.0,5,Expert,5.0,100.0,>= 90th Percentile,Expert Change Agility; prototype Experimenter mindset - proactively tests new approaches and learns rapidly from pilots; highly Comfortable with Ambiguity; compelling Visionary who articulates and energises others around a future state; exceptional Stalwart - sustains effectiveness through prolonged transformation; skilled Innovation Manager who helps others navigate change.
LTM841107,Jeet Dani,Vice President - Advisory,Results Agility,5.0,5,Expert,5.0,100.0,>= 90th Percentile,Expert Results Agility; demonstrates exceptional Drive - sets highest standards and holds self and others rigorously accountable; commands immediate respect - strong executive Presence; outstanding Resourcefulness in finding paths forward with limited resources; consistently Inspires Others to exceed expectations in first-time situations; maintains exceptional Composure under the most intense pressure.
LTM841107,Jeet Dani,Vice President - Advisory,Self-Awareness,5.0,5,Expert,5.0,100.0,>= 90th Percentile,"Expert Self-Awareness; exceptionally Feedback-Oriented - proactively solicits critical feedback from all levels and acts on it rapidly; deep Reflective practice - consistently pauses to extract lessons before reacting; precise Self-Knowledge - highly accurate understanding of own strengths, derailers, and impact; maintains a disciplined Personal Development plan; outstanding Emotional Regulation in high-stakes moments."
LTM914872,Varenya Savant,Associate Principal - Programme and Project Management,Mental Agility,4.77,5,Expert,4.88,97.0,>= 90th Percentile,Expert-level Mental Agility; demonstrates exceptional Inquisitiveness - asks penetrating 'why' and 'what if' questions that reframe problems; functions as a true Broad Scanner with interests spanning multiple unrelated disciplines; masterful Complexity handling; acts as a Connector drawing powerful analogies across domains; effective Improver/Critic who challenges assumptions constructively.
LTM914872,Varenya Savant,Associate Principal - Programme and Project Management,People Agility,5.0,5,Expert,4.88,97.0,>= 90th Percentile,Expert People Agility; genuinely Open-Minded - actively seeks perspectives radically unlike their own; exceptional People Smart capability - reads unspoken group dynamics with accuracy; masterful Politically Savvy navigation of complex organisational dynamics; outstanding Communicator who tailors message and medium to every audience; demonstrates exceptional Role Flexibility.
LTM914872,Varenya Savant,Associate Principal - Programme and Project Management,Change Agility,5.0,5,Expert,4.88,97.0,>= 90th Percentile,Expert Change Agility; prototype Experimenter mindset - proactively tests new approaches and learns rapidly from pilots; highly Comfortable with Ambiguity; compelling Visionary who articulates and energises others around a future state; exceptional Stalwart - sustains effectiveness through prolonged transformation; skilled Innovation Manager who helps others navigate change.
LTM914872,Varenya Savant,Associate Principal - Programme and Project Management,Results Agility,5.0,5,Expert,4.88,97.0,>= 90th Percentile,Expert Results Agility; demonstrates exceptional Drive - sets highest standards and holds self and others rigorously accountable; commands immediate respect - strong executive Presence; outstanding Resourcefulness in finding paths forward with limited resources; consistently Inspires Others to exceed expectations in first-time situations; maintains exceptional Composure under the most intense pressure.
LTM914872,Varenya Savant,Associate Principal - Programme and Project Management,Self-Awareness,4.64,5,Expert,4.88,97.0,>= 90th Percentile,"Expert Self-Awareness; exceptionally Feedback-Oriented - proactively solicits critical feedback from all levels and acts on it rapidly; deep Reflective practice - consistently pauses to extract lessons before reacting; precise Self-Knowledge - highly accurate understanding of own strengths, derailers, and impact; maintains a disciplined Personal Development plan; outstanding Emotional Regulation in high-stakes moments."
LTM144157,Tanish Mody,Vice President - Advisory,Mental Agility,4.21,4,Advanced,4.56,89.0,>= 90th Percentile,Advanced Mental Agility; strong Inquisitiveness and Broad Scanning behaviour; handles complexity well; makes useful connections across disciplines; challenges existing approaches constructively; solid critical and creative problem-solving capability.
LTM144157,Tanish Mody,Vice President - Advisory,People Agility,4.86,5,Expert,4.56,89.0,>= 90th Percentile,Expert People Agility; genuinely Open-Minded - actively seeks perspectives radically unlike their own; exceptional People Smart capability - reads unspoken group dynamics with accuracy; masterful Politically Savvy navigation of complex organisational dynamics; outstanding Communicator who tailors message and medium to every audience; demonstrates exceptional Role Flexibility.
LTM144157,Tanish Mody,Vice President - Advisory,Change Agility,4.0,4,Advanced,4.56,89.0,>= 90th Percentile,Advanced Change Agility; demonstrates strong Experimenter orientation; comfortable with ambiguity in most situations; articulates a clear and motivating vision of change; sustains performance during significant transitions; helps team members adapt to change effectively.
LTM144157,Tanish Mody,Vice President - Advisory,Results Agility,5.0,5,Expert,4.56,89.0,>= 90th Percentile,Expert Results Agility; demonstrates exceptional Drive - sets highest standards and holds self and others rigorously accountable; commands immediate respect - strong executive Presence; outstanding Resourcefulness in finding paths forward with limited resources; consistently Inspires Others to exceed expectations in first-time situations; maintains exceptional Composure under the most intense pressure.
LTM144157,Tanish Mody,Vice President - Advisory,Self-Awareness,4.74,5,Expert,4.56,89.0,>= 90th Percentile,"Expert Self-Awareness; exceptionally Feedback-Oriented - proactively solicits critical feedback from all levels and acts on it rapidly; deep Reflective practice - consistently pauses to extract lessons before reacting; precise Self-Knowledge - highly accurate understanding of own strengths, derailers, and impact; maintains a disciplined Personal Development plan; outstanding Emotional Regulation in high-stakes moments."
LTM337956,Chavvi Johal,Senior Account Director,Mental Agility,5.0,5,Expert,5.0,100.0,>= 90th Percentile,Expert-level Mental Agility; demonstrates exceptional Inquisitiveness - asks penetrating 'why' and 'what if' questions that reframe problems; functions as a true Broad Scanner with interests spanning multiple unrelated disciplines; masterful Complexity handling; acts as a Connector drawing powerful analogies across domains; effective Improver/Critic who challenges assumptions constructively.
LTM337956,Chavvi Johal,Senior Account Director,People Agility,5.0,5,Expert,5.0,100.0,>= 90th Percentile,Expert People Agility; genuinely Open-Minded - actively seeks perspectives radically unlike their own; exceptional People Smart capability - reads unspoken group dynamics with accuracy; masterful Politically Savvy navigation of complex organisational dynamics; outstanding Communicator who tailors message and medium to every audience; demonstrates exceptional Role Flexibility.
LTM337956,Chavvi Johal,Senior Account Director,Change Agility,5.0,5,Expert,5.0,100.0,>= 90th Percentile,Expert Change Agility; prototype Experimenter mindset - proactively tests new approaches and learns rapidly from pilots; highly Comfortable with Ambiguity; compelling Visionary who articulates and energises others around a future state; exceptional Stalwart - sustains effectiveness through prolonged transformation; skilled Innovation Manager who helps others navigate change.
LTM337956,Chavvi Johal,Senior Account Director,Results Agility,5.0,5,Expert,5.0,100.0,>= 90th Percentile,Expert Results Agility; demonstrates exceptional Drive - sets highest standards and holds self and others rigorously accountable; commands immediate respect - strong executive Presence; outstanding Resourcefulness in finding paths forward with limited resources; consistently Inspires Others to exceed expectations in first-time situations; maintains exceptional Composure under the most intense pressure.
LTM337956,Chavvi Johal,Senior Account Director,Self-Awareness,5.0,5,Expert,5.0,100.0,>= 90th Percentile,"Expert Self-Awareness; exceptionally Feedback-Oriented - proactively solicits critical feedback from all levels and acts on it rapidly; deep Reflective practice - consistently pauses to extract lessons before reacting; precise Self-Knowledge - highly accurate understanding of own strengths, derailers, and impact; maintains a disciplined Personal Development plan; outstanding Emotional Regulation in high-stakes moments."
LTM485082,Kevin Bumb,Senior Specialist - Cybersecurity,Mental Agility,5.0,5,Expert,4.74,94.0,>= 90th Percentile,Expert-level Mental Agility; demonstrates exceptional Inquisitiveness - asks penetrating 'why' and 'what if' questions that reframe problems; functions as a true Broad Scanner with interests spanning multiple unrelated disciplines; masterful Complexity handling; acts as a Connector drawing powerful analogies across domains; effective Improver/Critic who challenges assumptions constructively.
LTM485082,Kevin Bumb,Senior Specialist - Cybersecurity,People Agility,3.88,4,Advanced,4.74,94.0,>= 90th Percentile,Advanced People Agility; strong Open-Minded orientation; good People Smart - accurately reads most interpersonal dynamics; navigates organisational politics ethically and effectively; tailors communication well; shows good Role Flexibility across different team contexts.
LTM485082,Kevin Bumb,Senior Specialist - Cybersecurity,Change Agility,5.0,5,Expert,4.74,94.0,>= 90th Percentile,Expert Change Agility; prototype Experimenter mindset - proactively tests new approaches and learns rapidly from pilots; highly Comfortable with Ambiguity; compelling Visionary who articulates and energises others around a future state; exceptional Stalwart - sustains effectiveness through prolonged transformation; skilled Innovation Manager who helps others navigate change.
LTM485082,Kevin Bumb,Senior Specialist - Cybersecurity,Results Agility,5.0,5,Expert,4.74,94.0,>= 90th Percentile,Expert Results Agility; demonstrates exceptional Drive - sets highest standards and holds self and others rigorously accountable; commands immediate respect - strong executive Presence; outstanding Resourcefulness in finding paths forward with limited resources; consistently Inspires Others to exceed expectations in first-time situations; maintains exceptional Composure under the most intense pressure.
LTM485082,Kevin Bumb,Senior Specialist - Cybersecurity,Self-Awareness,4.83,5,Expert,4.74,94.0,>= 90th Percentile,"Expert Self-Awareness; exceptionally Feedback-Oriented - proactively solicits critical feedback from all levels and acts on it rapidly; deep Reflective practice - consistently pauses to extract lessons before reacting; precise Self-Knowledge - highly accurate understanding of own strengths, derailers, and impact; maintains a disciplined Personal Development plan; outstanding Emotional Regulation in high-stakes moments."
LTM682904,Jagdish Ghose,Specialist - Corporate Strategy,Mental Agility,5.0,5,Expert,4.85,96.0,>= 90th Percentile,Expert-level Mental Agility; demonstrates exceptional Inquisitiveness - asks penetrating 'why' and 'what if' questions that reframe problems; functions as a true Broad Scanner with interests spanning multiple unrelated disciplines; masterful Complexity handling; acts as a Connector drawing powerful analogies across domains; effective Improver/Critic who challenges assumptions constructively.
LTM682904,Jagdish Ghose,Specialist - Corporate Strategy,People Agility,5.0,5,Expert,4.85,96.0,>= 90th Percentile,Expert People Agility; genuinely Open-Minded - actively seeks perspectives radically unlike their own; exceptional People Smart capability - reads unspoken group dynamics with accuracy; masterful Politically Savvy navigation of complex organisational dynamics; outstanding Communicator who tailors message and medium to every audience; demonstrates exceptional Role Flexibility.
LTM682904,Jagdish Ghose,Specialist - Corporate Strategy,Change Agility,4.82,5,Expert,4.85,96.0,>= 90th Percentile,Expert Change Agility; prototype Experimenter mindset - proactively tests new approaches and learns rapidly from pilots; highly Comfortable with Ambiguity; compelling Visionary who articulates and energises others around a future state; exceptional Stalwart - sustains effectiveness through prolonged transformation; skilled Innovation Manager who helps others navigate change.
LTM682904,Jagdish Ghose,Specialist - Corporate Strategy,Results Agility,5.0,5,Expert,4.85,96.0,>= 90th Percentile,Expert Results Agility; demonstrates exceptional Drive - sets highest standards and holds self and others rigorously accountable; commands immediate respect - strong executive Presence; outstanding Resourcefulness in finding paths forward with limited resources; consistently Inspires Others to exceed expectations in first-time situations; maintains exceptional Composure under the most intense pressure.
LTM682904,Jagdish Ghose,Specialist - Corporate Strategy,Self-Awareness,4.41,4,Advanced,4.85,96.0,>= 90th Percentile,Advanced Self-Awareness; actively seeks and acts on feedback; demonstrates strong Reflective behaviour; generally accurate Self-Knowledge with minor blind spots; follows a consistent Personal Development plan; manages emotional responses well in most high-pressure situations.
LTM804183,Farhan Agate,Associate Vice President,Mental Agility,5.0,5,Expert,4.83,96.0,>= 90th Percentile,Expert-level Mental Agility; demonstrates exceptional Inquisitiveness - asks penetrating 'why' and 'what if' questions that reframe problems; functions as a true Broad Scanner with interests spanning multiple unrelated disciplines; masterful Complexity handling; acts as a Connector drawing powerful analogies across domains; effective Improver/Critic who challenges assumptions constructively.
LTM804183,Farhan Agate,Associate Vice President,People Agility,5.0,5,Expert,4.83,96.0,>= 90th Percentile,Expert People Agility; genuinely Open-Minded - actively seeks perspectives radically unlike their own; exceptional People Smart capability - reads unspoken group dynamics with accuracy; masterful Politically Savvy navigation of complex organisational dynamics; outstanding Communicator who tailors message and medium to every audience; demonstrates exceptional Role Flexibility.
LTM804183,Farhan Agate,Associate Vice President,Change Agility,4.14,4,Advanced,4.83,96.0,>= 90th Percentile,Advanced Change Agility; demonstrates strong Experimenter orientation; comfortable with ambiguity in most situations; articulates a clear and motivating vision of change; sustains performance during significant transitions; helps team members adapt to change effectively.
LTM804183,Farhan Agate,Associate Vice President,Results Agility,5.0,5,Expert,4.83,96.0,>= 90th Percentile,Expert Results Agility; demonstrates exceptional Drive - sets highest standards and holds self and others rigorously accountable; commands immediate respect - strong executive Presence; outstanding Resourcefulness in finding paths forward with limited resources; consistently Inspires Others to exceed expectations in first-time situations; maintains exceptional Composure under the most intense pressure.
LTM804183,Farhan Agate,Associate Vice President,Self-Awareness,5.0,5,Expert,4.83,96.0,>= 90th Percentile,"Expert Self-Awareness; exceptionally Feedback-Oriented - proactively solicits critical feedback from all levels and acts on it rapidly; deep Reflective practice - consistently pauses to extract lessons before reacting; precise Self-Knowledge - highly accurate understanding of own strengths, derailers, and impact; maintains a disciplined Personal Development plan; outstanding Emotional Regulation in high-stakes moments."
LTM564167,Varenya Singhal,Associate Principal - Secretarial,Mental Agility,5.0,5,Expert,4.84,96.0,>= 90th Percentile,Expert-level Mental Agility; demonstrates exceptional Inquisitiveness - asks penetrating 'why' and 'what if' questions that reframe problems; functions as a true Broad Scanner with interests spanning multiple unrelated disciplines; masterful Complexity handling; acts as a Connector drawing powerful analogies across domains; effective Improver/Critic who challenges assumptions constructively.
LTM564167,Varenya Singhal,Associate Principal - Secretarial,People Agility,4.7,5,Expert,4.84,96.0,>= 90th Percentile,Expert People Agility; genuinely Open-Minded - actively seeks perspectives radically unlike their own; exceptional People Smart capability - reads unspoken group dynamics with accuracy; masterful Politically Savvy navigation of complex organisational dynamics; outstanding Communicator who tailors message and medium to every audience; demonstrates exceptional Role Flexibility.
LTM564167,Varenya Singhal,Associate Principal - Secretarial,Change Agility,4.51,5,Expert,4.84,96.0,>= 90th Percentile,Expert Change Agility; prototype Experimenter mindset - proactively tests new approaches and learns rapidly from pilots; highly Comfortable with Ambiguity; compelling Visionary who articulates and energises others around a future state; exceptional Stalwart - sustains effectiveness through prolonged transformation; skilled Innovation Manager who helps others navigate change.
LTM564167,Varenya Singhal,Associate Principal - Secretarial,Results Agility,5.0,5,Expert,4.84,96.0,>= 90th Percentile,Expert Results Agility; demonstrates exceptional Drive - sets highest standards and holds self and others rigorously accountable; commands immediate respect - strong executive Presence; outstanding Resourcefulness in finding paths forward with limited resources; consistently Inspires Others to exceed expectations in first-time situations; maintains exceptional Composure under the most intense pressure.
LTM564167,Varenya Singhal,Associate Principal - Secretarial,Self-Awareness,5.0,5,Expert,4.84,96.0,>= 90th Percentile,"Expert Self-Awareness; exceptionally Feedback-Oriented - proactively solicits critical feedback from all levels and acts on it rapidly; deep Reflective practice - consistently pauses to extract lessons before reacting; precise Self-Knowledge - highly accurate understanding of own strengths, derailers, and impact; maintains a disciplined Personal Development plan; outstanding Emotional Regulation in high-stakes moments."
LTM273530,Amol Kata,Executive - Corporate Strategy,Mental Agility,4.88,5,Expert,4.93,98.0,>= 90th Percentile,Expert-level Mental Agility; demonstrates exceptional Inquisitiveness - asks penetrating 'why' and 'what if' questions that reframe problems; functions as a true Broad Scanner with interests spanning multiple unrelated disciplines; masterful Complexity handling; acts as a Connector drawing powerful analogies across domains; effective Improver/Critic who challenges assumptions constructively.
LTM273530,Amol Kata,Executive - Corporate Strategy,People Agility,5.0,5,Expert,4.93,98.0,>= 90th Percentile,Expert People Agility; genuinely Open-Minded - actively seeks perspectives radically unlike their own; exceptional People Smart capability - reads unspoken group dynamics with accuracy; masterful Politically Savvy navigation of complex organisational dynamics; outstanding Communicator who tailors message and medium to every audience; demonstrates exceptional Role Flexibility.
LTM273530,Amol Kata,Executive - Corporate Strategy,Change Agility,5.0,5,Expert,4.93,98.0,>= 90th Percentile,Expert Change Agility; prototype Experimenter mindset - proactively tests new approaches and learns rapidly from pilots; highly Comfortable with Ambiguity; compelling Visionary who articulates and energises others around a future state; exceptional Stalwart - sustains effectiveness through prolonged transformation; skilled Innovation Manager who helps others navigate change.
LTM273530,Amol Kata,Executive - Corporate Strategy,Results Agility,5.0,5,Expert,4.93,98.0,>= 90th Percentile,Expert Results Agility; demonstrates exceptional Drive - sets highest standards and holds self and others rigorously accountable; commands immediate respect - strong executive Presence; outstanding Resourcefulness in finding paths forward with limited resources; consistently Inspires Others to exceed expectations in first-time situations; maintains exceptional Composure under the most intense pressure.
LTM273530,Amol Kata,Executive - Corporate Strategy,Self-Awareness,4.76,5,Expert,4.93,98.0,>= 90th Percentile,"Expert Self-Awareness; exceptionally Feedback-Oriented - proactively solicits critical feedback from all levels and acts on it rapidly; deep Reflective practice - consistently pauses to extract lessons before reacting; precise Self-Knowledge - highly accurate understanding of own strengths, derailers, and impact; maintains a disciplined Personal Development plan; outstanding Emotional Regulation in high-stakes moments."
LTM794045,Unnati Contractor,Vice President - Finance,Mental Agility,5.0,5,Expert,4.74,94.0,>= 90th Percentile,Expert-level Mental Agility; demonstrates exceptional Inquisitiveness - asks penetrating 'why' and 'what if' questions that reframe problems; functions as a true Broad Scanner with interests spanning multiple unrelated disciplines; masterful Complexity handling; acts as a Connector drawing powerful analogies across domains; effective Improver/Critic who challenges assumptions constructively.
LTM794045,Unnati Contractor,Vice President - Finance,People Agility,4.44,4,Advanced,4.74,94.0,>= 90th Percentile,Advanced People Agility; strong Open-Minded orientation; good People Smart - accurately reads most interpersonal dynamics; navigates organisational politics ethically and effectively; tailors communication well; shows good Role Flexibility across different team contexts.
LTM794045,Unnati Contractor,Vice President - Finance,Change Agility,5.0,5,Expert,4.74,94.0,>= 90th Percentile,Expert Change Agility; prototype Experimenter mindset - proactively tests new approaches and learns rapidly from pilots; highly Comfortable with Ambiguity; compelling Visionary who articulates and energises others around a future state; exceptional Stalwart - sustains effectiveness through prolonged transformation; skilled Innovation Manager who helps others navigate change.
LTM794045,Unnati Contractor,Vice President - Finance,Results Agility,5.0,5,Expert,4.74,94.0,>= 90th Percentile,Expert Results Agility; demonstrates exceptional Drive - sets highest standards and holds self and others rigorously accountable; commands immediate respect - strong executive Presence; outstanding Resourcefulness in finding paths forward with limited resources; consistently Inspires Others to exceed expectations in first-time situations; maintains exceptional Composure under the most intense pressure.
LTM794045,Unnati Contractor,Vice President - Finance,Self-Awareness,4.26,4,Advanced,4.74,94.0,>= 90th Percentile,Advanced Self-Awareness; actively seeks and acts on feedback; demonstrates strong Reflective behaviour; generally accurate Self-Knowledge with minor blind spots; follows a consistent Personal Development plan; manages emotional responses well in most high-pressure situations.
LTM509650,Falan Lata,Senior Specialist - Cybersecurity,Mental Agility,4.74,5,Expert,4.66,92.0,>= 90th Percentile,Expert-level Mental Agility; demonstrates exceptional Inquisitiveness - asks penetrating 'why' and 'what if' questions that reframe problems; functions as a true Broad Scanner with interests spanning multiple unrelated disciplines; masterful Complexity handling; acts as a Connector drawing powerful analogies across domains; effective Improver/Critic who challenges assumptions constructively.
LTM509650,Falan Lata,Senior Specialist - Cybersecurity,People Agility,5.0,5,Expert,4.66,92.0,>= 90th Percentile,Expert People Agility; genuinely Open-Minded - actively seeks perspectives radically unlike their own; exceptional People Smart capability - reads unspoken group dynamics with accuracy; masterful Politically Savvy navigation of complex organisational dynamics; outstanding Communicator who tailors message and medium to every audience; demonstrates exceptional Role Flexibility.
LTM509650,Falan Lata,Senior Specialist - Cybersecurity,Change Agility,4.02,4,Advanced,4.66,92.0,>= 90th Percentile,Advanced Change Agility; demonstrates strong Experimenter orientation; comfortable with ambiguity in most situations; articulates a clear and motivating vision of change; sustains performance during significant transitions; helps team members adapt to change effectively.
LTM509650,Falan Lata,Senior Specialist - Cybersecurity,Results Agility,5.0,5,Expert,4.66,92.0,>= 90th Percentile,Expert Results Agility; demonstrates exceptional Drive - sets highest standards and holds self and others rigorously accountable; commands immediate respect - strong executive Presence; outstanding Resourcefulness in finding paths forward with limited resources; consistently Inspires Others to exceed expectations in first-time situations; maintains exceptional Composure under the most intense pressure.
LTM509650,Falan Lata,Senior Specialist - Cybersecurity,Self-Awareness,4.52,5,Expert,4.66,92.0,>= 90th Percentile,"Expert Self-Awareness; exceptionally Feedback-Oriented - proactively solicits critical feedback from all levels and acts on it rapidly; deep Reflective practice - consistently pauses to extract lessons before reacting; precise Self-Knowledge - highly accurate understanding of own strengths, derailers, and impact; maintains a disciplined Personal Development plan; outstanding Emotional Regulation in high-stakes moments."
LTM037866,Mitesh Mani,Associate Principal - Programme and Project Management,Mental Agility,4.56,5,Expert,4.9,98.0,>= 90th Percentile,Expert-level Mental Agility; demonstrates exceptional Inquisitiveness - asks penetrating 'why' and 'what if' questions that reframe problems; functions as a true Broad Scanner with interests spanning multiple unrelated disciplines; masterful Complexity handling; acts as a Connector drawing powerful analogies across domains; effective Improver/Critic who challenges assumptions constructively.
LTM037866,Mitesh Mani,Associate Principal - Programme and Project Management,People Agility,4.92,5,Expert,4.9,98.0,>= 90th Percentile,Expert People Agility; genuinely Open-Minded - actively seeks perspectives radically unlike their own; exceptional People Smart capability - reads unspoken group dynamics with accuracy; masterful Politically Savvy navigation of complex organisational dynamics; outstanding Communicator who tailors message and medium to every audience; demonstrates exceptional Role Flexibility.
LTM037866,Mitesh Mani,Associate Principal - Programme and Project Management,Change Agility,5.0,5,Expert,4.9,98.0,>= 90th Percentile,Expert Change Agility; prototype Experimenter mindset - proactively tests new approaches and learns rapidly from pilots; highly Comfortable with Ambiguity; compelling Visionary who articulates and energises others around a future state; exceptional Stalwart - sustains effectiveness through prolonged transformation; skilled Innovation Manager who helps others navigate change.
LTM037866,Mitesh Mani,Associate Principal - Programme and Project Management,Results Agility,5.0,5,Expert,4.9,98.0,>= 90th Percentile,Expert Results Agility; demonstrates exceptional Drive - sets highest standards and holds self and others rigorously accountable; commands immediate respect - strong executive Presence; outstanding Resourcefulness in finding paths forward with limited resources; consistently Inspires Others to exceed expectations in first-time situations; maintains exceptional Composure under the most intense pressure.
LTM037866,Mitesh Mani,Associate Principal - Programme and Project Management,Self-Awareness,5.0,5,Expert,4.9,98.0,>= 90th Percentile,"Expert Self-Awareness; exceptionally Feedback-Oriented - proactively solicits critical feedback from all levels and acts on it rapidly; deep Reflective practice - consistently pauses to extract lessons before reacting; precise Self-Knowledge - highly accurate understanding of own strengths, derailers, and impact; maintains a disciplined Personal Development plan; outstanding Emotional Regulation in high-stakes moments."
LTM674918,Diya Sidhu,Specialist - Corporate Strategy,Mental Agility,5.0,5,Expert,4.86,97.0,>= 90th Percentile,Expert-level Mental Agility; demonstrates exceptional Inquisitiveness - asks penetrating 'why' and 'what if' questions that reframe problems; functions as a true Broad Scanner with interests spanning multiple unrelated disciplines; masterful Complexity handling; acts as a Connector drawing powerful analogies across domains; effective Improver/Critic who challenges assumptions constructively.
LTM674918,Diya Sidhu,Specialist - Corporate Strategy,People Agility,4.81,5,Expert,4.86,97.0,>= 90th Percentile,Expert People Agility; genuinely Open-Minded - actively seeks perspectives radically unlike their own; exceptional People Smart capability - reads unspoken group dynamics with accuracy; masterful Politically Savvy navigation of complex organisational dynamics; outstanding Communicator who tailors message and medium to every audience; demonstrates exceptional Role Flexibility.
LTM674918,Diya Sidhu,Specialist - Corporate Strategy,Change Agility,5.0,5,Expert,4.86,97.0,>= 90th Percentile,Expert Change Agility; prototype Experimenter mindset - proactively tests new approaches and learns rapidly from pilots; highly Comfortable with Ambiguity; compelling Visionary who articulates and energises others around a future state; exceptional Stalwart - sustains effectiveness through prolonged transformation; skilled Innovation Manager who helps others navigate change.
LTM674918,Diya Sidhu,Specialist - Corporate Strategy,Results Agility,4.5,4,Advanced,4.86,97.0,>= 90th Percentile,Advanced Results Agility; strong Drive with high self-accountability; solid executive Presence that builds confidence; demonstrates good Resourcefulness; effectively Inspires Others to high performance; maintains Composure well in most high-pressure situations.
LTM674918,Diya Sidhu,Specialist - Corporate Strategy,Self-Awareness,5.0,5,Expert,4.86,97.0,>= 90th Percentile,"Expert Self-Awareness; exceptionally Feedback-Oriented - proactively solicits critical feedback from all levels and acts on it rapidly; deep Reflective practice - consistently pauses to extract lessons before reacting; precise Self-Knowledge - highly accurate understanding of own strengths, derailers, and impact; maintains a disciplined Personal Development plan; outstanding Emotional Regulation in high-stakes moments."
LTM554715,Tamanna Magar,Specialist - Corporate Strategy,Mental Agility,5.0,5,Expert,4.86,97.0,>= 90th Percentile,Expert-level Mental Agility; demonstrates exceptional Inquisitiveness - asks penetrating 'why' and 'what if' questions that reframe problems; functions as a true Broad Scanner with interests spanning multiple unrelated disciplines; masterful Complexity handling; acts as a Connector drawing powerful analogies across domains; effective Improver/Critic who challenges assumptions constructively.
LTM554715,Tamanna Magar,Specialist - Corporate Strategy,People Agility,5.0,5,Expert,4.86,97.0,>= 90th Percentile,Expert People Agility; genuinely Open-Minded - actively seeks perspectives radically unlike their own; exceptional People Smart capability - reads unspoken group dynamics with accuracy; masterful Politically Savvy navigation of complex organisational dynamics; outstanding Communicator who tailors message and medium to every audience; demonstrates exceptional Role Flexibility.
LTM554715,Tamanna Magar,Specialist - Corporate Strategy,Change Agility,4.64,5,Expert,4.86,97.0,>= 90th Percentile,Expert Change Agility; prototype Experimenter mindset - proactively tests new approaches and learns rapidly from pilots; highly Comfortable with Ambiguity; compelling Visionary who articulates and energises others around a future state; exceptional Stalwart - sustains effectiveness through prolonged transformation; skilled Innovation Manager who helps others navigate change.
LTM554715,Tamanna Magar,Specialist - Corporate Strategy,Results Agility,5.0,5,Expert,4.86,97.0,>= 90th Percentile,Expert Results Agility; demonstrates exceptional Drive - sets highest standards and holds self and others rigorously accountable; commands immediate respect - strong executive Presence; outstanding Resourcefulness in finding paths forward with limited resources; consistently Inspires Others to exceed expectations in first-time situations; maintains exceptional Composure under the most intense pressure.
LTM554715,Tamanna Magar,Specialist - Corporate Strategy,Self-Awareness,4.66,5,Expert,4.86,97.0,>= 90th Percentile,"Expert Self-Awareness; exceptionally Feedback-Oriented - proactively solicits critical feedback from all levels and acts on it rapidly; deep Reflective practice - consistently pauses to extract lessons before reacting; precise Self-Knowledge - highly accurate understanding of own strengths, derailers, and impact; maintains a disciplined Personal Development plan; outstanding Emotional Regulation in high-stakes moments."
LTM360215,Upma Naidu,Senior Director - Service Design,Mental Agility,5.0,5,Expert,4.95,99.0,>= 90th Percentile,Expert-level Mental Agility; demonstrates exceptional Inquisitiveness - asks penetrating 'why' and 'what if' questions that reframe problems; functions as a true Broad Scanner with interests spanning multiple unrelated disciplines; masterful Complexity handling; acts as a Connector drawing powerful analogies across domains; effective Improver/Critic who challenges assumptions constructively.
LTM360215,Upma Naidu,Senior Director - Service Design,People Agility,5.0,5,Expert,4.95,99.0,>= 90th Percentile,Expert People Agility; genuinely Open-Minded - actively seeks perspectives radically unlike their own; exceptional People Smart capability - reads unspoken group dynamics with accuracy; masterful Politically Savvy navigation of complex organisational dynamics; outstanding Communicator who tailors message and medium to every audience; demonstrates exceptional Role Flexibility.
LTM360215,Upma Naidu,Senior Director - Service Design,Change Agility,4.75,5,Expert,4.95,99.0,>= 90th Percentile,Expert Change Agility; prototype Experimenter mindset - proactively tests new approaches and learns rapidly from pilots; highly Comfortable with Ambiguity; compelling Visionary who articulates and energises others around a future state; exceptional Stalwart - sustains effectiveness through prolonged transformation; skilled Innovation Manager who helps others navigate change.
LTM360215,Upma Naidu,Senior Director - Service Design,Results Agility,5.0,5,Expert,4.95,99.0,>= 90th Percentile,Expert Results Agility; demonstrates exceptional Drive - sets highest standards and holds self and others rigorously accountable; commands immediate respect - strong executive Presence; outstanding Resourcefulness in finding paths forward with limited resources; consistently Inspires Others to exceed expectations in first-time situations; maintains exceptional Composure under the most intense pressure.
LTM360215,Upma Naidu,Senior Director - Service Design,Self-Awareness,5.0,5,Expert,4.95,99.0,>= 90th Percentile,"Expert Self-Awareness; exceptionally Feedback-Oriented - proactively solicits critical feedback from all levels and acts on it rapidly; deep Reflective practice - consistently pauses to extract lessons before reacting; precise Self-Knowledge - highly accurate understanding of own strengths, derailers, and impact; maintains a disciplined Personal Development plan; outstanding Emotional Regulation in high-stakes moments."
LTM115834,Advaith Luthra,Principal Director - Business Development,Mental Agility,5.0,5,Expert,4.9,98.0,>= 90th Percentile,Expert-level Mental Agility; demonstrates exceptional Inquisitiveness - asks penetrating 'why' and 'what if' questions that reframe problems; functions as a true Broad Scanner with interests spanning multiple unrelated disciplines; masterful Complexity handling; acts as a Connector drawing powerful analogies across domains; effective Improver/Critic who challenges assumptions constructively.
LTM115834,Advaith Luthra,Principal Director - Business Development,People Agility,5.0,5,Expert,4.9,98.0,>= 90th Percentile,Expert People Agility; genuinely Open-Minded - actively seeks perspectives radically unlike their own; exceptional People Smart capability - reads unspoken group dynamics with accuracy; masterful Politically Savvy navigation of complex organisational dynamics; outstanding Communicator who tailors message and medium to every audience; demonstrates exceptional Role Flexibility.
LTM115834,Advaith Luthra,Principal Director - Business Development,Change Agility,5.0,5,Expert,4.9,98.0,>= 90th Percentile,Expert Change Agility; prototype Experimenter mindset - proactively tests new approaches and learns rapidly from pilots; highly Comfortable with Ambiguity; compelling Visionary who articulates and energises others around a future state; exceptional Stalwart - sustains effectiveness through prolonged transformation; skilled Innovation Manager who helps others navigate change.
LTM115834,Advaith Luthra,Principal Director - Business Development,Results Agility,4.51,5,Expert,4.9,98.0,>= 90th Percentile,Expert Results Agility; demonstrates exceptional Drive - sets highest standards and holds self and others rigorously accountable; commands immediate respect - strong executive Presence; outstanding Resourcefulness in finding paths forward with limited resources; consistently Inspires Others to exceed expectations in first-time situations; maintains exceptional Composure under the most intense pressure.
LTM115834,Advaith Luthra,Principal Director - Business Development,Self-Awareness,5.0,5,Expert,4.9,98.0,>= 90th Percentile,"Expert Self-Awareness; exceptionally Feedback-Oriented - proactively solicits critical feedback from all levels and acts on it rapidly; deep Reflective practice - consistently pauses to extract lessons before reacting; precise Self-Knowledge - highly accurate understanding of own strengths, derailers, and impact; maintains a disciplined Personal Development plan; outstanding Emotional Regulation in high-stakes moments."
LTM907587,Liam Golla,Specialist - Corporate Strategy,Mental Agility,4.57,5,Expert,4.55,89.0,>= 90th Percentile,Expert-level Mental Agility; demonstrates exceptional Inquisitiveness - asks penetrating 'why' and 'what if' questions that reframe problems; functions as a true Broad Scanner with interests spanning multiple unrelated disciplines; masterful Complexity handling; acts as a Connector drawing powerful analogies across domains; effective Improver/Critic who challenges assumptions constructively.
LTM907587,Liam Golla,Specialist - Corporate Strategy,People Agility,4.19,4,Advanced,4.55,89.0,>= 90th Percentile,Advanced People Agility; strong Open-Minded orientation; good People Smart - accurately reads most interpersonal dynamics; navigates organisational politics ethically and effectively; tailors communication well; shows good Role Flexibility across different team contexts.
LTM907587,Liam Golla,Specialist - Corporate Strategy,Change Agility,5.0,5,Expert,4.55,89.0,>= 90th Percentile,Expert Change Agility; prototype Experimenter mindset - proactively tests new approaches and learns rapidly from pilots; highly Comfortable with Ambiguity; compelling Visionary who articulates and energises others around a future state; exceptional Stalwart - sustains effectiveness through prolonged transformation; skilled Innovation Manager who helps others navigate change.
LTM907587,Liam Golla,Specialist - Corporate Strategy,Results Agility,4.07,4,Advanced,4.55,89.0,>= 90th Percentile,Advanced Results Agility; strong Drive with high self-accountability; solid executive Presence that builds confidence; demonstrates good Resourcefulness; effectively Inspires Others to high performance; maintains Composure well in most high-pressure situations.
LTM907587,Liam Golla,Specialist - Corporate Strategy,Self-Awareness,4.94,5,Expert,4.55,89.0,>= 90th Percentile,"Expert Self-Awareness; exceptionally Feedback-Oriented - proactively solicits critical feedback from all levels and acts on it rapidly; deep Reflective practice - consistently pauses to extract lessons before reacting; precise Self-Knowledge - highly accurate understanding of own strengths, derailers, and impact; maintains a disciplined Personal Development plan; outstanding Emotional Regulation in high-stakes moments."
LTM533921,Yatan Chand,Specialist - Corporate Strategy,Mental Agility,4.71,5,Expert,4.76,94.0,>= 90th Percentile,Expert-level Mental Agility; demonstrates exceptional Inquisitiveness - asks penetrating 'why' and 'what if' questions that reframe problems; functions as a true Broad Scanner with interests spanning multiple unrelated disciplines; masterful Complexity handling; acts as a Connector drawing powerful analogies across domains; effective Improver/Critic who challenges assumptions constructively.
LTM533921,Yatan Chand,Specialist - Corporate Strategy,People Agility,5.0,5,Expert,4.76,94.0,>= 90th Percentile,Expert People Agility; genuinely Open-Minded - actively seeks perspectives radically unlike their own; exceptional People Smart capability - reads unspoken group dynamics with accuracy; masterful Politically Savvy navigation of complex organisational dynamics; outstanding Communicator who tailors message and medium to every audience; demonstrates exceptional Role Flexibility.
LTM533921,Yatan Chand,Specialist - Corporate Strategy,Change Agility,4.73,5,Expert,4.76,94.0,>= 90th Percentile,Expert Change Agility; prototype Experimenter mindset - proactively tests new approaches and learns rapidly from pilots; highly Comfortable with Ambiguity; compelling Visionary who articulates and energises others around a future state; exceptional Stalwart - sustains effectiveness through prolonged transformation; skilled Innovation Manager who helps others navigate change.
LTM533921,Yatan Chand,Specialist - Corporate Strategy,Results Agility,5.0,5,Expert,4.76,94.0,>= 90th Percentile,Expert Results Agility; demonstrates exceptional Drive - sets highest standards and holds self and others rigorously accountable; commands immediate respect - strong executive Presence; outstanding Resourcefulness in finding paths forward with limited resources; consistently Inspires Others to exceed expectations in first-time situations; maintains exceptional Composure under the most intense pressure.
LTM533921,Yatan Chand,Specialist - Corporate Strategy,Self-Awareness,4.38,4,Advanced,4.76,94.0,>= 90th Percentile,Advanced Self-Awareness; actively seeks and acts on feedback; demonstrates strong Reflective behaviour; generally accurate Self-Knowledge with minor blind spots; follows a consistent Personal Development plan; manages emotional responses well in most high-pressure situations.
LTM273359,Nitesh Sabharwal,Specialist - Corporate Strategy,Mental Agility,5.0,5,Expert,5.0,100.0,>= 90th Percentile,Expert-level Mental Agility; demonstrates exceptional Inquisitiveness - asks penetrating 'why' and 'what if' questions that reframe problems; functions as a true Broad Scanner with interests spanning multiple unrelated disciplines; masterful Complexity handling; acts as a Connector drawing powerful analogies across domains; effective Improver/Critic who challenges assumptions constructively.
LTM273359,Nitesh Sabharwal,Specialist - Corporate Strategy,People Agility,5.0,5,Expert,5.0,100.0,>= 90th Percentile,Expert People Agility; genuinely Open-Minded - actively seeks perspectives radically unlike their own; exceptional People Smart capability - reads unspoken group dynamics with accuracy; masterful Politically Savvy navigation of complex organisational dynamics; outstanding Communicator who tailors message and medium to every audience; demonstrates exceptional Role Flexibility.
LTM273359,Nitesh Sabharwal,Specialist - Corporate Strategy,Change Agility,5.0,5,Expert,5.0,100.0,>= 90th Percentile,Expert Change Agility; prototype Experimenter mindset - proactively tests new approaches and learns rapidly from pilots; highly Comfortable with Ambiguity; compelling Visionary who articulates and energises others around a future state; exceptional Stalwart - sustains effectiveness through prolonged transformation; skilled Innovation Manager who helps others navigate change.
LTM273359,Nitesh Sabharwal,Specialist - Corporate Strategy,Results Agility,5.0,5,Expert,5.0,100.0,>= 90th Percentile,Expert Results Agility; demonstrates exceptional Drive - sets highest standards and holds self and others rigorously accountable; commands immediate respect - strong executive Presence; outstanding Resourcefulness in finding paths forward with limited resources; consistently Inspires Others to exceed expectations in first-time situations; maintains exceptional Composure under the most intense pressure.
LTM273359,Nitesh Sabharwal,Specialist - Corporate Strategy,Self-Awareness,5.0,5,Expert,5.0,100.0,>= 90th Percentile,"Expert Self-Awareness; exceptionally Feedback-Oriented - proactively solicits critical feedback from all levels and acts on it rapidly; deep Reflective practice - consistently pauses to extract lessons before reacting; precise Self-Knowledge - highly accurate understanding of own strengths, derailers, and impact; maintains a disciplined Personal Development plan; outstanding Emotional Regulation in high-stakes moments."
LTM156800,Mitali Rattan,Senior Account Director,Mental Agility,5.0,5,Expert,5.0,100.0,>= 90th Percentile,Expert-level Mental Agility; demonstrates exceptional Inquisitiveness - asks penetrating 'why' and 'what if' questions that reframe problems; functions as a true Broad Scanner with interests spanning multiple unrelated disciplines; masterful Complexity handling; acts as a Connector drawing powerful analogies across domains; effective Improver/Critic who challenges assumptions constructively.
LTM156800,Mitali Rattan,Senior Account Director,People Agility,5.0,5,Expert,5.0,100.0,>= 90th Percentile,Expert People Agility; genuinely Open-Minded - actively seeks perspectives radically unlike their own; exceptional People Smart capability - reads unspoken group dynamics with accuracy; masterful Politically Savvy navigation of complex organisational dynamics; outstanding Communicator who tailors message and medium to every audience; demonstrates exceptional Role Flexibility.
LTM156800,Mitali Rattan,Senior Account Director,Change Agility,5.0,5,Expert,5.0,100.0,>= 90th Percentile,Expert Change Agility; prototype Experimenter mindset - proactively tests new approaches and learns rapidly from pilots; highly Comfortable with Ambiguity; compelling Visionary who articulates and energises others around a future state; exceptional Stalwart - sustains effectiveness through prolonged transformation; skilled Innovation Manager who helps others navigate change.
LTM156800,Mitali Rattan,Senior Account Director,Results Agility,5.0,5,Expert,5.0,100.0,>= 90th Percentile,Expert Results Agility; demonstrates exceptional Drive - sets highest standards and holds self and others rigorously accountable; commands immediate respect - strong executive Presence; outstanding Resourcefulness in finding paths forward with limited resources; consistently Inspires Others to exceed expectations in first-time situations; maintains exceptional Composure under the most intense pressure.
LTM156800,Mitali Rattan,Senior Account Director,Self-Awareness,5.0,5,Expert,5.0,100.0,>= 90th Percentile,"Expert Self-Awareness; exceptionally Feedback-Oriented - proactively solicits critical feedback from all levels and acts on it rapidly; deep Reflective practice - consistently pauses to extract lessons before reacting; precise Self-Knowledge - highly accurate understanding of own strengths, derailers, and impact; maintains a disciplined Personal Development plan; outstanding Emotional Regulation in high-stakes moments."
LTM309244,Lajita Naik,Vice President - Advisory,Mental Agility,5.0,5,Expert,4.74,94.0,>= 90th Percentile,Expert-level Mental Agility; demonstrates exceptional Inquisitiveness - asks penetrating 'why' and 'what if' questions that reframe problems; functions as a true Broad Scanner with interests spanning multiple unrelated disciplines; masterful Complexity handling; acts as a Connector drawing powerful analogies across domains; effective Improver/Critic who challenges assumptions constructively.
LTM309244,Lajita Naik,Vice President - Advisory,People Agility,5.0,5,Expert,4.74,94.0,>= 90th Percentile,Expert People Agility; genuinely Open-Minded - actively seeks perspectives radically unlike their own; exceptional People Smart capability - reads unspoken group dynamics with accuracy; masterful Politically Savvy navigation of complex organisational dynamics; outstanding Communicator who tailors message and medium to every audience; demonstrates exceptional Role Flexibility.
LTM309244,Lajita Naik,Vice President - Advisory,Change Agility,4.05,4,Advanced,4.74,94.0,>= 90th Percentile,Advanced Change Agility; demonstrates strong Experimenter orientation; comfortable with ambiguity in most situations; articulates a clear and motivating vision of change; sustains performance during significant transitions; helps team members adapt to change effectively.
LTM309244,Lajita Naik,Vice President - Advisory,Results Agility,4.65,5,Expert,4.74,94.0,>= 90th Percentile,Expert Results Agility; demonstrates exceptional Drive - sets highest standards and holds self and others rigorously accountable; commands immediate respect - strong executive Presence; outstanding Resourcefulness in finding paths forward with limited resources; consistently Inspires Others to exceed expectations in first-time situations; maintains exceptional Composure under the most intense pressure.
LTM309244,Lajita Naik,Vice President - Advisory,Self-Awareness,5.0,5,Expert,4.74,94.0,>= 90th Percentile,"Expert Self-Awareness; exceptionally Feedback-Oriented - proactively solicits critical feedback from all levels and acts on it rapidly; deep Reflective practice - consistently pauses to extract lessons before reacting; precise Self-Knowledge - highly accurate understanding of own strengths, derailers, and impact; maintains a disciplined Personal Development plan; outstanding Emotional Regulation in high-stakes moments."
LTM816962,Tamanna Varkey,Associate Vice President,Mental Agility,5.0,5,Expert,4.97,99.0,>= 90th Percentile,Expert-level Mental Agility; demonstrates exceptional Inquisitiveness - asks penetrating 'why' and 'what if' questions that reframe problems; functions as a true Broad Scanner with interests spanning multiple unrelated disciplines; masterful Complexity handling; acts as a Connector drawing powerful analogies across domains; effective Improver/Critic who challenges assumptions constructively.
LTM816962,Tamanna Varkey,Associate Vice President,People Agility,5.0,5,Expert,4.97,99.0,>= 90th Percentile,Expert People Agility; genuinely Open-Minded - actively seeks perspectives radically unlike their own; exceptional People Smart capability - reads unspoken group dynamics with accuracy; masterful Politically Savvy navigation of complex organisational dynamics; outstanding Communicator who tailors message and medium to every audience; demonstrates exceptional Role Flexibility.
LTM816962,Tamanna Varkey,Associate Vice President,Change Agility,5.0,5,Expert,4.97,99.0,>= 90th Percentile,Expert Change Agility; prototype Experimenter mindset - proactively tests new approaches and learns rapidly from pilots; highly Comfortable with Ambiguity; compelling Visionary who articulates and energises others around a future state; exceptional Stalwart - sustains effectiveness through prolonged transformation; skilled Innovation Manager who helps others navigate change.
LTM816962,Tamanna Varkey,Associate Vice President,Results Agility,5.0,5,Expert,4.97,99.0,>= 90th Percentile,Expert Results Agility; demonstrates exceptional Drive - sets highest standards and holds self and others rigorously accountable; commands immediate respect - strong executive Presence; outstanding Resourcefulness in finding paths forward with limited resources; consistently Inspires Others to exceed expectations in first-time situations; maintains exceptional Composure under the most intense pressure.
LTM816962,Tamanna Varkey,Associate Vice President,Self-Awareness,4.87,5,Expert,4.97,99.0,>= 90th Percentile,"Expert Self-Awareness; exceptionally Feedback-Oriented - proactively solicits critical feedback from all levels and acts on it rapidly; deep Reflective practice - consistently pauses to extract lessons before reacting; precise Self-Knowledge - highly accurate understanding of own strengths, derailers, and impact; maintains a disciplined Personal Development plan; outstanding Emotional Regulation in high-stakes moments."
LTM936469,Vedhika Sachdev,Principal Director - Cybersecurity,Mental Agility,5.0,5,Expert,4.81,95.0,>= 90th Percentile,Expert-level Mental Agility; demonstrates exceptional Inquisitiveness - asks penetrating 'why' and 'what if' questions that reframe problems; functions as a true Broad Scanner with interests spanning multiple unrelated disciplines; masterful Complexity handling; acts as a Connector drawing powerful analogies across domains; effective Improver/Critic who challenges assumptions constructively.
LTM936469,Vedhika Sachdev,Principal Director - Cybersecurity,People Agility,5.0,5,Expert,4.81,95.0,>= 90th Percentile,Expert People Agility; genuinely Open-Minded - actively seeks perspectives radically unlike their own; exceptional People Smart capability - reads unspoken group dynamics with accuracy; masterful Politically Savvy navigation of complex organisational dynamics; outstanding Communicator who tailors message and medium to every audience; demonstrates exceptional Role Flexibility.
LTM936469,Vedhika Sachdev,Principal Director - Cybersecurity,Change Agility,4.33,4,Advanced,4.81,95.0,>= 90th Percentile,Advanced Change Agility; demonstrates strong Experimenter orientation; comfortable with ambiguity in most situations; articulates a clear and motivating vision of change; sustains performance during significant transitions; helps team members adapt to change effectively.
LTM936469,Vedhika Sachdev,Principal Director - Cybersecurity,Results Agility,5.0,5,Expert,4.81,95.0,>= 90th Percentile,Expert Results Agility; demonstrates exceptional Drive - sets highest standards and holds self and others rigorously accountable; commands immediate respect - strong executive Presence; outstanding Resourcefulness in finding paths forward with limited resources; consistently Inspires Others to exceed expectations in first-time situations; maintains exceptional Composure under the most intense pressure.
LTM936469,Vedhika Sachdev,Principal Director - Cybersecurity,Self-Awareness,4.7,5,Expert,4.81,95.0,>= 90th Percentile,"Expert Self-Awareness; exceptionally Feedback-Oriented - proactively solicits critical feedback from all levels and acts on it rapidly; deep Reflective practice - consistently pauses to extract lessons before reacting; precise Self-Knowledge - highly accurate understanding of own strengths, derailers, and impact; maintains a disciplined Personal Development plan; outstanding Emotional Regulation in high-stakes moments."
LTM164841,Girindra Vasa,Executive Vice President,Mental Agility,4.9,5,Expert,4.76,94.0,>= 90th Percentile,Expert-level Mental Agility; demonstrates exceptional Inquisitiveness - asks penetrating 'why' and 'what if' questions that reframe problems; functions as a true Broad Scanner with interests spanning multiple unrelated disciplines; masterful Complexity handling; acts as a Connector drawing powerful analogies across domains; effective Improver/Critic who challenges assumptions constructively.
LTM164841,Girindra Vasa,Executive Vice President,People Agility,4.76,5,Expert,4.76,94.0,>= 90th Percentile,Expert People Agility; genuinely Open-Minded - actively seeks perspectives radically unlike their own; exceptional People Smart capability - reads unspoken group dynamics with accuracy; masterful Politically Savvy navigation of complex organisational dynamics; outstanding Communicator who tailors message and medium to every audience; demonstrates exceptional Role Flexibility.
LTM164841,Girindra Vasa,Executive Vice President,Change Agility,5.0,5,Expert,4.76,94.0,>= 90th Percentile,Expert Change Agility; prototype Experimenter mindset - proactively tests new approaches and learns rapidly from pilots; highly Comfortable with Ambiguity; compelling Visionary who articulates and energises others around a future state; exceptional Stalwart - sustains effectiveness through prolonged transformation; skilled Innovation Manager who helps others navigate change.
LTM164841,Girindra Vasa,Executive Vice President,Results Agility,4.16,4,Advanced,4.76,94.0,>= 90th Percentile,Advanced Results Agility; strong Drive with high self-accountability; solid executive Presence that builds confidence; demonstrates good Resourcefulness; effectively Inspires Others to high performance; maintains Composure well in most high-pressure situations.
LTM164841,Girindra Vasa,Executive Vice President,Self-Awareness,5.0,5,Expert,4.76,94.0,>= 90th Percentile,"Expert Self-Awareness; exceptionally Feedback-Oriented - proactively solicits critical feedback from all levels and acts on it rapidly; deep Reflective practice - consistently pauses to extract lessons before reacting; precise Self-Knowledge - highly accurate understanding of own strengths, derailers, and impact; maintains a disciplined Personal Development plan; outstanding Emotional Regulation in high-stakes moments."
LTM659857,Zaid Sathe,Executive - Corporate Strategy,Mental Agility,5.0,5,Expert,4.97,99.0,>= 90th Percentile,Expert-level Mental Agility; demonstrates exceptional Inquisitiveness - asks penetrating 'why' and 'what if' questions that reframe problems; functions as a true Broad Scanner with interests spanning multiple unrelated disciplines; masterful Complexity handling; acts as a Connector drawing powerful analogies across domains; effective Improver/Critic who challenges assumptions constructively.
LTM659857,Zaid Sathe,Executive - Corporate Strategy,People Agility,4.96,5,Expert,4.97,99.0,>= 90th Percentile,Expert People Agility; genuinely Open-Minded - actively seeks perspectives radically unlike their own; exceptional People Smart capability - reads unspoken group dynamics with accuracy; masterful Politically Savvy navigation of complex organisational dynamics; outstanding Communicator who tailors message and medium to every audience; demonstrates exceptional Role Flexibility.
LTM659857,Zaid Sathe,Executive - Corporate Strategy,Change Agility,5.0,5,Expert,4.97,99.0,>= 90th Percentile,Expert Change Agility; prototype Experimenter mindset - proactively tests new approaches and learns rapidly from pilots; highly Comfortable with Ambiguity; compelling Visionary who articulates and energises others around a future state; exceptional Stalwart - sustains effectiveness through prolonged transformation; skilled Innovation Manager who helps others navigate change.
LTM659857,Zaid Sathe,Executive - Corporate Strategy,Results Agility,4.87,5,Expert,4.97,99.0,>= 90th Percentile,Expert Results Agility; demonstrates exceptional Drive - sets highest standards and holds self and others rigorously accountable; commands immediate respect - strong executive Presence; outstanding Resourcefulness in finding paths forward with limited resources; consistently Inspires Others to exceed expectations in first-time situations; maintains exceptional Composure under the most intense pressure.
LTM659857,Zaid Sathe,Executive - Corporate Strategy,Self-Awareness,5.0,5,Expert,4.97,99.0,>= 90th Percentile,"Expert Self-Awareness; exceptionally Feedback-Oriented - proactively solicits critical feedback from all levels and acts on it rapidly; deep Reflective practice - consistently pauses to extract lessons before reacting; precise Self-Knowledge - highly accurate understanding of own strengths, derailers, and impact; maintains a disciplined Personal Development plan; outstanding Emotional Regulation in high-stakes moments."
LTM920102,Maanas Sarma,Executive Vice President,Mental Agility,5.0,5,Expert,4.87,97.0,>= 90th Percentile,Expert-level Mental Agility; demonstrates exceptional Inquisitiveness - asks penetrating 'why' and 'what if' questions that reframe problems; functions as a true Broad Scanner with interests spanning multiple unrelated disciplines; masterful Complexity handling; acts as a Connector drawing powerful analogies across domains; effective Improver/Critic who challenges assumptions constructively.
LTM920102,Maanas Sarma,Executive Vice President,People Agility,5.0,5,Expert,4.87,97.0,>= 90th Percentile,Expert People Agility; genuinely Open-Minded - actively seeks perspectives radically unlike their own; exceptional People Smart capability - reads unspoken group dynamics with accuracy; masterful Politically Savvy navigation of complex organisational dynamics; outstanding Communicator who tailors message and medium to every audience; demonstrates exceptional Role Flexibility.
LTM920102,Maanas Sarma,Executive Vice President,Change Agility,5.0,5,Expert,4.87,97.0,>= 90th Percentile,Expert Change Agility; prototype Experimenter mindset - proactively tests new approaches and learns rapidly from pilots; highly Comfortable with Ambiguity; compelling Visionary who articulates and energises others around a future state; exceptional Stalwart - sustains effectiveness through prolonged transformation; skilled Innovation Manager who helps others navigate change.
LTM920102,Maanas Sarma,Executive Vice President,Results Agility,5.0,5,Expert,4.87,97.0,>= 90th Percentile,Expert Results Agility; demonstrates exceptional Drive - sets highest standards and holds self and others rigorously accountable; commands immediate respect - strong executive Presence; outstanding Resourcefulness in finding paths forward with limited resources; consistently Inspires Others to exceed expectations in first-time situations; maintains exceptional Composure under the most intense pressure.
LTM920102,Maanas Sarma,Executive Vice President,Self-Awareness,4.33,4,Advanced,4.87,97.0,>= 90th Percentile,Advanced Self-Awareness; actively seeks and acts on feedback; demonstrates strong Reflective behaviour; generally accurate Self-Knowledge with minor blind spots; follows a consistent Personal Development plan; manages emotional responses well in most high-pressure situations.
LTM752674,Darsh Balakrishnan,Senior Vice President,Mental Agility,4.68,5,Expert,4.83,96.0,>= 90th Percentile,Expert-level Mental Agility; demonstrates exceptional Inquisitiveness - asks penetrating 'why' and 'what if' questions that reframe problems; functions as a true Broad Scanner with interests spanning multiple unrelated disciplines; masterful Complexity handling; acts as a Connector drawing powerful analogies across domains; effective Improver/Critic who challenges assumptions constructively.
LTM752674,Darsh Balakrishnan,Senior Vice President,People Agility,5.0,5,Expert,4.83,96.0,>= 90th Percentile,Expert People Agility; genuinely Open-Minded - actively seeks perspectives radically unlike their own; exceptional People Smart capability - reads unspoken group dynamics with accuracy; masterful Politically Savvy navigation of complex organisational dynamics; outstanding Communicator who tailors message and medium to every audience; demonstrates exceptional Role Flexibility.
LTM752674,Darsh Balakrishnan,Senior Vice President,Change Agility,4.48,4,Advanced,4.83,96.0,>= 90th Percentile,Advanced Change Agility; demonstrates strong Experimenter orientation; comfortable with ambiguity in most situations; articulates a clear and motivating vision of change; sustains performance during significant transitions; helps team members adapt to change effectively.
LTM752674,Darsh Balakrishnan,Senior Vice President,Results Agility,5.0,5,Expert,4.83,96.0,>= 90th Percentile,Expert Results Agility; demonstrates exceptional Drive - sets highest standards and holds self and others rigorously accountable; commands immediate respect - strong executive Presence; outstanding Resourcefulness in finding paths forward with limited resources; consistently Inspires Others to exceed expectations in first-time situations; maintains exceptional Composure under the most intense pressure.
LTM752674,Darsh Balakrishnan,Senior Vice President,Self-Awareness,5.0,5,Expert,4.83,96.0,>= 90th Percentile,"Expert Self-Awareness; exceptionally Feedback-Oriented - proactively solicits critical feedback from all levels and acts on it rapidly; deep Reflective practice - consistently pauses to extract lessons before reacting; precise Self-Knowledge - highly accurate understanding of own strengths, derailers, and impact; maintains a disciplined Personal Development plan; outstanding Emotional Regulation in high-stakes moments."
LTM345199,Fariq Mukhopadhyay,Senior Specialist - Cybersecurity,Mental Agility,4.56,5,Expert,4.76,94.0,>= 90th Percentile,Expert-level Mental Agility; demonstrates exceptional Inquisitiveness - asks penetrating 'why' and 'what if' questions that reframe problems; functions as a true Broad Scanner with interests spanning multiple unrelated disciplines; masterful Complexity handling; acts as a Connector drawing powerful analogies across domains; effective Improver/Critic who challenges assumptions constructively.
LTM345199,Fariq Mukhopadhyay,Senior Specialist - Cybersecurity,People Agility,5.0,5,Expert,4.76,94.0,>= 90th Percentile,Expert People Agility; genuinely Open-Minded - actively seeks perspectives radically unlike their own; exceptional People Smart capability - reads unspoken group dynamics with accuracy; masterful Politically Savvy navigation of complex organisational dynamics; outstanding Communicator who tailors message and medium to every audience; demonstrates exceptional Role Flexibility.
LTM345199,Fariq Mukhopadhyay,Senior Specialist - Cybersecurity,Change Agility,4.25,4,Advanced,4.76,94.0,>= 90th Percentile,Advanced Change Agility; demonstrates strong Experimenter orientation; comfortable with ambiguity in most situations; articulates a clear and motivating vision of change; sustains performance during significant transitions; helps team members adapt to change effectively.
LTM345199,Fariq Mukhopadhyay,Senior Specialist - Cybersecurity,Results Agility,5.0,5,Expert,4.76,94.0,>= 90th Percentile,Expert Results Agility; demonstrates exceptional Drive - sets highest standards and holds self and others rigorously accountable; commands immediate respect - strong executive Presence; outstanding Resourcefulness in finding paths forward with limited resources; consistently Inspires Others to exceed expectations in first-time situations; maintains exceptional Composure under the most intense pressure.
LTM345199,Fariq Mukhopadhyay,Senior Specialist - Cybersecurity,Self-Awareness,5.0,5,Expert,4.76,94.0,>= 90th Percentile,"Expert Self-Awareness; exceptionally Feedback-Oriented - proactively solicits critical feedback from all levels and acts on it rapidly; deep Reflective practice - consistently pauses to extract lessons before reacting; precise Self-Knowledge - highly accurate understanding of own strengths, derailers, and impact; maintains a disciplined Personal Development plan; outstanding Emotional Regulation in high-stakes moments."
LTM438707,Tanvi Chander,Specialist - Corporate Strategy,Mental Agility,5.0,5,Expert,4.82,96.0,>= 90th Percentile,Expert-level Mental Agility; demonstrates exceptional Inquisitiveness - asks penetrating 'why' and 'what if' questions that reframe problems; functions as a true Broad Scanner with interests spanning multiple unrelated disciplines; masterful Complexity handling; acts as a Connector drawing powerful analogies across domains; effective Improver/Critic who challenges assumptions constructively.
LTM438707,Tanvi Chander,Specialist - Corporate Strategy,People Agility,5.0,5,Expert,4.82,96.0,>= 90th Percentile,Expert People Agility; genuinely Open-Minded - actively seeks perspectives radically unlike their own; exceptional People Smart capability - reads unspoken group dynamics with accuracy; masterful Politically Savvy navigation of complex organisational dynamics; outstanding Communicator who tailors message and medium to every audience; demonstrates exceptional Role Flexibility.
LTM438707,Tanvi Chander,Specialist - Corporate Strategy,Change Agility,5.0,5,Expert,4.82,96.0,>= 90th Percentile,Expert Change Agility; prototype Experimenter mindset - proactively tests new approaches and learns rapidly from pilots; highly Comfortable with Ambiguity; compelling Visionary who articulates and energises others around a future state; exceptional Stalwart - sustains effectiveness through prolonged transformation; skilled Innovation Manager who helps others navigate change.
LTM438707,Tanvi Chander,Specialist - Corporate Strategy,Results Agility,4.66,5,Expert,4.82,96.0,>= 90th Percentile,Expert Results Agility; demonstrates exceptional Drive - sets highest standards and holds self and others rigorously accountable; commands immediate respect - strong executive Presence; outstanding Resourcefulness in finding paths forward with limited resources; consistently Inspires Others to exceed expectations in first-time situations; maintains exceptional Composure under the most intense pressure.
LTM438707,Tanvi Chander,Specialist - Corporate Strategy,Self-Awareness,4.43,4,Advanced,4.82,96.0,>= 90th Percentile,Advanced Self-Awareness; actively seeks and acts on feedback; demonstrates strong Reflective behaviour; generally accurate Self-Knowledge with minor blind spots; follows a consistent Personal Development plan; manages emotional responses well in most high-pressure situations.
LTM122418,Dakshesh Shenoy,Senior Director - Practice Sales,Mental Agility,5.0,5,Expert,4.87,97.0,>= 90th Percentile,Expert-level Mental Agility; demonstrates exceptional Inquisitiveness - asks penetrating 'why' and 'what if' questions that reframe problems; functions as a true Broad Scanner with interests spanning multiple unrelated disciplines; masterful Complexity handling; acts as a Connector drawing powerful analogies across domains; effective Improver/Critic who challenges assumptions constructively.
LTM122418,Dakshesh Shenoy,Senior Director - Practice Sales,People Agility,4.61,5,Expert,4.87,97.0,>= 90th Percentile,Expert People Agility; genuinely Open-Minded - actively seeks perspectives radically unlike their own; exceptional People Smart capability - reads unspoken group dynamics with accuracy; masterful Politically Savvy navigation of complex organisational dynamics; outstanding Communicator who tailors message and medium to every audience; demonstrates exceptional Role Flexibility.
LTM122418,Dakshesh Shenoy,Senior Director - Practice Sales,Change Agility,4.76,5,Expert,4.87,97.0,>= 90th Percentile,Expert Change Agility; prototype Experimenter mindset - proactively tests new approaches and learns rapidly from pilots; highly Comfortable with Ambiguity; compelling Visionary who articulates and energises others around a future state; exceptional Stalwart - sustains effectiveness through prolonged transformation; skilled Innovation Manager who helps others navigate change.
LTM122418,Dakshesh Shenoy,Senior Director - Practice Sales,Results Agility,5.0,5,Expert,4.87,97.0,>= 90th Percentile,Expert Results Agility; demonstrates exceptional Drive - sets highest standards and holds self and others rigorously accountable; commands immediate respect - strong executive Presence; outstanding Resourcefulness in finding paths forward with limited resources; consistently Inspires Others to exceed expectations in first-time situations; maintains exceptional Composure under the most intense pressure.
LTM122418,Dakshesh Shenoy,Senior Director - Practice Sales,Self-Awareness,5.0,5,Expert,4.87,97.0,>= 90th Percentile,"Expert Self-Awareness; exceptionally Feedback-Oriented - proactively solicits critical feedback from all levels and acts on it rapidly; deep Reflective practice - consistently pauses to extract lessons before reacting; precise Self-Knowledge - highly accurate understanding of own strengths, derailers, and impact; maintains a disciplined Personal Development plan; outstanding Emotional Regulation in high-stakes moments."
LTM018413,Faraj Tara,Executive - Corporate Strategy,Mental Agility,5.0,5,Expert,4.9,98.0,>= 90th Percentile,Expert-level Mental Agility; demonstrates exceptional Inquisitiveness - asks penetrating 'why' and 'what if' questions that reframe problems; functions as a true Broad Scanner with interests spanning multiple unrelated disciplines; masterful Complexity handling; acts as a Connector drawing powerful analogies across domains; effective Improver/Critic who challenges assumptions constructively.
LTM018413,Faraj Tara,Executive - Corporate Strategy,People Agility,5.0,5,Expert,4.9,98.0,>= 90th Percentile,Expert People Agility; genuinely Open-Minded - actively seeks perspectives radically unlike their own; exceptional People Smart capability - reads unspoken group dynamics with accuracy; masterful Politically Savvy navigation of complex organisational dynamics; outstanding Communicator who tailors message and medium to every audience; demonstrates exceptional Role Flexibility.
LTM018413,Faraj Tara,Executive - Corporate Strategy,Change Agility,5.0,5,Expert,4.9,98.0,>= 90th Percentile,Expert Change Agility; prototype Experimenter mindset - proactively tests new approaches and learns rapidly from pilots; highly Comfortable with Ambiguity; compelling Visionary who articulates and energises others around a future state; exceptional Stalwart - sustains effectiveness through prolonged transformation; skilled Innovation Manager who helps others navigate change.
LTM018413,Faraj Tara,Executive - Corporate Strategy,Results Agility,4.52,5,Expert,4.9,98.0,>= 90th Percentile,Expert Results Agility; demonstrates exceptional Drive - sets highest standards and holds self and others rigorously accountable; commands immediate respect - strong executive Presence; outstanding Resourcefulness in finding paths forward with limited resources; consistently Inspires Others to exceed expectations in first-time situations; maintains exceptional Composure under the most intense pressure.
LTM018413,Faraj Tara,Executive - Corporate Strategy,Self-Awareness,5.0,5,Expert,4.9,98.0,>= 90th Percentile,"Expert Self-Awareness; exceptionally Feedback-Oriented - proactively solicits critical feedback from all levels and acts on it rapidly; deep Reflective practice - consistently pauses to extract lessons before reacting; precise Self-Knowledge - highly accurate understanding of own strengths, derailers, and impact; maintains a disciplined Personal Development plan; outstanding Emotional Regulation in high-stakes moments."
LTM048242,Yashoda Mahajan,Associate Principal - Secretarial,Mental Agility,5.0,5,Expert,4.93,98.0,>= 90th Percentile,Expert-level Mental Agility; demonstrates exceptional Inquisitiveness - asks penetrating 'why' and 'what if' questions that reframe problems; functions as a true Broad Scanner with interests spanning multiple unrelated disciplines; masterful Complexity handling; acts as a Connector drawing powerful analogies across domains; effective Improver/Critic who challenges assumptions constructively.
LTM048242,Yashoda Mahajan,Associate Principal - Secretarial,People Agility,4.97,5,Expert,4.93,98.0,>= 90th Percentile,Expert People Agility; genuinely Open-Minded - actively seeks perspectives radically unlike their own; exceptional People Smart capability - reads unspoken group dynamics with accuracy; masterful Politically Savvy navigation of complex organisational dynamics; outstanding Communicator who tailors message and medium to every audience; demonstrates exceptional Role Flexibility.
LTM048242,Yashoda Mahajan,Associate Principal - Secretarial,Change Agility,4.69,5,Expert,4.93,98.0,>= 90th Percentile,Expert Change Agility; prototype Experimenter mindset - proactively tests new approaches and learns rapidly from pilots; highly Comfortable with Ambiguity; compelling Visionary who articulates and energises others around a future state; exceptional Stalwart - sustains effectiveness through prolonged transformation; skilled Innovation Manager who helps others navigate change.
LTM048242,Yashoda Mahajan,Associate Principal - Secretarial,Results Agility,4.97,5,Expert,4.93,98.0,>= 90th Percentile,Expert Results Agility; demonstrates exceptional Drive - sets highest standards and holds self and others rigorously accountable; commands immediate respect - strong executive Presence; outstanding Resourcefulness in finding paths forward with limited resources; consistently Inspires Others to exceed expectations in first-time situations; maintains exceptional Composure under the most intense pressure.
LTM048242,Yashoda Mahajan,Associate Principal - Secretarial,Self-Awareness,5.0,5,Expert,4.93,98.0,>= 90th Percentile,"Expert Self-Awareness; exceptionally Feedback-Oriented - proactively solicits critical feedback from all levels and acts on it rapidly; deep Reflective practice - consistently pauses to extract lessons before reacting; precise Self-Knowledge - highly accurate understanding of own strengths, derailers, and impact; maintains a disciplined Personal Development plan; outstanding Emotional Regulation in high-stakes moments."
LTM507912,Warhi Sodhi,Associate Principal - Programme and Project Management,Mental Agility,5.0,5,Expert,5.0,100.0,>= 90th Percentile,Expert-level Mental Agility; demonstrates exceptional Inquisitiveness - asks penetrating 'why' and 'what if' questions that reframe problems; functions as a true Broad Scanner with interests spanning multiple unrelated disciplines; masterful Complexity handling; acts as a Connector drawing powerful analogies across domains; effective Improver/Critic who challenges assumptions constructively.
LTM507912,Warhi Sodhi,Associate Principal - Programme and Project Management,People Agility,5.0,5,Expert,5.0,100.0,>= 90th Percentile,Expert People Agility; genuinely Open-Minded - actively seeks perspectives radically unlike their own; exceptional People Smart capability - reads unspoken group dynamics with accuracy; masterful Politically Savvy navigation of complex organisational dynamics; outstanding Communicator who tailors message and medium to every audience; demonstrates exceptional Role Flexibility.
LTM507912,Warhi Sodhi,Associate Principal - Programme and Project Management,Change Agility,5.0,5,Expert,5.0,100.0,>= 90th Percentile,Expert Change Agility; prototype Experimenter mindset - proactively tests new approaches and learns rapidly from pilots; highly Comfortable with Ambiguity; compelling Visionary who articulates and energises others around a future state; exceptional Stalwart - sustains effectiveness through prolonged transformation; skilled Innovation Manager who helps others navigate change.
LTM507912,Warhi Sodhi,Associate Principal - Programme and Project Management,Results Agility,5.0,5,Expert,5.0,100.0,>= 90th Percentile,Expert Results Agility; demonstrates exceptional Drive - sets highest standards and holds self and others rigorously accountable; commands immediate respect - strong executive Presence; outstanding Resourcefulness in finding paths forward with limited resources; consistently Inspires Others to exceed expectations in first-time situations; maintains exceptional Composure under the most intense pressure.
LTM507912,Warhi Sodhi,Associate Principal - Programme and Project Management,Self-Awareness,5.0,5,Expert,5.0,100.0,>= 90th Percentile,"Expert Self-Awareness; exceptionally Feedback-Oriented - proactively solicits critical feedback from all levels and acts on it rapidly; deep Reflective practice - consistently pauses to extract lessons before reacting; precise Self-Knowledge - highly accurate understanding of own strengths, derailers, and impact; maintains a disciplined Personal Development plan; outstanding Emotional Regulation in high-stakes moments."
LTM680830,Vedant Dhillon,Senior Specialist - Corporate Strategy,Mental Agility,4.51,5,Expert,4.37,84.0,75th-89th Percentile,Expert-level Mental Agility; demonstrates exceptional Inquisitiveness - asks penetrating 'why' and 'what if' questions that reframe problems; functions as a true Broad Scanner with interests spanning multiple unrelated disciplines; masterful Complexity handling; acts as a Connector drawing powerful analogies across domains; effective Improver/Critic who challenges assumptions constructively.
LTM680830,Vedant Dhillon,Senior Specialist - Corporate Strategy,People Agility,3.74,4,Advanced,4.37,84.0,75th-89th Percentile,Advanced People Agility; strong Open-Minded orientation; good People Smart - accurately reads most interpersonal dynamics; navigates organisational politics ethically and effectively; tailors communication well; shows good Role Flexibility across different team contexts.
LTM680830,Vedant Dhillon,Senior Specialist - Corporate Strategy,Change Agility,4.87,5,Expert,4.37,84.0,75th-89th Percentile,Expert Change Agility; prototype Experimenter mindset - proactively tests new approaches and learns rapidly from pilots; highly Comfortable with Ambiguity; compelling Visionary who articulates and energises others around a future state; exceptional Stalwart - sustains effectiveness through prolonged transformation; skilled Innovation Manager who helps others navigate change.
LTM680830,Vedant Dhillon,Senior Specialist - Corporate Strategy,Results Agility,4.12,4,Advanced,4.37,84.0,75th-89th Percentile,Advanced Results Agility; strong Drive with high self-accountability; solid executive Presence that builds confidence; demonstrates good Resourcefulness; effectively Inspires Others to high performance; maintains Composure well in most high-pressure situations.
LTM680830,Vedant Dhillon,Senior Specialist - Corporate Strategy,Self-Awareness,4.61,5,Expert,4.37,84.0,75th-89th Percentile,"Expert Self-Awareness; exceptionally Feedback-Oriented - proactively solicits critical feedback from all levels and acts on it rapidly; deep Reflective practice - consistently pauses to extract lessons before reacting; precise Self-Knowledge - highly accurate understanding of own strengths, derailers, and impact; maintains a disciplined Personal Development plan; outstanding Emotional Regulation in high-stakes moments."
LTM403675,Ikshita Trivedi,Associate Principal - Secretarial,Mental Agility,3.98,4,Advanced,4.72,93.0,>= 90th Percentile,Advanced Mental Agility; strong Inquisitiveness and Broad Scanning behaviour; handles complexity well; makes useful connections across disciplines; challenges existing approaches constructively; solid critical and creative problem-solving capability.
LTM403675,Ikshita Trivedi,Associate Principal - Secretarial,People Agility,4.63,5,Expert,4.72,93.0,>= 90th Percentile,Expert People Agility; genuinely Open-Minded - actively seeks perspectives radically unlike their own; exceptional People Smart capability - reads unspoken group dynamics with accuracy; masterful Politically Savvy navigation of complex organisational dynamics; outstanding Communicator who tailors message and medium to every audience; demonstrates exceptional Role Flexibility.
LTM403675,Ikshita Trivedi,Associate Principal - Secretarial,Change Agility,5.0,5,Expert,4.72,93.0,>= 90th Percentile,Expert Change Agility; prototype Experimenter mindset - proactively tests new approaches and learns rapidly from pilots; highly Comfortable with Ambiguity; compelling Visionary who articulates and energises others around a future state; exceptional Stalwart - sustains effectiveness through prolonged transformation; skilled Innovation Manager who helps others navigate change.
LTM403675,Ikshita Trivedi,Associate Principal - Secretarial,Results Agility,5.0,5,Expert,4.72,93.0,>= 90th Percentile,Expert Results Agility; demonstrates exceptional Drive - sets highest standards and holds self and others rigorously accountable; commands immediate respect - strong executive Presence; outstanding Resourcefulness in finding paths forward with limited resources; consistently Inspires Others to exceed expectations in first-time situations; maintains exceptional Composure under the most intense pressure.
LTM403675,Ikshita Trivedi,Associate Principal - Secretarial,Self-Awareness,5.0,5,Expert,4.72,93.0,>= 90th Percentile,"Expert Self-Awareness; exceptionally Feedback-Oriented - proactively solicits critical feedback from all levels and acts on it rapidly; deep Reflective practice - consistently pauses to extract lessons before reacting; precise Self-Knowledge - highly accurate understanding of own strengths, derailers, and impact; maintains a disciplined Personal Development plan; outstanding Emotional Regulation in high-stakes moments."
LTM345845,Bakhshi Majumdar,Associate Vice President - Finance,Mental Agility,5.0,5,Expert,4.61,90.0,>= 90th Percentile,Expert-level Mental Agility; demonstrates exceptional Inquisitiveness - asks penetrating 'why' and 'what if' questions that reframe problems; functions as a true Broad Scanner with interests spanning multiple unrelated disciplines; masterful Complexity handling; acts as a Connector drawing powerful analogies across domains; effective Improver/Critic who challenges assumptions constructively.
LTM345845,Bakhshi Majumdar,Associate Vice President - Finance,People Agility,4.91,5,Expert,4.61,90.0,>= 90th Percentile,Expert People Agility; genuinely Open-Minded - actively seeks perspectives radically unlike their own; exceptional People Smart capability - reads unspoken group dynamics with accuracy; masterful Politically Savvy navigation of complex organisational dynamics; outstanding Communicator who tailors message and medium to every audience; demonstrates exceptional Role Flexibility.
LTM345845,Bakhshi Majumdar,Associate Vice President - Finance,Change Agility,5.0,5,Expert,4.61,90.0,>= 90th Percentile,Expert Change Agility; prototype Experimenter mindset - proactively tests new approaches and learns rapidly from pilots; highly Comfortable with Ambiguity; compelling Visionary who articulates and energises others around a future state; exceptional Stalwart - sustains effectiveness through prolonged transformation; skilled Innovation Manager who helps others navigate change.
LTM345845,Bakhshi Majumdar,Associate Vice President - Finance,Results Agility,5.0,5,Expert,4.61,90.0,>= 90th Percentile,Expert Results Agility; demonstrates exceptional Drive - sets highest standards and holds self and others rigorously accountable; commands immediate respect - strong executive Presence; outstanding Resourcefulness in finding paths forward with limited resources; consistently Inspires Others to exceed expectations in first-time situations; maintains exceptional Composure under the most intense pressure.
LTM345845,Bakhshi Majumdar,Associate Vice President - Finance,Self-Awareness,3.15,3,Developing,4.61,90.0,>= 90th Percentile,Developing-to-Effective Self-Awareness; accepts feedback constructively; engages in Reflective practice when prompted; reasonably accurate Self-Knowledge though some blind spots remain; maintains a Personal Development plan with periodic follow-through; adequate Emotional Regulation.
LTM648562,Panini Tripathi,Associate Principal - Programme and Project Management,Mental Agility,3.84,4,Advanced,4.66,92.0,>= 90th Percentile,Advanced Mental Agility; strong Inquisitiveness and Broad Scanning behaviour; handles complexity well; makes useful connections across disciplines; challenges existing approaches constructively; solid critical and creative problem-solving capability.
LTM648562,Panini Tripathi,Associate Principal - Programme and Project Management,People Agility,5.0,5,Expert,4.66,92.0,>= 90th Percentile,Expert People Agility; genuinely Open-Minded - actively seeks perspectives radically unlike their own; exceptional People Smart capability - reads unspoken group dynamics with accuracy; masterful Politically Savvy navigation of complex organisational dynamics; outstanding Communicator who tailors message and medium to every audience; demonstrates exceptional Role Flexibility.
LTM648562,Panini Tripathi,Associate Principal - Programme and Project Management,Change Agility,5.0,5,Expert,4.66,92.0,>= 90th Percentile,Expert Change Agility; prototype Experimenter mindset - proactively tests new approaches and learns rapidly from pilots; highly Comfortable with Ambiguity; compelling Visionary who articulates and energises others around a future state; exceptional Stalwart - sustains effectiveness through prolonged transformation; skilled Innovation Manager who helps others navigate change.
LTM648562,Panini Tripathi,Associate Principal - Programme and Project Management,Results Agility,4.45,4,Advanced,4.66,92.0,>= 90th Percentile,Advanced Results Agility; strong Drive with high self-accountability; solid executive Presence that builds confidence; demonstrates good Resourcefulness; effectively Inspires Others to high performance; maintains Composure well in most high-pressure situations.
LTM648562,Panini Tripathi,Associate Principal - Programme and Project Management,Self-Awareness,5.0,5,Expert,4.66,92.0,>= 90th Percentile,"Expert Self-Awareness; exceptionally Feedback-Oriented - proactively solicits critical feedback from all levels and acts on it rapidly; deep Reflective practice - consistently pauses to extract lessons before reacting; precise Self-Knowledge - highly accurate understanding of own strengths, derailers, and impact; maintains a disciplined Personal Development plan; outstanding Emotional Regulation in high-stakes moments."
LTM684317,Aadhya Mandal,Executive - Corporate Strategy,Mental Agility,4.58,5,Expert,4.75,94.0,>= 90th Percentile,Expert-level Mental Agility; demonstrates exceptional Inquisitiveness - asks penetrating 'why' and 'what if' questions that reframe problems; functions as a true Broad Scanner with interests spanning multiple unrelated disciplines; masterful Complexity handling; acts as a Connector drawing powerful analogies across domains; effective Improver/Critic who challenges assumptions constructively.
LTM684317,Aadhya Mandal,Executive - Corporate Strategy,People Agility,5.0,5,Expert,4.75,94.0,>= 90th Percentile,Expert People Agility; genuinely Open-Minded - actively seeks perspectives radically unlike their own; exceptional People Smart capability - reads unspoken group dynamics with accuracy; masterful Politically Savvy navigation of complex organisational dynamics; outstanding Communicator who tailors message and medium to every audience; demonstrates exceptional Role Flexibility.
LTM684317,Aadhya Mandal,Executive - Corporate Strategy,Change Agility,4.16,4,Advanced,4.75,94.0,>= 90th Percentile,Advanced Change Agility; demonstrates strong Experimenter orientation; comfortable with ambiguity in most situations; articulates a clear and motivating vision of change; sustains performance during significant transitions; helps team members adapt to change effectively.
LTM684317,Aadhya Mandal,Executive - Corporate Strategy,Results Agility,5.0,5,Expert,4.75,94.0,>= 90th Percentile,Expert Results Agility; demonstrates exceptional Drive - sets highest standards and holds self and others rigorously accountable; commands immediate respect - strong executive Presence; outstanding Resourcefulness in finding paths forward with limited resources; consistently Inspires Others to exceed expectations in first-time situations; maintains exceptional Composure under the most intense pressure.
LTM684317,Aadhya Mandal,Executive - Corporate Strategy,Self-Awareness,5.0,5,Expert,4.75,94.0,>= 90th Percentile,"Expert Self-Awareness; exceptionally Feedback-Oriented - proactively solicits critical feedback from all levels and acts on it rapidly; deep Reflective practice - consistently pauses to extract lessons before reacting; precise Self-Knowledge - highly accurate understanding of own strengths, derailers, and impact; maintains a disciplined Personal Development plan; outstanding Emotional Regulation in high-stakes moments."
LTM106233,Krishna Shah,Executive - Corporate Strategy,Mental Agility,5.0,5,Expert,4.82,96.0,>= 90th Percentile,Expert-level Mental Agility; demonstrates exceptional Inquisitiveness - asks penetrating 'why' and 'what if' questions that reframe problems; functions as a true Broad Scanner with interests spanning multiple unrelated disciplines; masterful Complexity handling; acts as a Connector drawing powerful analogies across domains; effective Improver/Critic who challenges assumptions constructively.
LTM106233,Krishna Shah,Executive - Corporate Strategy,People Agility,5.0,5,Expert,4.82,96.0,>= 90th Percentile,Expert People Agility; genuinely Open-Minded - actively seeks perspectives radically unlike their own; exceptional People Smart capability - reads unspoken group dynamics with accuracy; masterful Politically Savvy navigation of complex organisational dynamics; outstanding Communicator who tailors message and medium to every audience; demonstrates exceptional Role Flexibility.
LTM106233,Krishna Shah,Executive - Corporate Strategy,Change Agility,4.89,5,Expert,4.82,96.0,>= 90th Percentile,Expert Change Agility; prototype Experimenter mindset - proactively tests new approaches and learns rapidly from pilots; highly Comfortable with Ambiguity; compelling Visionary who articulates and energises others around a future state; exceptional Stalwart - sustains effectiveness through prolonged transformation; skilled Innovation Manager who helps others navigate change.
LTM106233,Krishna Shah,Executive - Corporate Strategy,Results Agility,5.0,5,Expert,4.82,96.0,>= 90th Percentile,Expert Results Agility; demonstrates exceptional Drive - sets highest standards and holds self and others rigorously accountable; commands immediate respect - strong executive Presence; outstanding Resourcefulness in finding paths forward with limited resources; consistently Inspires Others to exceed expectations in first-time situations; maintains exceptional Composure under the most intense pressure.
LTM106233,Krishna Shah,Executive - Corporate Strategy,Self-Awareness,4.22,4,Advanced,4.82,96.0,>= 90th Percentile,Advanced Self-Awareness; actively seeks and acts on feedback; demonstrates strong Reflective behaviour; generally accurate Self-Knowledge with minor blind spots; follows a consistent Personal Development plan; manages emotional responses well in most high-pressure situations.
LTM506374,Ijaya Khare,Senior Specialist - Cybersecurity,Mental Agility,5.0,5,Expert,4.82,96.0,>= 90th Percentile,Expert-level Mental Agility; demonstrates exceptional Inquisitiveness - asks penetrating 'why' and 'what if' questions that reframe problems; functions as a true Broad Scanner with interests spanning multiple unrelated disciplines; masterful Complexity handling; acts as a Connector drawing powerful analogies across domains; effective Improver/Critic who challenges assumptions constructively.
LTM506374,Ijaya Khare,Senior Specialist - Cybersecurity,People Agility,4.2,4,Advanced,4.82,96.0,>= 90th Percentile,Advanced People Agility; strong Open-Minded orientation; good People Smart - accurately reads most interpersonal dynamics; navigates organisational politics ethically and effectively; tailors communication well; shows good Role Flexibility across different team contexts.
LTM506374,Ijaya Khare,Senior Specialist - Cybersecurity,Change Agility,4.88,5,Expert,4.82,96.0,>= 90th Percentile,Expert Change Agility; prototype Experimenter mindset - proactively tests new approaches and learns rapidly from pilots; highly Comfortable with Ambiguity; compelling Visionary who articulates and energises others around a future state; exceptional Stalwart - sustains effectiveness through prolonged transformation; skilled Innovation Manager who helps others navigate change.
LTM506374,Ijaya Khare,Senior Specialist - Cybersecurity,Results Agility,5.0,5,Expert,4.82,96.0,>= 90th Percentile,Expert Results Agility; demonstrates exceptional Drive - sets highest standards and holds self and others rigorously accountable; commands immediate respect - strong executive Presence; outstanding Resourcefulness in finding paths forward with limited resources; consistently Inspires Others to exceed expectations in first-time situations; maintains exceptional Composure under the most intense pressure.
LTM506374,Ijaya Khare,Senior Specialist - Cybersecurity,Self-Awareness,5.0,5,Expert,4.82,96.0,>= 90th Percentile,"Expert Self-Awareness; exceptionally Feedback-Oriented - proactively solicits critical feedback from all levels and acts on it rapidly; deep Reflective practice - consistently pauses to extract lessons before reacting; precise Self-Knowledge - highly accurate understanding of own strengths, derailers, and impact; maintains a disciplined Personal Development plan; outstanding Emotional Regulation in high-stakes moments."
LTM835400,Nathan Solanki,Senior Executive - Corporate Strategy,Mental Agility,4.91,5,Expert,4.69,92.0,>= 90th Percentile,Expert-level Mental Agility; demonstrates exceptional Inquisitiveness - asks penetrating 'why' and 'what if' questions that reframe problems; functions as a true Broad Scanner with interests spanning multiple unrelated disciplines; masterful Complexity handling; acts as a Connector drawing powerful analogies across domains; effective Improver/Critic who challenges assumptions constructively.
LTM835400,Nathan Solanki,Senior Executive - Corporate Strategy,People Agility,5.0,5,Expert,4.69,92.0,>= 90th Percentile,Expert People Agility; genuinely Open-Minded - actively seeks perspectives radically unlike their own; exceptional People Smart capability - reads unspoken group dynamics with accuracy; masterful Politically Savvy navigation of complex organisational dynamics; outstanding Communicator who tailors message and medium to every audience; demonstrates exceptional Role Flexibility.
LTM835400,Nathan Solanki,Senior Executive - Corporate Strategy,Change Agility,3.89,4,Advanced,4.69,92.0,>= 90th Percentile,Advanced Change Agility; demonstrates strong Experimenter orientation; comfortable with ambiguity in most situations; articulates a clear and motivating vision of change; sustains performance during significant transitions; helps team members adapt to change effectively.
LTM835400,Nathan Solanki,Senior Executive - Corporate Strategy,Results Agility,4.66,5,Expert,4.69,92.0,>= 90th Percentile,Expert Results Agility; demonstrates exceptional Drive - sets highest standards and holds self and others rigorously accountable; commands immediate respect - strong executive Presence; outstanding Resourcefulness in finding paths forward with limited resources; consistently Inspires Others to exceed expectations in first-time situations; maintains exceptional Composure under the most intense pressure.
LTM835400,Nathan Solanki,Senior Executive - Corporate Strategy,Self-Awareness,5.0,5,Expert,4.69,92.0,>= 90th Percentile,"Expert Self-Awareness; exceptionally Feedback-Oriented - proactively solicits critical feedback from all levels and acts on it rapidly; deep Reflective practice - consistently pauses to extract lessons before reacting; precise Self-Knowledge - highly accurate understanding of own strengths, derailers, and impact; maintains a disciplined Personal Development plan; outstanding Emotional Regulation in high-stakes moments."
LTM426983,Reyansh Doshi,Senior Executive - Corporate Strategy,Mental Agility,5.0,5,Expert,4.81,95.0,>= 90th Percentile,Expert-level Mental Agility; demonstrates exceptional Inquisitiveness - asks penetrating 'why' and 'what if' questions that reframe problems; functions as a true Broad Scanner with interests spanning multiple unrelated disciplines; masterful Complexity handling; acts as a Connector drawing powerful analogies across domains; effective Improver/Critic who challenges assumptions constructively.
LTM426983,Reyansh Doshi,Senior Executive - Corporate Strategy,People Agility,5.0,5,Expert,4.81,95.0,>= 90th Percentile,Expert People Agility; genuinely Open-Minded - actively seeks perspectives radically unlike their own; exceptional People Smart capability - reads unspoken group dynamics with accuracy; masterful Politically Savvy navigation of complex organisational dynamics; outstanding Communicator who tailors message and medium to every audience; demonstrates exceptional Role Flexibility.
LTM426983,Reyansh Doshi,Senior Executive - Corporate Strategy,Change Agility,4.65,5,Expert,4.81,95.0,>= 90th Percentile,Expert Change Agility; prototype Experimenter mindset - proactively tests new approaches and learns rapidly from pilots; highly Comfortable with Ambiguity; compelling Visionary who articulates and energises others around a future state; exceptional Stalwart - sustains effectiveness through prolonged transformation; skilled Innovation Manager who helps others navigate change.
LTM426983,Reyansh Doshi,Senior Executive - Corporate Strategy,Results Agility,5.0,5,Expert,4.81,95.0,>= 90th Percentile,Expert Results Agility; demonstrates exceptional Drive - sets highest standards and holds self and others rigorously accountable; commands immediate respect - strong executive Presence; outstanding Resourcefulness in finding paths forward with limited resources; consistently Inspires Others to exceed expectations in first-time situations; maintains exceptional Composure under the most intense pressure.
LTM426983,Reyansh Doshi,Senior Executive - Corporate Strategy,Self-Awareness,4.4,4,Advanced,4.81,95.0,>= 90th Percentile,Advanced Self-Awareness; actively seeks and acts on feedback; demonstrates strong Reflective behaviour; generally accurate Self-Knowledge with minor blind spots; follows a consistent Personal Development plan; manages emotional responses well in most high-pressure situations.
LTM016751,Anita Date,Senior Specialist - Corporate Strategy,Mental Agility,5.0,5,Expert,5.0,100.0,>= 90th Percentile,Expert-level Mental Agility; demonstrates exceptional Inquisitiveness - asks penetrating 'why' and 'what if' questions that reframe problems; functions as a true Broad Scanner with interests spanning multiple unrelated disciplines; masterful Complexity handling; acts as a Connector drawing powerful analogies across domains; effective Improver/Critic who challenges assumptions constructively.
LTM016751,Anita Date,Senior Specialist - Corporate Strategy,People Agility,5.0,5,Expert,5.0,100.0,>= 90th Percentile,Expert People Agility; genuinely Open-Minded - actively seeks perspectives radically unlike their own; exceptional People Smart capability - reads unspoken group dynamics with accuracy; masterful Politically Savvy navigation of complex organisational dynamics; outstanding Communicator who tailors message and medium to every audience; demonstrates exceptional Role Flexibility.
LTM016751,Anita Date,Senior Specialist - Corporate Strategy,Change Agility,5.0,5,Expert,5.0,100.0,>= 90th Percentile,Expert Change Agility; prototype Experimenter mindset - proactively tests new approaches and learns rapidly from pilots; highly Comfortable with Ambiguity; compelling Visionary who articulates and energises others around a future state; exceptional Stalwart - sustains effectiveness through prolonged transformation; skilled Innovation Manager who helps others navigate change.
LTM016751,Anita Date,Senior Specialist - Corporate Strategy,Results Agility,5.0,5,Expert,5.0,100.0,>= 90th Percentile,Expert Results Agility; demonstrates exceptional Drive - sets highest standards and holds self and others rigorously accountable; commands immediate respect - strong executive Presence; outstanding Resourcefulness in finding paths forward with limited resources; consistently Inspires Others to exceed expectations in first-time situations; maintains exceptional Composure under the most intense pressure.
LTM016751,Anita Date,Senior Specialist - Corporate Strategy,Self-Awareness,5.0,5,Expert,5.0,100.0,>= 90th Percentile,"Expert Self-Awareness; exceptionally Feedback-Oriented - proactively solicits critical feedback from all levels and acts on it rapidly; deep Reflective practice - consistently pauses to extract lessons before reacting; precise Self-Knowledge - highly accurate understanding of own strengths, derailers, and impact; maintains a disciplined Personal Development plan; outstanding Emotional Regulation in high-stakes moments."
LTM911218,Daksha Sarraf,Senior Director - Service Design,Mental Agility,5.0,5,Expert,5.0,100.0,>= 90th Percentile,Expert-level Mental Agility; demonstrates exceptional Inquisitiveness - asks penetrating 'why' and 'what if' questions that reframe problems; functions as a true Broad Scanner with interests spanning multiple unrelated disciplines; masterful Complexity handling; acts as a Connector drawing powerful analogies across domains; effective Improver/Critic who challenges assumptions constructively.
LTM911218,Daksha Sarraf,Senior Director - Service Design,People Agility,5.0,5,Expert,5.0,100.0,>= 90th Percentile,Expert People Agility; genuinely Open-Minded - actively seeks perspectives radically unlike their own; exceptional People Smart capability - reads unspoken group dynamics with accuracy; masterful Politically Savvy navigation of complex organisational dynamics; outstanding Communicator who tailors message and medium to every audience; demonstrates exceptional Role Flexibility.
LTM911218,Daksha Sarraf,Senior Director - Service Design,Change Agility,5.0,5,Expert,5.0,100.0,>= 90th Percentile,Expert Change Agility; prototype Experimenter mindset - proactively tests new approaches and learns rapidly from pilots; highly Comfortable with Ambiguity; compelling Visionary who articulates and energises others around a future state; exceptional Stalwart - sustains effectiveness through prolonged transformation; skilled Innovation Manager who helps others navigate change.
LTM911218,Daksha Sarraf,Senior Director - Service Design,Results Agility,5.0,5,Expert,5.0,100.0,>= 90th Percentile,Expert Results Agility; demonstrates exceptional Drive - sets highest standards and holds self and others rigorously accountable; commands immediate respect - strong executive Presence; outstanding Resourcefulness in finding paths forward with limited resources; consistently Inspires Others to exceed expectations in first-time situations; maintains exceptional Composure under the most intense pressure.
LTM911218,Daksha Sarraf,Senior Director - Service Design,Self-Awareness,5.0,5,Expert,5.0,100.0,>= 90th Percentile,"Expert Self-Awareness; exceptionally Feedback-Oriented - proactively solicits critical feedback from all levels and acts on it rapidly; deep Reflective practice - consistently pauses to extract lessons before reacting; precise Self-Knowledge - highly accurate understanding of own strengths, derailers, and impact; maintains a disciplined Personal Development plan; outstanding Emotional Regulation in high-stakes moments."
LTM206779,Samarth Dubey,Vice President (CISO),Mental Agility,5.0,5,Expert,5.0,100.0,>= 90th Percentile,Expert-level Mental Agility; demonstrates exceptional Inquisitiveness - asks penetrating 'why' and 'what if' questions that reframe problems; functions as a true Broad Scanner with interests spanning multiple unrelated disciplines; masterful Complexity handling; acts as a Connector drawing powerful analogies across domains; effective Improver/Critic who challenges assumptions constructively.
LTM206779,Samarth Dubey,Vice President (CISO),People Agility,5.0,5,Expert,5.0,100.0,>= 90th Percentile,Expert People Agility; genuinely Open-Minded - actively seeks perspectives radically unlike their own; exceptional People Smart capability - reads unspoken group dynamics with accuracy; masterful Politically Savvy navigation of complex organisational dynamics; outstanding Communicator who tailors message and medium to every audience; demonstrates exceptional Role Flexibility.
LTM206779,Samarth Dubey,Vice President (CISO),Change Agility,5.0,5,Expert,5.0,100.0,>= 90th Percentile,Expert Change Agility; prototype Experimenter mindset - proactively tests new approaches and learns rapidly from pilots; highly Comfortable with Ambiguity; compelling Visionary who articulates and energises others around a future state; exceptional Stalwart - sustains effectiveness through prolonged transformation; skilled Innovation Manager who helps others navigate change.
LTM206779,Samarth Dubey,Vice President (CISO),Results Agility,5.0,5,Expert,5.0,100.0,>= 90th Percentile,Expert Results Agility; demonstrates exceptional Drive - sets highest standards and holds self and others rigorously accountable; commands immediate respect - strong executive Presence; outstanding Resourcefulness in finding paths forward with limited resources; consistently Inspires Others to exceed expectations in first-time situations; maintains exceptional Composure under the most intense pressure.
LTM206779,Samarth Dubey,Vice President (CISO),Self-Awareness,4.98,5,Expert,5.0,100.0,>= 90th Percentile,"Expert Self-Awareness; exceptionally Feedback-Oriented - proactively solicits critical feedback from all levels and acts on it rapidly; deep Reflective practice - consistently pauses to extract lessons before reacting; precise Self-Knowledge - highly accurate understanding of own strengths, derailers, and impact; maintains a disciplined Personal Development plan; outstanding Emotional Regulation in high-stakes moments."
LTM505021,Vrinda Lanka,Associate Vice President,Mental Agility,5.0,5,Expert,4.71,93.0,>= 90th Percentile,Expert-level Mental Agility; demonstrates exceptional Inquisitiveness - asks penetrating 'why' and 'what if' questions that reframe problems; functions as a true Broad Scanner with interests spanning multiple unrelated disciplines; masterful Complexity handling; acts as a Connector drawing powerful analogies across domains; effective Improver/Critic who challenges assumptions constructively.
LTM505021,Vrinda Lanka,Associate Vice President,People Agility,4.25,4,Advanced,4.71,93.0,>= 90th Percentile,Advanced People Agility; strong Open-Minded orientation; good People Smart - accurately reads most interpersonal dynamics; navigates organisational politics ethically and effectively; tailors communication well; shows good Role Flexibility across different team contexts.
LTM505021,Vrinda Lanka,Associate Vice President,Change Agility,4.9,5,Expert,4.71,93.0,>= 90th Percentile,Expert Change Agility; prototype Experimenter mindset - proactively tests new approaches and learns rapidly from pilots; highly Comfortable with Ambiguity; compelling Visionary who articulates and energises others around a future state; exceptional Stalwart - sustains effectiveness through prolonged transformation; skilled Innovation Manager who helps others navigate change.
LTM505021,Vrinda Lanka,Associate Vice President,Results Agility,5.0,5,Expert,4.71,93.0,>= 90th Percentile,Expert Results Agility; demonstrates exceptional Drive - sets highest standards and holds self and others rigorously accountable; commands immediate respect - strong executive Presence; outstanding Resourcefulness in finding paths forward with limited resources; consistently Inspires Others to exceed expectations in first-time situations; maintains exceptional Composure under the most intense pressure.
LTM505021,Vrinda Lanka,Associate Vice President,Self-Awareness,4.38,4,Advanced,4.71,93.0,>= 90th Percentile,Advanced Self-Awareness; actively seeks and acts on feedback; demonstrates strong Reflective behaviour; generally accurate Self-Knowledge with minor blind spots; follows a consistent Personal Development plan; manages emotional responses well in most high-pressure situations.
LTM945473,Rushil Buch,Principal Director - Business Development,Mental Agility,5.0,5,Expert,4.94,99.0,>= 90th Percentile,Expert-level Mental Agility; demonstrates exceptional Inquisitiveness - asks penetrating 'why' and 'what if' questions that reframe problems; functions as a true Broad Scanner with interests spanning multiple unrelated disciplines; masterful Complexity handling; acts as a Connector drawing powerful analogies across domains; effective Improver/Critic who challenges assumptions constructively.
LTM945473,Rushil Buch,Principal Director - Business Development,People Agility,4.69,5,Expert,4.94,99.0,>= 90th Percentile,Expert People Agility; genuinely Open-Minded - actively seeks perspectives radically unlike their own; exceptional People Smart capability - reads unspoken group dynamics with accuracy; masterful Politically Savvy navigation of complex organisational dynamics; outstanding Communicator who tailors message and medium to every audience; demonstrates exceptional Role Flexibility.
LTM945473,Rushil Buch,Principal Director - Business Development,Change Agility,5.0,5,Expert,4.94,99.0,>= 90th Percentile,Expert Change Agility; prototype Experimenter mindset - proactively tests new approaches and learns rapidly from pilots; highly Comfortable with Ambiguity; compelling Visionary who articulates and energises others around a future state; exceptional Stalwart - sustains effectiveness through prolonged transformation; skilled Innovation Manager who helps others navigate change.
LTM945473,Rushil Buch,Principal Director - Business Development,Results Agility,5.0,5,Expert,4.94,99.0,>= 90th Percentile,Expert Results Agility; demonstrates exceptional Drive - sets highest standards and holds self and others rigorously accountable; commands immediate respect - strong executive Presence; outstanding Resourcefulness in finding paths forward with limited resources; consistently Inspires Others to exceed expectations in first-time situations; maintains exceptional Composure under the most intense pressure.
LTM945473,Rushil Buch,Principal Director - Business Development,Self-Awareness,5.0,5,Expert,4.94,99.0,>= 90th Percentile,"Expert Self-Awareness; exceptionally Feedback-Oriented - proactively solicits critical feedback from all levels and acts on it rapidly; deep Reflective practice - consistently pauses to extract lessons before reacting; precise Self-Knowledge - highly accurate understanding of own strengths, derailers, and impact; maintains a disciplined Personal Development plan; outstanding Emotional Regulation in high-stakes moments."
LTM281084,Ranveer Nadig,Senior Executive - Secretarial,Mental Agility,5.0,5,Expert,4.78,95.0,>= 90th Percentile,Expert-level Mental Agility; demonstrates exceptional Inquisitiveness - asks penetrating 'why' and 'what if' questions that reframe problems; functions as a true Broad Scanner with interests spanning multiple unrelated disciplines; masterful Complexity handling; acts as a Connector drawing powerful analogies across domains; effective Improver/Critic who challenges assumptions constructively.
LTM281084,Ranveer Nadig,Senior Executive - Secretarial,People Agility,5.0,5,Expert,4.78,95.0,>= 90th Percentile,Expert People Agility; genuinely Open-Minded - actively seeks perspectives radically unlike their own; exceptional People Smart capability - reads unspoken group dynamics with accuracy; masterful Politically Savvy navigation of complex organisational dynamics; outstanding Communicator who tailors message and medium to every audience; demonstrates exceptional Role Flexibility.
LTM281084,Ranveer Nadig,Senior Executive - Secretarial,Change Agility,5.0,5,Expert,4.78,95.0,>= 90th Percentile,Expert Change Agility; prototype Experimenter mindset - proactively tests new approaches and learns rapidly from pilots; highly Comfortable with Ambiguity; compelling Visionary who articulates and energises others around a future state; exceptional Stalwart - sustains effectiveness through prolonged transformation; skilled Innovation Manager who helps others navigate change.
LTM281084,Ranveer Nadig,Senior Executive - Secretarial,Results Agility,5.0,5,Expert,4.78,95.0,>= 90th Percentile,Expert Results Agility; demonstrates exceptional Drive - sets highest standards and holds self and others rigorously accountable; commands immediate respect - strong executive Presence; outstanding Resourcefulness in finding paths forward with limited resources; consistently Inspires Others to exceed expectations in first-time situations; maintains exceptional Composure under the most intense pressure.
LTM281084,Ranveer Nadig,Senior Executive - Secretarial,Self-Awareness,3.89,4,Advanced,4.78,95.0,>= 90th Percentile,Advanced Self-Awareness; actively seeks and acts on feedback; demonstrates strong Reflective behaviour; generally accurate Self-Knowledge with minor blind spots; follows a consistent Personal Development plan; manages emotional responses well in most high-pressure situations.
LTM414290,Maanas Karan,Executive - Corporate Strategy,Mental Agility,5.0,5,Expert,4.84,96.0,>= 90th Percentile,Expert-level Mental Agility; demonstrates exceptional Inquisitiveness - asks penetrating 'why' and 'what if' questions that reframe problems; functions as a true Broad Scanner with interests spanning multiple unrelated disciplines; masterful Complexity handling; acts as a Connector drawing powerful analogies across domains; effective Improver/Critic who challenges assumptions constructively.
LTM414290,Maanas Karan,Executive - Corporate Strategy,People Agility,4.56,5,Expert,4.84,96.0,>= 90th Percentile,Expert People Agility; genuinely Open-Minded - actively seeks perspectives radically unlike their own; exceptional People Smart capability - reads unspoken group dynamics with accuracy; masterful Politically Savvy navigation of complex organisational dynamics; outstanding Communicator who tailors message and medium to every audience; demonstrates exceptional Role Flexibility.
LTM414290,Maanas Karan,Executive - Corporate Strategy,Change Agility,5.0,5,Expert,4.84,96.0,>= 90th Percentile,Expert Change Agility; prototype Experimenter mindset - proactively tests new approaches and learns rapidly from pilots; highly Comfortable with Ambiguity; compelling Visionary who articulates and energises others around a future state; exceptional Stalwart - sustains effectiveness through prolonged transformation; skilled Innovation Manager who helps others navigate change.
LTM414290,Maanas Karan,Executive - Corporate Strategy,Results Agility,5.0,5,Expert,4.84,96.0,>= 90th Percentile,Expert Results Agility; demonstrates exceptional Drive - sets highest standards and holds self and others rigorously accountable; commands immediate respect - strong executive Presence; outstanding Resourcefulness in finding paths forward with limited resources; consistently Inspires Others to exceed expectations in first-time situations; maintains exceptional Composure under the most intense pressure.
LTM414290,Maanas Karan,Executive - Corporate Strategy,Self-Awareness,4.66,5,Expert,4.84,96.0,>= 90th Percentile,"Expert Self-Awareness; exceptionally Feedback-Oriented - proactively solicits critical feedback from all levels and acts on it rapidly; deep Reflective practice - consistently pauses to extract lessons before reacting; precise Self-Knowledge - highly accurate understanding of own strengths, derailers, and impact; maintains a disciplined Personal Development plan; outstanding Emotional Regulation in high-stakes moments."
LTM245585,Urishilla Chaudhari,Senior Specialist - Corporate Strategy,Mental Agility,5.0,5,Expert,4.83,96.0,>= 90th Percentile,Expert-level Mental Agility; demonstrates exceptional Inquisitiveness - asks penetrating 'why' and 'what if' questions that reframe problems; functions as a true Broad Scanner with interests spanning multiple unrelated disciplines; masterful Complexity handling; acts as a Connector drawing powerful analogies across domains; effective Improver/Critic who challenges assumptions constructively.
LTM245585,Urishilla Chaudhari,Senior Specialist - Corporate Strategy,People Agility,5.0,5,Expert,4.83,96.0,>= 90th Percentile,Expert People Agility; genuinely Open-Minded - actively seeks perspectives radically unlike their own; exceptional People Smart capability - reads unspoken group dynamics with accuracy; masterful Politically Savvy navigation of complex organisational dynamics; outstanding Communicator who tailors message and medium to every audience; demonstrates exceptional Role Flexibility.
LTM245585,Urishilla Chaudhari,Senior Specialist - Corporate Strategy,Change Agility,5.0,5,Expert,4.83,96.0,>= 90th Percentile,Expert Change Agility; prototype Experimenter mindset - proactively tests new approaches and learns rapidly from pilots; highly Comfortable with Ambiguity; compelling Visionary who articulates and energises others around a future state; exceptional Stalwart - sustains effectiveness through prolonged transformation; skilled Innovation Manager who helps others navigate change.
LTM245585,Urishilla Chaudhari,Senior Specialist - Corporate Strategy,Results Agility,5.0,5,Expert,4.83,96.0,>= 90th Percentile,Expert Results Agility; demonstrates exceptional Drive - sets highest standards and holds self and others rigorously accountable; commands immediate respect - strong executive Presence; outstanding Resourcefulness in finding paths forward with limited resources; consistently Inspires Others to exceed expectations in first-time situations; maintains exceptional Composure under the most intense pressure.
LTM245585,Urishilla Chaudhari,Senior Specialist - Corporate Strategy,Self-Awareness,4.15,4,Advanced,4.83,96.0,>= 90th Percentile,Advanced Self-Awareness; actively seeks and acts on feedback; demonstrates strong Reflective behaviour; generally accurate Self-Knowledge with minor blind spots; follows a consistent Personal Development plan; manages emotional responses well in most high-pressure situations.
LTM417416,Sachi Ganesan,CFO,Mental Agility,3.6,4,Advanced,4.57,89.0,>= 90th Percentile,Advanced Mental Agility; strong Inquisitiveness and Broad Scanning behaviour; handles complexity well; makes useful connections across disciplines; challenges existing approaches constructively; solid critical and creative problem-solving capability.
LTM417416,Sachi Ganesan,CFO,People Agility,5.0,5,Expert,4.57,89.0,>= 90th Percentile,Expert People Agility; genuinely Open-Minded - actively seeks perspectives radically unlike their own; exceptional People Smart capability - reads unspoken group dynamics with accuracy; masterful Politically Savvy navigation of complex organisational dynamics; outstanding Communicator who tailors message and medium to every audience; demonstrates exceptional Role Flexibility.
LTM417416,Sachi Ganesan,CFO,Change Agility,4.57,5,Expert,4.57,89.0,>= 90th Percentile,Expert Change Agility; prototype Experimenter mindset - proactively tests new approaches and learns rapidly from pilots; highly Comfortable with Ambiguity; compelling Visionary who articulates and energises others around a future state; exceptional Stalwart - sustains effectiveness through prolonged transformation; skilled Innovation Manager who helps others navigate change.
LTM417416,Sachi Ganesan,CFO,Results Agility,5.0,5,Expert,4.57,89.0,>= 90th Percentile,Expert Results Agility; demonstrates exceptional Drive - sets highest standards and holds self and others rigorously accountable; commands immediate respect - strong executive Presence; outstanding Resourcefulness in finding paths forward with limited resources; consistently Inspires Others to exceed expectations in first-time situations; maintains exceptional Composure under the most intense pressure.
LTM417416,Sachi Ganesan,CFO,Self-Awareness,4.69,5,Expert,4.57,89.0,>= 90th Percentile,"Expert Self-Awareness; exceptionally Feedback-Oriented - proactively solicits critical feedback from all levels and acts on it rapidly; deep Reflective practice - consistently pauses to extract lessons before reacting; precise Self-Knowledge - highly accurate understanding of own strengths, derailers, and impact; maintains a disciplined Personal Development plan; outstanding Emotional Regulation in high-stakes moments."
LTM138576,Amrita Batra,Specialist - Corporate Strategy,Mental Agility,4.63,5,Expert,4.58,90.0,>= 90th Percentile,Expert-level Mental Agility; demonstrates exceptional Inquisitiveness - asks penetrating 'why' and 'what if' questions that reframe problems; functions as a true Broad Scanner with interests spanning multiple unrelated disciplines; masterful Complexity handling; acts as a Connector drawing powerful analogies across domains; effective Improver/Critic who challenges assumptions constructively.
LTM138576,Amrita Batra,Specialist - Corporate Strategy,People Agility,4.21,4,Advanced,4.58,90.0,>= 90th Percentile,Advanced People Agility; strong Open-Minded orientation; good People Smart - accurately reads most interpersonal dynamics; navigates organisational politics ethically and effectively; tailors communication well; shows good Role Flexibility across different team contexts.
LTM138576,Amrita Batra,Specialist - Corporate Strategy,Change Agility,4.31,4,Advanced,4.58,90.0,>= 90th Percentile,Advanced Change Agility; demonstrates strong Experimenter orientation; comfortable with ambiguity in most situations; articulates a clear and motivating vision of change; sustains performance during significant transitions; helps team members adapt to change effectively.
LTM138576,Amrita Batra,Specialist - Corporate Strategy,Results Agility,4.73,5,Expert,4.58,90.0,>= 90th Percentile,Expert Results Agility; demonstrates exceptional Drive - sets highest standards and holds self and others rigorously accountable; commands immediate respect - strong executive Presence; outstanding Resourcefulness in finding paths forward with limited resources; consistently Inspires Others to exceed expectations in first-time situations; maintains exceptional Composure under the most intense pressure.
LTM138576,Amrita Batra,Specialist - Corporate Strategy,Self-Awareness,5.0,5,Expert,4.58,90.0,>= 90th Percentile,"Expert Self-Awareness; exceptionally Feedback-Oriented - proactively solicits critical feedback from all levels and acts on it rapidly; deep Reflective practice - consistently pauses to extract lessons before reacting; precise Self-Knowledge - highly accurate understanding of own strengths, derailers, and impact; maintains a disciplined Personal Development plan; outstanding Emotional Regulation in high-stakes moments."
LTM506454,Ayaan Memon,Specialist - Corporate Strategy,Mental Agility,4.27,4,Advanced,4.55,89.0,>= 90th Percentile,Advanced Mental Agility; strong Inquisitiveness and Broad Scanning behaviour; handles complexity well; makes useful connections across disciplines; challenges existing approaches constructively; solid critical and creative problem-solving capability.
LTM506454,Ayaan Memon,Specialist - Corporate Strategy,People Agility,4.75,5,Expert,4.55,89.0,>= 90th Percentile,Expert People Agility; genuinely Open-Minded - actively seeks perspectives radically unlike their own; exceptional People Smart capability - reads unspoken group dynamics with accuracy; masterful Politically Savvy navigation of complex organisational dynamics; outstanding Communicator who tailors message and medium to every audience; demonstrates exceptional Role Flexibility.
LTM506454,Ayaan Memon,Specialist - Corporate Strategy,Change Agility,5.0,5,Expert,4.55,89.0,>= 90th Percentile,Expert Change Agility; prototype Experimenter mindset - proactively tests new approaches and learns rapidly from pilots; highly Comfortable with Ambiguity; compelling Visionary who articulates and energises others around a future state; exceptional Stalwart - sustains effectiveness through prolonged transformation; skilled Innovation Manager who helps others navigate change.
LTM506454,Ayaan Memon,Specialist - Corporate Strategy,Results Agility,4.88,5,Expert,4.55,89.0,>= 90th Percentile,Expert Results Agility; demonstrates exceptional Drive - sets highest standards and holds self and others rigorously accountable; commands immediate respect - strong executive Presence; outstanding Resourcefulness in finding paths forward with limited resources; consistently Inspires Others to exceed expectations in first-time situations; maintains exceptional Composure under the most intense pressure.
LTM506454,Ayaan Memon,Specialist - Corporate Strategy,Self-Awareness,3.84,4,Advanced,4.55,89.0,>= 90th Percentile,Advanced Self-Awareness; actively seeks and acts on feedback; demonstrates strong Reflective behaviour; generally accurate Self-Knowledge with minor blind spots; follows a consistent Personal Development plan; manages emotional responses well in most high-pressure situations.
LTM690822,Ridhi Sankar,CFO,Mental Agility,4.76,5,Expert,4.73,93.0,>= 90th Percentile,Expert-level Mental Agility; demonstrates exceptional Inquisitiveness - asks penetrating 'why' and 'what if' questions that reframe problems; functions as a true Broad Scanner with interests spanning multiple unrelated disciplines; masterful Complexity handling; acts as a Connector drawing powerful analogies across domains; effective Improver/Critic who challenges assumptions constructively.
LTM690822,Ridhi Sankar,CFO,People Agility,5.0,5,Expert,4.73,93.0,>= 90th Percentile,Expert People Agility; genuinely Open-Minded - actively seeks perspectives radically unlike their own; exceptional People Smart capability - reads unspoken group dynamics with accuracy; masterful Politically Savvy navigation of complex organisational dynamics; outstanding Communicator who tailors message and medium to every audience; demonstrates exceptional Role Flexibility.
LTM690822,Ridhi Sankar,CFO,Change Agility,5.0,5,Expert,4.73,93.0,>= 90th Percentile,Expert Change Agility; prototype Experimenter mindset - proactively tests new approaches and learns rapidly from pilots; highly Comfortable with Ambiguity; compelling Visionary who articulates and energises others around a future state; exceptional Stalwart - sustains effectiveness through prolonged transformation; skilled Innovation Manager who helps others navigate change.
LTM690822,Ridhi Sankar,CFO,Results Agility,5.0,5,Expert,4.73,93.0,>= 90th Percentile,Expert Results Agility; demonstrates exceptional Drive - sets highest standards and holds self and others rigorously accountable; commands immediate respect - strong executive Presence; outstanding Resourcefulness in finding paths forward with limited resources; consistently Inspires Others to exceed expectations in first-time situations; maintains exceptional Composure under the most intense pressure.
LTM690822,Ridhi Sankar,CFO,Self-Awareness,3.89,4,Advanced,4.73,93.0,>= 90th Percentile,Advanced Self-Awareness; actively seeks and acts on feedback; demonstrates strong Reflective behaviour; generally accurate Self-Knowledge with minor blind spots; follows a consistent Personal Development plan; manages emotional responses well in most high-pressure situations.
LTM634380,Gautam Garde,Senior Director - Practice Sales,Mental Agility,5.0,5,Expert,4.93,98.0,>= 90th Percentile,Expert-level Mental Agility; demonstrates exceptional Inquisitiveness - asks penetrating 'why' and 'what if' questions that reframe problems; functions as a true Broad Scanner with interests spanning multiple unrelated disciplines; masterful Complexity handling; acts as a Connector drawing powerful analogies across domains; effective Improver/Critic who challenges assumptions constructively.
LTM634380,Gautam Garde,Senior Director - Practice Sales,People Agility,4.79,5,Expert,4.93,98.0,>= 90th Percentile,Expert People Agility; genuinely Open-Minded - actively seeks perspectives radically unlike their own; exceptional People Smart capability - reads unspoken group dynamics with accuracy; masterful Politically Savvy navigation of complex organisational dynamics; outstanding Communicator who tailors message and medium to every audience; demonstrates exceptional Role Flexibility.
LTM634380,Gautam Garde,Senior Director - Practice Sales,Change Agility,5.0,5,Expert,4.93,98.0,>= 90th Percentile,Expert Change Agility; prototype Experimenter mindset - proactively tests new approaches and learns rapidly from pilots; highly Comfortable with Ambiguity; compelling Visionary who articulates and energises others around a future state; exceptional Stalwart - sustains effectiveness through prolonged transformation; skilled Innovation Manager who helps others navigate change.
LTM634380,Gautam Garde,Senior Director - Practice Sales,Results Agility,5.0,5,Expert,4.93,98.0,>= 90th Percentile,Expert Results Agility; demonstrates exceptional Drive - sets highest standards and holds self and others rigorously accountable; commands immediate respect - strong executive Presence; outstanding Resourcefulness in finding paths forward with limited resources; consistently Inspires Others to exceed expectations in first-time situations; maintains exceptional Composure under the most intense pressure.
LTM634380,Gautam Garde,Senior Director - Practice Sales,Self-Awareness,4.85,5,Expert,4.93,98.0,>= 90th Percentile,"Expert Self-Awareness; exceptionally Feedback-Oriented - proactively solicits critical feedback from all levels and acts on it rapidly; deep Reflective practice - consistently pauses to extract lessons before reacting; precise Self-Knowledge - highly accurate understanding of own strengths, derailers, and impact; maintains a disciplined Personal Development plan; outstanding Emotional Regulation in high-stakes moments."
LTM492207,Chaaya Raja,Associate Vice President - Finance,Mental Agility,5.0,5,Expert,5.0,100.0,>= 90th Percentile,Expert-level Mental Agility; demonstrates exceptional Inquisitiveness - asks penetrating 'why' and 'what if' questions that reframe problems; functions as a true Broad Scanner with interests spanning multiple unrelated disciplines; masterful Complexity handling; acts as a Connector drawing powerful analogies across domains; effective Improver/Critic who challenges assumptions constructively.
LTM492207,Chaaya Raja,Associate Vice President - Finance,People Agility,5.0,5,Expert,5.0,100.0,>= 90th Percentile,Expert People Agility; genuinely Open-Minded - actively seeks perspectives radically unlike their own; exceptional People Smart capability - reads unspoken group dynamics with accuracy; masterful Politically Savvy navigation of complex organisational dynamics; outstanding Communicator who tailors message and medium to every audience; demonstrates exceptional Role Flexibility.
LTM492207,Chaaya Raja,Associate Vice President - Finance,Change Agility,5.0,5,Expert,5.0,100.0,>= 90th Percentile,Expert Change Agility; prototype Experimenter mindset - proactively tests new approaches and learns rapidly from pilots; highly Comfortable with Ambiguity; compelling Visionary who articulates and energises others around a future state; exceptional Stalwart - sustains effectiveness through prolonged transformation; skilled Innovation Manager who helps others navigate change.
LTM492207,Chaaya Raja,Associate Vice President - Finance,Results Agility,5.0,5,Expert,5.0,100.0,>= 90th Percentile,Expert Results Agility; demonstrates exceptional Drive - sets highest standards and holds self and others rigorously accountable; commands immediate respect - strong executive Presence; outstanding Resourcefulness in finding paths forward with limited resources; consistently Inspires Others to exceed expectations in first-time situations; maintains exceptional Composure under the most intense pressure.
LTM492207,Chaaya Raja,Associate Vice President - Finance,Self-Awareness,5.0,5,Expert,5.0,100.0,>= 90th Percentile,"Expert Self-Awareness; exceptionally Feedback-Oriented - proactively solicits critical feedback from all levels and acts on it rapidly; deep Reflective practice - consistently pauses to extract lessons before reacting; precise Self-Knowledge - highly accurate understanding of own strengths, derailers, and impact; maintains a disciplined Personal Development plan; outstanding Emotional Regulation in high-stakes moments."
LTM097117,Yadavi Dhar,Associate Principal - Secretarial,Mental Agility,5.0,5,Expert,4.76,94.0,>= 90th Percentile,Expert-level Mental Agility; demonstrates exceptional Inquisitiveness - asks penetrating 'why' and 'what if' questions that reframe problems; functions as a true Broad Scanner with interests spanning multiple unrelated disciplines; masterful Complexity handling; acts as a Connector drawing powerful analogies across domains; effective Improver/Critic who challenges assumptions constructively.
LTM097117,Yadavi Dhar,Associate Principal - Secretarial,People Agility,5.0,5,Expert,4.76,94.0,>= 90th Percentile,Expert People Agility; genuinely Open-Minded - actively seeks perspectives radically unlike their own; exceptional People Smart capability - reads unspoken group dynamics with accuracy; masterful Politically Savvy navigation of complex organisational dynamics; outstanding Communicator who tailors message and medium to every audience; demonstrates exceptional Role Flexibility.
LTM097117,Yadavi Dhar,Associate Principal - Secretarial,Change Agility,5.0,5,Expert,4.76,94.0,>= 90th Percentile,Expert Change Agility; prototype Experimenter mindset - proactively tests new approaches and learns rapidly from pilots; highly Comfortable with Ambiguity; compelling Visionary who articulates and energises others around a future state; exceptional Stalwart - sustains effectiveness through prolonged transformation; skilled Innovation Manager who helps others navigate change.
LTM097117,Yadavi Dhar,Associate Principal - Secretarial,Results Agility,4.3,4,Advanced,4.76,94.0,>= 90th Percentile,Advanced Results Agility; strong Drive with high self-accountability; solid executive Presence that builds confidence; demonstrates good Resourcefulness; effectively Inspires Others to high performance; maintains Composure well in most high-pressure situations.
LTM097117,Yadavi Dhar,Associate Principal - Secretarial,Self-Awareness,4.48,4,Advanced,4.76,94.0,>= 90th Percentile,Advanced Self-Awareness; actively seeks and acts on feedback; demonstrates strong Reflective behaviour; generally accurate Self-Knowledge with minor blind spots; follows a consistent Personal Development plan; manages emotional responses well in most high-pressure situations.
LTM248056,Vedhika Kumar,Executive - Corporate Strategy,Mental Agility,5.0,5,Expert,4.83,96.0,>= 90th Percentile,Expert-level Mental Agility; demonstrates exceptional Inquisitiveness - asks penetrating 'why' and 'what if' questions that reframe problems; functions as a true Broad Scanner with interests spanning multiple unrelated disciplines; masterful Complexity handling; acts as a Connector drawing powerful analogies across domains; effective Improver/Critic who challenges assumptions constructively.
LTM248056,Vedhika Kumar,Executive - Corporate Strategy,People Agility,4.16,4,Advanced,4.83,96.0,>= 90th Percentile,Advanced People Agility; strong Open-Minded orientation; good People Smart - accurately reads most interpersonal dynamics; navigates organisational politics ethically and effectively; tailors communication well; shows good Role Flexibility across different team contexts.
LTM248056,Vedhika Kumar,Executive - Corporate Strategy,Change Agility,5.0,5,Expert,4.83,96.0,>= 90th Percentile,Expert Change Agility; prototype Experimenter mindset - proactively tests new approaches and learns rapidly from pilots; highly Comfortable with Ambiguity; compelling Visionary who articulates and energises others around a future state; exceptional Stalwart - sustains effectiveness through prolonged transformation; skilled Innovation Manager who helps others navigate change.
LTM248056,Vedhika Kumar,Executive - Corporate Strategy,Results Agility,5.0,5,Expert,4.83,96.0,>= 90th Percentile,Expert Results Agility; demonstrates exceptional Drive - sets highest standards and holds self and others rigorously accountable; commands immediate respect - strong executive Presence; outstanding Resourcefulness in finding paths forward with limited resources; consistently Inspires Others to exceed expectations in first-time situations; maintains exceptional Composure under the most intense pressure.
LTM248056,Vedhika Kumar,Executive - Corporate Strategy,Self-Awareness,5.0,5,Expert,4.83,96.0,>= 90th Percentile,"Expert Self-Awareness; exceptionally Feedback-Oriented - proactively solicits critical feedback from all levels and acts on it rapidly; deep Reflective practice - consistently pauses to extract lessons before reacting; precise Self-Knowledge - highly accurate understanding of own strengths, derailers, and impact; maintains a disciplined Personal Development plan; outstanding Emotional Regulation in high-stakes moments."
LTM077096,Joshua Andra,Executive - Corporate Strategy,Mental Agility,5.0,5,Expert,4.94,99.0,>= 90th Percentile,Expert-level Mental Agility; demonstrates exceptional Inquisitiveness - asks penetrating 'why' and 'what if' questions that reframe problems; functions as a true Broad Scanner with interests spanning multiple unrelated disciplines; masterful Complexity handling; acts as a Connector drawing powerful analogies across domains; effective Improver/Critic who challenges assumptions constructively.
LTM077096,Joshua Andra,Executive - Corporate Strategy,People Agility,5.0,5,Expert,4.94,99.0,>= 90th Percentile,Expert People Agility; genuinely Open-Minded - actively seeks perspectives radically unlike their own; exceptional People Smart capability - reads unspoken group dynamics with accuracy; masterful Politically Savvy navigation of complex organisational dynamics; outstanding Communicator who tailors message and medium to every audience; demonstrates exceptional Role Flexibility.
LTM077096,Joshua Andra,Executive - Corporate Strategy,Change Agility,5.0,5,Expert,4.94,99.0,>= 90th Percentile,Expert Change Agility; prototype Experimenter mindset - proactively tests new approaches and learns rapidly from pilots; highly Comfortable with Ambiguity; compelling Visionary who articulates and energises others around a future state; exceptional Stalwart - sustains effectiveness through prolonged transformation; skilled Innovation Manager who helps others navigate change.
LTM077096,Joshua Andra,Executive - Corporate Strategy,Results Agility,5.0,5,Expert,4.94,99.0,>= 90th Percentile,Expert Results Agility; demonstrates exceptional Drive - sets highest standards and holds self and others rigorously accountable; commands immediate respect - strong executive Presence; outstanding Resourcefulness in finding paths forward with limited resources; consistently Inspires Others to exceed expectations in first-time situations; maintains exceptional Composure under the most intense pressure.
LTM077096,Joshua Andra,Executive - Corporate Strategy,Self-Awareness,4.72,5,Expert,4.94,99.0,>= 90th Percentile,"Expert Self-Awareness; exceptionally Feedback-Oriented - proactively solicits critical feedback from all levels and acts on it rapidly; deep Reflective practice - consistently pauses to extract lessons before reacting; precise Self-Knowledge - highly accurate understanding of own strengths, derailers, and impact; maintains a disciplined Personal Development plan; outstanding Emotional Regulation in high-stakes moments."
LTM814386,Mitali Dugar,Senior Director - Strategy and Excellence,Mental Agility,4.85,5,Expert,4.68,92.0,>= 90th Percentile,Expert-level Mental Agility; demonstrates exceptional Inquisitiveness - asks penetrating 'why' and 'what if' questions that reframe problems; functions as a true Broad Scanner with interests spanning multiple unrelated disciplines; masterful Complexity handling; acts as a Connector drawing powerful analogies across domains; effective Improver/Critic who challenges assumptions constructively.
LTM814386,Mitali Dugar,Senior Director - Strategy and Excellence,People Agility,4.75,5,Expert,4.68,92.0,>= 90th Percentile,Expert People Agility; genuinely Open-Minded - actively seeks perspectives radically unlike their own; exceptional People Smart capability - reads unspoken group dynamics with accuracy; masterful Politically Savvy navigation of complex organisational dynamics; outstanding Communicator who tailors message and medium to every audience; demonstrates exceptional Role Flexibility.
LTM814386,Mitali Dugar,Senior Director - Strategy and Excellence,Change Agility,5.0,5,Expert,4.68,92.0,>= 90th Percentile,Expert Change Agility; prototype Experimenter mindset - proactively tests new approaches and learns rapidly from pilots; highly Comfortable with Ambiguity; compelling Visionary who articulates and energises others around a future state; exceptional Stalwart - sustains effectiveness through prolonged transformation; skilled Innovation Manager who helps others navigate change.
LTM814386,Mitali Dugar,Senior Director - Strategy and Excellence,Results Agility,5.0,5,Expert,4.68,92.0,>= 90th Percentile,Expert Results Agility; demonstrates exceptional Drive - sets highest standards and holds self and others rigorously accountable; commands immediate respect - strong executive Presence; outstanding Resourcefulness in finding paths forward with limited resources; consistently Inspires Others to exceed expectations in first-time situations; maintains exceptional Composure under the most intense pressure.
LTM814386,Mitali Dugar,Senior Director - Strategy and Excellence,Self-Awareness,3.79,4,Advanced,4.68,92.0,>= 90th Percentile,Advanced Self-Awareness; actively seeks and acts on feedback; demonstrates strong Reflective behaviour; generally accurate Self-Knowledge with minor blind spots; follows a consistent Personal Development plan; manages emotional responses well in most high-pressure situations.
LTM687400,Timothy Pai,Vice President (CISO),Mental Agility,5.0,5,Expert,4.93,98.0,>= 90th Percentile,Expert-level Mental Agility; demonstrates exceptional Inquisitiveness - asks penetrating 'why' and 'what if' questions that reframe problems; functions as a true Broad Scanner with interests spanning multiple unrelated disciplines; masterful Complexity handling; acts as a Connector drawing powerful analogies across domains; effective Improver/Critic who challenges assumptions constructively.
LTM687400,Timothy Pai,Vice President (CISO),People Agility,5.0,5,Expert,4.93,98.0,>= 90th Percentile,Expert People Agility; genuinely Open-Minded - actively seeks perspectives radically unlike their own; exceptional People Smart capability - reads unspoken group dynamics with accuracy; masterful Politically Savvy navigation of complex organisational dynamics; outstanding Communicator who tailors message and medium to every audience; demonstrates exceptional Role Flexibility.
LTM687400,Timothy Pai,Vice President (CISO),Change Agility,5.0,5,Expert,4.93,98.0,>= 90th Percentile,Expert Change Agility; prototype Experimenter mindset - proactively tests new approaches and learns rapidly from pilots; highly Comfortable with Ambiguity; compelling Visionary who articulates and energises others around a future state; exceptional Stalwart - sustains effectiveness through prolonged transformation; skilled Innovation Manager who helps others navigate change.
LTM687400,Timothy Pai,Vice President (CISO),Results Agility,5.0,5,Expert,4.93,98.0,>= 90th Percentile,Expert Results Agility; demonstrates exceptional Drive - sets highest standards and holds self and others rigorously accountable; commands immediate respect - strong executive Presence; outstanding Resourcefulness in finding paths forward with limited resources; consistently Inspires Others to exceed expectations in first-time situations; maintains exceptional Composure under the most intense pressure.
LTM687400,Timothy Pai,Vice President (CISO),Self-Awareness,4.64,5,Expert,4.93,98.0,>= 90th Percentile,"Expert Self-Awareness; exceptionally Feedback-Oriented - proactively solicits critical feedback from all levels and acts on it rapidly; deep Reflective practice - consistently pauses to extract lessons before reacting; precise Self-Knowledge - highly accurate understanding of own strengths, derailers, and impact; maintains a disciplined Personal Development plan; outstanding Emotional Regulation in high-stakes moments."
LTM472687,Unnati Krishna,Associate Vice President,Mental Agility,4.69,5,Expert,4.8,95.0,>= 90th Percentile,Expert-level Mental Agility; demonstrates exceptional Inquisitiveness - asks penetrating 'why' and 'what if' questions that reframe problems; functions as a true Broad Scanner with interests spanning multiple unrelated disciplines; masterful Complexity handling; acts as a Connector drawing powerful analogies across domains; effective Improver/Critic who challenges assumptions constructively.
LTM472687,Unnati Krishna,Associate Vice President,People Agility,5.0,5,Expert,4.8,95.0,>= 90th Percentile,Expert People Agility; genuinely Open-Minded - actively seeks perspectives radically unlike their own; exceptional People Smart capability - reads unspoken group dynamics with accuracy; masterful Politically Savvy navigation of complex organisational dynamics; outstanding Communicator who tailors message and medium to every audience; demonstrates exceptional Role Flexibility.
LTM472687,Unnati Krishna,Associate Vice President,Change Agility,5.0,5,Expert,4.8,95.0,>= 90th Percentile,Expert Change Agility; prototype Experimenter mindset - proactively tests new approaches and learns rapidly from pilots; highly Comfortable with Ambiguity; compelling Visionary who articulates and energises others around a future state; exceptional Stalwart - sustains effectiveness through prolonged transformation; skilled Innovation Manager who helps others navigate change.
LTM472687,Unnati Krishna,Associate Vice President,Results Agility,5.0,5,Expert,4.8,95.0,>= 90th Percentile,Expert Results Agility; demonstrates exceptional Drive - sets highest standards and holds self and others rigorously accountable; commands immediate respect - strong executive Presence; outstanding Resourcefulness in finding paths forward with limited resources; consistently Inspires Others to exceed expectations in first-time situations; maintains exceptional Composure under the most intense pressure.
LTM472687,Unnati Krishna,Associate Vice President,Self-Awareness,4.29,4,Advanced,4.8,95.0,>= 90th Percentile,Advanced Self-Awareness; actively seeks and acts on feedback; demonstrates strong Reflective behaviour; generally accurate Self-Knowledge with minor blind spots; follows a consistent Personal Development plan; manages emotional responses well in most high-pressure situations.
LTM420391,Matthew Issac,Associate Vice President,Mental Agility,5.0,5,Expert,5.0,100.0,>= 90th Percentile,Expert-level Mental Agility; demonstrates exceptional Inquisitiveness - asks penetrating 'why' and 'what if' questions that reframe problems; functions as a true Broad Scanner with interests spanning multiple unrelated disciplines; masterful Complexity handling; acts as a Connector drawing powerful analogies across domains; effective Improver/Critic who challenges assumptions constructively.
LTM420391,Matthew Issac,Associate Vice President,People Agility,5.0,5,Expert,5.0,100.0,>= 90th Percentile,Expert People Agility; genuinely Open-Minded - actively seeks perspectives radically unlike their own; exceptional People Smart capability - reads unspoken group dynamics with accuracy; masterful Politically Savvy navigation of complex organisational dynamics; outstanding Communicator who tailors message and medium to every audience; demonstrates exceptional Role Flexibility.
LTM420391,Matthew Issac,Associate Vice President,Change Agility,5.0,5,Expert,5.0,100.0,>= 90th Percentile,Expert Change Agility; prototype Experimenter mindset - proactively tests new approaches and learns rapidly from pilots; highly Comfortable with Ambiguity; compelling Visionary who articulates and energises others around a future state; exceptional Stalwart - sustains effectiveness through prolonged transformation; skilled Innovation Manager who helps others navigate change.
LTM420391,Matthew Issac,Associate Vice President,Results Agility,5.0,5,Expert,5.0,100.0,>= 90th Percentile,Expert Results Agility; demonstrates exceptional Drive - sets highest standards and holds self and others rigorously accountable; commands immediate respect - strong executive Presence; outstanding Resourcefulness in finding paths forward with limited resources; consistently Inspires Others to exceed expectations in first-time situations; maintains exceptional Composure under the most intense pressure.
LTM420391,Matthew Issac,Associate Vice President,Self-Awareness,5.0,5,Expert,5.0,100.0,>= 90th Percentile,"Expert Self-Awareness; exceptionally Feedback-Oriented - proactively solicits critical feedback from all levels and acts on it rapidly; deep Reflective practice - consistently pauses to extract lessons before reacting; precise Self-Knowledge - highly accurate understanding of own strengths, derailers, and impact; maintains a disciplined Personal Development plan; outstanding Emotional Regulation in high-stakes moments."
LTM287117,Warhi Chhabra,Specialist - Corporate Strategy,Mental Agility,5.0,5,Expert,4.89,97.0,>= 90th Percentile,Expert-level Mental Agility; demonstrates exceptional Inquisitiveness - asks penetrating 'why' and 'what if' questions that reframe problems; functions as a true Broad Scanner with interests spanning multiple unrelated disciplines; masterful Complexity handling; acts as a Connector drawing powerful analogies across domains; effective Improver/Critic who challenges assumptions constructively.
LTM287117,Warhi Chhabra,Specialist - Corporate Strategy,People Agility,5.0,5,Expert,4.89,97.0,>= 90th Percentile,Expert People Agility; genuinely Open-Minded - actively seeks perspectives radically unlike their own; exceptional People Smart capability - reads unspoken group dynamics with accuracy; masterful Politically Savvy navigation of complex organisational dynamics; outstanding Communicator who tailors message and medium to every audience; demonstrates exceptional Role Flexibility.
LTM287117,Warhi Chhabra,Specialist - Corporate Strategy,Change Agility,5.0,5,Expert,4.89,97.0,>= 90th Percentile,Expert Change Agility; prototype Experimenter mindset - proactively tests new approaches and learns rapidly from pilots; highly Comfortable with Ambiguity; compelling Visionary who articulates and energises others around a future state; exceptional Stalwart - sustains effectiveness through prolonged transformation; skilled Innovation Manager who helps others navigate change.
LTM287117,Warhi Chhabra,Specialist - Corporate Strategy,Results Agility,5.0,5,Expert,4.89,97.0,>= 90th Percentile,Expert Results Agility; demonstrates exceptional Drive - sets highest standards and holds self and others rigorously accountable; commands immediate respect - strong executive Presence; outstanding Resourcefulness in finding paths forward with limited resources; consistently Inspires Others to exceed expectations in first-time situations; maintains exceptional Composure under the most intense pressure.
LTM287117,Warhi Chhabra,Specialist - Corporate Strategy,Self-Awareness,4.43,4,Advanced,4.89,97.0,>= 90th Percentile,Advanced Self-Awareness; actively seeks and acts on feedback; demonstrates strong Reflective behaviour; generally accurate Self-Knowledge with minor blind spots; follows a consistent Personal Development plan; manages emotional responses well in most high-pressure situations.
LTM495964,Anvi Anand,CHRO,Mental Agility,5.0,5,Expert,4.73,93.0,>= 90th Percentile,Expert-level Mental Agility; demonstrates exceptional Inquisitiveness - asks penetrating 'why' and 'what if' questions that reframe problems; functions as a true Broad Scanner with interests spanning multiple unrelated disciplines; masterful Complexity handling; acts as a Connector drawing powerful analogies across domains; effective Improver/Critic who challenges assumptions constructively.
LTM495964,Anvi Anand,CHRO,People Agility,4.43,4,Advanced,4.73,93.0,>= 90th Percentile,Advanced People Agility; strong Open-Minded orientation; good People Smart - accurately reads most interpersonal dynamics; navigates organisational politics ethically and effectively; tailors communication well; shows good Role Flexibility across different team contexts.
LTM495964,Anvi Anand,CHRO,Change Agility,4.98,5,Expert,4.73,93.0,>= 90th Percentile,Expert Change Agility; prototype Experimenter mindset - proactively tests new approaches and learns rapidly from pilots; highly Comfortable with Ambiguity; compelling Visionary who articulates and energises others around a future state; exceptional Stalwart - sustains effectiveness through prolonged transformation; skilled Innovation Manager who helps others navigate change.
LTM495964,Anvi Anand,CHRO,Results Agility,4.25,4,Advanced,4.73,93.0,>= 90th Percentile,Advanced Results Agility; strong Drive with high self-accountability; solid executive Presence that builds confidence; demonstrates good Resourcefulness; effectively Inspires Others to high performance; maintains Composure well in most high-pressure situations.
LTM495964,Anvi Anand,CHRO,Self-Awareness,5.0,5,Expert,4.73,93.0,>= 90th Percentile,"Expert Self-Awareness; exceptionally Feedback-Oriented - proactively solicits critical feedback from all levels and acts on it rapidly; deep Reflective practice - consistently pauses to extract lessons before reacting; precise Self-Knowledge - highly accurate understanding of own strengths, derailers, and impact; maintains a disciplined Personal Development plan; outstanding Emotional Regulation in high-stakes moments."
LTM713228,Yuvraj Mangat,Executive - Corporate Strategy,Mental Agility,4.74,5,Expert,4.92,98.0,>= 90th Percentile,Expert-level Mental Agility; demonstrates exceptional Inquisitiveness - asks penetrating 'why' and 'what if' questions that reframe problems; functions as a true Broad Scanner with interests spanning multiple unrelated disciplines; masterful Complexity handling; acts as a Connector drawing powerful analogies across domains; effective Improver/Critic who challenges assumptions constructively.
LTM713228,Yuvraj Mangat,Executive - Corporate Strategy,People Agility,5.0,5,Expert,4.92,98.0,>= 90th Percentile,Expert People Agility; genuinely Open-Minded - actively seeks perspectives radically unlike their own; exceptional People Smart capability - reads unspoken group dynamics with accuracy; masterful Politically Savvy navigation of complex organisational dynamics; outstanding Communicator who tailors message and medium to every audience; demonstrates exceptional Role Flexibility.
LTM713228,Yuvraj Mangat,Executive - Corporate Strategy,Change Agility,5.0,5,Expert,4.92,98.0,>= 90th Percentile,Expert Change Agility; prototype Experimenter mindset - proactively tests new approaches and learns rapidly from pilots; highly Comfortable with Ambiguity; compelling Visionary who articulates and energises others around a future state; exceptional Stalwart - sustains effectiveness through prolonged transformation; skilled Innovation Manager who helps others navigate change.
LTM713228,Yuvraj Mangat,Executive - Corporate Strategy,Results Agility,5.0,5,Expert,4.92,98.0,>= 90th Percentile,Expert Results Agility; demonstrates exceptional Drive - sets highest standards and holds self and others rigorously accountable; commands immediate respect - strong executive Presence; outstanding Resourcefulness in finding paths forward with limited resources; consistently Inspires Others to exceed expectations in first-time situations; maintains exceptional Composure under the most intense pressure.
LTM713228,Yuvraj Mangat,Executive - Corporate Strategy,Self-Awareness,4.86,5,Expert,4.92,98.0,>= 90th Percentile,"Expert Self-Awareness; exceptionally Feedback-Oriented - proactively solicits critical feedback from all levels and acts on it rapidly; deep Reflective practice - consistently pauses to extract lessons before reacting; precise Self-Knowledge - highly accurate understanding of own strengths, derailers, and impact; maintains a disciplined Personal Development plan; outstanding Emotional Regulation in high-stakes moments."
LTM635981,Patrick Kanda,Associate Principal - Programme and Project Management,Mental Agility,4.69,5,Expert,4.73,93.0,>= 90th Percentile,Expert-level Mental Agility; demonstrates exceptional Inquisitiveness - asks penetrating 'why' and 'what if' questions that reframe problems; functions as a true Broad Scanner with interests spanning multiple unrelated disciplines; masterful Complexity handling; acts as a Connector drawing powerful analogies across domains; effective Improver/Critic who challenges assumptions constructively.
LTM635981,Patrick Kanda,Associate Principal - Programme and Project Management,People Agility,4.28,4,Advanced,4.73,93.0,>= 90th Percentile,Advanced People Agility; strong Open-Minded orientation; good People Smart - accurately reads most interpersonal dynamics; navigates organisational politics ethically and effectively; tailors communication well; shows good Role Flexibility across different team contexts.
LTM635981,Patrick Kanda,Associate Principal - Programme and Project Management,Change Agility,4.76,5,Expert,4.73,93.0,>= 90th Percentile,Expert Change Agility; prototype Experimenter mindset - proactively tests new approaches and learns rapidly from pilots; highly Comfortable with Ambiguity; compelling Visionary who articulates and energises others around a future state; exceptional Stalwart - sustains effectiveness through prolonged transformation; skilled Innovation Manager who helps others navigate change.
LTM635981,Patrick Kanda,Associate Principal - Programme and Project Management,Results Agility,4.94,5,Expert,4.73,93.0,>= 90th Percentile,Expert Results Agility; demonstrates exceptional Drive - sets highest standards and holds self and others rigorously accountable; commands immediate respect - strong executive Presence; outstanding Resourcefulness in finding paths forward with limited resources; consistently Inspires Others to exceed expectations in first-time situations; maintains exceptional Composure under the most intense pressure.
LTM635981,Patrick Kanda,Associate Principal - Programme and Project Management,Self-Awareness,5.0,5,Expert,4.73,93.0,>= 90th Percentile,"Expert Self-Awareness; exceptionally Feedback-Oriented - proactively solicits critical feedback from all levels and acts on it rapidly; deep Reflective practice - consistently pauses to extract lessons before reacting; precise Self-Knowledge - highly accurate understanding of own strengths, derailers, and impact; maintains a disciplined Personal Development plan; outstanding Emotional Regulation in high-stakes moments."
LTM009331,Jeremiah Devan,Executive Vice President,Mental Agility,5.0,5,Expert,4.77,94.0,>= 90th Percentile,Expert-level Mental Agility; demonstrates exceptional Inquisitiveness - asks penetrating 'why' and 'what if' questions that reframe problems; functions as a true Broad Scanner with interests spanning multiple unrelated disciplines; masterful Complexity handling; acts as a Connector drawing powerful analogies across domains; effective Improver/Critic who challenges assumptions constructively.
LTM009331,Jeremiah Devan,Executive Vice President,People Agility,4.02,4,Advanced,4.77,94.0,>= 90th Percentile,Advanced People Agility; strong Open-Minded orientation; good People Smart - accurately reads most interpersonal dynamics; navigates organisational politics ethically and effectively; tailors communication well; shows good Role Flexibility across different team contexts.
LTM009331,Jeremiah Devan,Executive Vice President,Change Agility,5.0,5,Expert,4.77,94.0,>= 90th Percentile,Expert Change Agility; prototype Experimenter mindset - proactively tests new approaches and learns rapidly from pilots; highly Comfortable with Ambiguity; compelling Visionary who articulates and energises others around a future state; exceptional Stalwart - sustains effectiveness through prolonged transformation; skilled Innovation Manager who helps others navigate change.
LTM009331,Jeremiah Devan,Executive Vice President,Results Agility,5.0,5,Expert,4.77,94.0,>= 90th Percentile,Expert Results Agility; demonstrates exceptional Drive - sets highest standards and holds self and others rigorously accountable; commands immediate respect - strong executive Presence; outstanding Resourcefulness in finding paths forward with limited resources; consistently Inspires Others to exceed expectations in first-time situations; maintains exceptional Composure under the most intense pressure.
LTM009331,Jeremiah Devan,Executive Vice President,Self-Awareness,4.82,5,Expert,4.77,94.0,>= 90th Percentile,"Expert Self-Awareness; exceptionally Feedback-Oriented - proactively solicits critical feedback from all levels and acts on it rapidly; deep Reflective practice - consistently pauses to extract lessons before reacting; precise Self-Knowledge - highly accurate understanding of own strengths, derailers, and impact; maintains a disciplined Personal Development plan; outstanding Emotional Regulation in high-stakes moments."
LTM168548,Anmol More,Senior Executive - Secretarial,Mental Agility,5.0,5,Expert,5.0,100.0,>= 90th Percentile,Expert-level Mental Agility; demonstrates exceptional Inquisitiveness - asks penetrating 'why' and 'what if' questions that reframe problems; functions as a true Broad Scanner with interests spanning multiple unrelated disciplines; masterful Complexity handling; acts as a Connector drawing powerful analogies across domains; effective Improver/Critic who challenges assumptions constructively.
LTM168548,Anmol More,Senior Executive - Secretarial,People Agility,5.0,5,Expert,5.0,100.0,>= 90th Percentile,Expert People Agility; genuinely Open-Minded - actively seeks perspectives radically unlike their own; exceptional People Smart capability - reads unspoken group dynamics with accuracy; masterful Politically Savvy navigation of complex organisational dynamics; outstanding Communicator who tailors message and medium to every audience; demonstrates exceptional Role Flexibility.
LTM168548,Anmol More,Senior Executive - Secretarial,Change Agility,5.0,5,Expert,5.0,100.0,>= 90th Percentile,Expert Change Agility; prototype Experimenter mindset - proactively tests new approaches and learns rapidly from pilots; highly Comfortable with Ambiguity; compelling Visionary who articulates and energises others around a future state; exceptional Stalwart - sustains effectiveness through prolonged transformation; skilled Innovation Manager who helps others navigate change.
LTM168548,Anmol More,Senior Executive - Secretarial,Results Agility,5.0,5,Expert,5.0,100.0,>= 90th Percentile,Expert Results Agility; demonstrates exceptional Drive - sets highest standards and holds self and others rigorously accountable; commands immediate respect - strong executive Presence; outstanding Resourcefulness in finding paths forward with limited resources; consistently Inspires Others to exceed expectations in first-time situations; maintains exceptional Composure under the most intense pressure.
LTM168548,Anmol More,Senior Executive - Secretarial,Self-Awareness,5.0,5,Expert,5.0,100.0,>= 90th Percentile,"Expert Self-Awareness; exceptionally Feedback-Oriented - proactively solicits critical feedback from all levels and acts on it rapidly; deep Reflective practice - consistently pauses to extract lessons before reacting; precise Self-Knowledge - highly accurate understanding of own strengths, derailers, and impact; maintains a disciplined Personal Development plan; outstanding Emotional Regulation in high-stakes moments."
LTM205161,Chakradev Merchant,Principal Director - Business Development,Mental Agility,4.94,5,Expert,4.99,100.0,>= 90th Percentile,Expert-level Mental Agility; demonstrates exceptional Inquisitiveness - asks penetrating 'why' and 'what if' questions that reframe problems; functions as a true Broad Scanner with interests spanning multiple unrelated disciplines; masterful Complexity handling; acts as a Connector drawing powerful analogies across domains; effective Improver/Critic who challenges assumptions constructively.
LTM205161,Chakradev Merchant,Principal Director - Business Development,People Agility,5.0,5,Expert,4.99,100.0,>= 90th Percentile,Expert People Agility; genuinely Open-Minded - actively seeks perspectives radically unlike their own; exceptional People Smart capability - reads unspoken group dynamics with accuracy; masterful Politically Savvy navigation of complex organisational dynamics; outstanding Communicator who tailors message and medium to every audience; demonstrates exceptional Role Flexibility.
LTM205161,Chakradev Merchant,Principal Director - Business Development,Change Agility,5.0,5,Expert,4.99,100.0,>= 90th Percentile,Expert Change Agility; prototype Experimenter mindset - proactively tests new approaches and learns rapidly from pilots; highly Comfortable with Ambiguity; compelling Visionary who articulates and energises others around a future state; exceptional Stalwart - sustains effectiveness through prolonged transformation; skilled Innovation Manager who helps others navigate change.
LTM205161,Chakradev Merchant,Principal Director - Business Development,Results Agility,5.0,5,Expert,4.99,100.0,>= 90th Percentile,Expert Results Agility; demonstrates exceptional Drive - sets highest standards and holds self and others rigorously accountable; commands immediate respect - strong executive Presence; outstanding Resourcefulness in finding paths forward with limited resources; consistently Inspires Others to exceed expectations in first-time situations; maintains exceptional Composure under the most intense pressure.
LTM205161,Chakradev Merchant,Principal Director - Business Development,Self-Awareness,5.0,5,Expert,4.99,100.0,>= 90th Percentile,"Expert Self-Awareness; exceptionally Feedback-Oriented - proactively solicits critical feedback from all levels and acts on it rapidly; deep Reflective practice - consistently pauses to extract lessons before reacting; precise Self-Knowledge - highly accurate understanding of own strengths, derailers, and impact; maintains a disciplined Personal Development plan; outstanding Emotional Regulation in high-stakes moments."
LTM640306,Triya Gill,Vice President - Advisory,Mental Agility,5.0,5,Expert,5.0,100.0,>= 90th Percentile,Expert-level Mental Agility; demonstrates exceptional Inquisitiveness - asks penetrating 'why' and 'what if' questions that reframe problems; functions as a true Broad Scanner with interests spanning multiple unrelated disciplines; masterful Complexity handling; acts as a Connector drawing powerful analogies across domains; effective Improver/Critic who challenges assumptions constructively.
LTM640306,Triya Gill,Vice President - Advisory,People Agility,5.0,5,Expert,5.0,100.0,>= 90th Percentile,Expert People Agility; genuinely Open-Minded - actively seeks perspectives radically unlike their own; exceptional People Smart capability - reads unspoken group dynamics with accuracy; masterful Politically Savvy navigation of complex organisational dynamics; outstanding Communicator who tailors message and medium to every audience; demonstrates exceptional Role Flexibility.
LTM640306,Triya Gill,Vice President - Advisory,Change Agility,5.0,5,Expert,5.0,100.0,>= 90th Percentile,Expert Change Agility; prototype Experimenter mindset - proactively tests new approaches and learns rapidly from pilots; highly Comfortable with Ambiguity; compelling Visionary who articulates and energises others around a future state; exceptional Stalwart - sustains effectiveness through prolonged transformation; skilled Innovation Manager who helps others navigate change.
LTM640306,Triya Gill,Vice President - Advisory,Results Agility,5.0,5,Expert,5.0,100.0,>= 90th Percentile,Expert Results Agility; demonstrates exceptional Drive - sets highest standards and holds self and others rigorously accountable; commands immediate respect - strong executive Presence; outstanding Resourcefulness in finding paths forward with limited resources; consistently Inspires Others to exceed expectations in first-time situations; maintains exceptional Composure under the most intense pressure.
LTM640306,Triya Gill,Vice President - Advisory,Self-Awareness,5.0,5,Expert,5.0,100.0,>= 90th Percentile,"Expert Self-Awareness; exceptionally Feedback-Oriented - proactively solicits critical feedback from all levels and acts on it rapidly; deep Reflective practice - consistently pauses to extract lessons before reacting; precise Self-Knowledge - highly accurate understanding of own strengths, derailers, and impact; maintains a disciplined Personal Development plan; outstanding Emotional Regulation in high-stakes moments."
LTM800679,Zashil Mahajan,Senior Director - Practice Sales,Mental Agility,5.0,5,Expert,4.99,100.0,>= 90th Percentile,Expert-level Mental Agility; demonstrates exceptional Inquisitiveness - asks penetrating 'why' and 'what if' questions that reframe problems; functions as a true Broad Scanner with interests spanning multiple unrelated disciplines; masterful Complexity handling; acts as a Connector drawing powerful analogies across domains; effective Improver/Critic who challenges assumptions constructively.
LTM800679,Zashil Mahajan,Senior Director - Practice Sales,People Agility,5.0,5,Expert,4.99,100.0,>= 90th Percentile,Expert People Agility; genuinely Open-Minded - actively seeks perspectives radically unlike their own; exceptional People Smart capability - reads unspoken group dynamics with accuracy; masterful Politically Savvy navigation of complex organisational dynamics; outstanding Communicator who tailors message and medium to every audience; demonstrates exceptional Role Flexibility.
LTM800679,Zashil Mahajan,Senior Director - Practice Sales,Change Agility,5.0,5,Expert,4.99,100.0,>= 90th Percentile,Expert Change Agility; prototype Experimenter mindset - proactively tests new approaches and learns rapidly from pilots; highly Comfortable with Ambiguity; compelling Visionary who articulates and energises others around a future state; exceptional Stalwart - sustains effectiveness through prolonged transformation; skilled Innovation Manager who helps others navigate change.
LTM800679,Zashil Mahajan,Senior Director - Practice Sales,Results Agility,4.93,5,Expert,4.99,100.0,>= 90th Percentile,Expert Results Agility; demonstrates exceptional Drive - sets highest standards and holds self and others rigorously accountable; commands immediate respect - strong executive Presence; outstanding Resourcefulness in finding paths forward with limited resources; consistently Inspires Others to exceed expectations in first-time situations; maintains exceptional Composure under the most intense pressure.
LTM800679,Zashil Mahajan,Senior Director - Practice Sales,Self-Awareness,5.0,5,Expert,4.99,100.0,>= 90th Percentile,"Expert Self-Awareness; exceptionally Feedback-Oriented - proactively solicits critical feedback from all levels and acts on it rapidly; deep Reflective practice - consistently pauses to extract lessons before reacting; precise Self-Knowledge - highly accurate understanding of own strengths, derailers, and impact; maintains a disciplined Personal Development plan; outstanding Emotional Regulation in high-stakes moments."
LTM844493,Lavanya Subramaniam,Managing Principal - Cybersecurity,Mental Agility,3.85,4,Advanced,4.57,89.0,>= 90th Percentile,Advanced Mental Agility; strong Inquisitiveness and Broad Scanning behaviour; handles complexity well; makes useful connections across disciplines; challenges existing approaches constructively; solid critical and creative problem-solving capability.
LTM844493,Lavanya Subramaniam,Managing Principal - Cybersecurity,People Agility,4.28,4,Advanced,4.57,89.0,>= 90th Percentile,Advanced People Agility; strong Open-Minded orientation; good People Smart - accurately reads most interpersonal dynamics; navigates organisational politics ethically and effectively; tailors communication well; shows good Role Flexibility across different team contexts.
LTM844493,Lavanya Subramaniam,Managing Principal - Cybersecurity,Change Agility,4.93,5,Expert,4.57,89.0,>= 90th Percentile,Expert Change Agility; prototype Experimenter mindset - proactively tests new approaches and learns rapidly from pilots; highly Comfortable with Ambiguity; compelling Visionary who articulates and energises others around a future state; exceptional Stalwart - sustains effectiveness through prolonged transformation; skilled Innovation Manager who helps others navigate change.
LTM844493,Lavanya Subramaniam,Managing Principal - Cybersecurity,Results Agility,4.77,5,Expert,4.57,89.0,>= 90th Percentile,Expert Results Agility; demonstrates exceptional Drive - sets highest standards and holds self and others rigorously accountable; commands immediate respect - strong executive Presence; outstanding Resourcefulness in finding paths forward with limited resources; consistently Inspires Others to exceed expectations in first-time situations; maintains exceptional Composure under the most intense pressure.
LTM844493,Lavanya Subramaniam,Managing Principal - Cybersecurity,Self-Awareness,5.0,5,Expert,4.57,89.0,>= 90th Percentile,"Expert Self-Awareness; exceptionally Feedback-Oriented - proactively solicits critical feedback from all levels and acts on it rapidly; deep Reflective practice - consistently pauses to extract lessons before reacting; precise Self-Knowledge - highly accurate understanding of own strengths, derailers, and impact; maintains a disciplined Personal Development plan; outstanding Emotional Regulation in high-stakes moments."
LTM008318,Bishakha Dhaliwal,Senior Executive - Secretarial,Mental Agility,4.36,4,Advanced,4.74,94.0,>= 90th Percentile,Advanced Mental Agility; strong Inquisitiveness and Broad Scanning behaviour; handles complexity well; makes useful connections across disciplines; challenges existing approaches constructively; solid critical and creative problem-solving capability.
LTM008318,Bishakha Dhaliwal,Senior Executive - Secretarial,People Agility,4.96,5,Expert,4.74,94.0,>= 90th Percentile,Expert People Agility; genuinely Open-Minded - actively seeks perspectives radically unlike their own; exceptional People Smart capability - reads unspoken group dynamics with accuracy; masterful Politically Savvy navigation of complex organisational dynamics; outstanding Communicator who tailors message and medium to every audience; demonstrates exceptional Role Flexibility.
LTM008318,Bishakha Dhaliwal,Senior Executive - Secretarial,Change Agility,4.54,5,Expert,4.74,94.0,>= 90th Percentile,Expert Change Agility; prototype Experimenter mindset - proactively tests new approaches and learns rapidly from pilots; highly Comfortable with Ambiguity; compelling Visionary who articulates and energises others around a future state; exceptional Stalwart - sustains effectiveness through prolonged transformation; skilled Innovation Manager who helps others navigate change.
LTM008318,Bishakha Dhaliwal,Senior Executive - Secretarial,Results Agility,5.0,5,Expert,4.74,94.0,>= 90th Percentile,Expert Results Agility; demonstrates exceptional Drive - sets highest standards and holds self and others rigorously accountable; commands immediate respect - strong executive Presence; outstanding Resourcefulness in finding paths forward with limited resources; consistently Inspires Others to exceed expectations in first-time situations; maintains exceptional Composure under the most intense pressure.
LTM008318,Bishakha Dhaliwal,Senior Executive - Secretarial,Self-Awareness,4.83,5,Expert,4.74,94.0,>= 90th Percentile,"Expert Self-Awareness; exceptionally Feedback-Oriented - proactively solicits critical feedback from all levels and acts on it rapidly; deep Reflective practice - consistently pauses to extract lessons before reacting; precise Self-Knowledge - highly accurate understanding of own strengths, derailers, and impact; maintains a disciplined Personal Development plan; outstanding Emotional Regulation in high-stakes moments."
LTM457063,Megha Atwal,Senior Account Director,Mental Agility,5.0,5,Expert,4.81,95.0,>= 90th Percentile,Expert-level Mental Agility; demonstrates exceptional Inquisitiveness - asks penetrating 'why' and 'what if' questions that reframe problems; functions as a true Broad Scanner with interests spanning multiple unrelated disciplines; masterful Complexity handling; acts as a Connector drawing powerful analogies across domains; effective Improver/Critic who challenges assumptions constructively.
LTM457063,Megha Atwal,Senior Account Director,People Agility,4.86,5,Expert,4.81,95.0,>= 90th Percentile,Expert People Agility; genuinely Open-Minded - actively seeks perspectives radically unlike their own; exceptional People Smart capability - reads unspoken group dynamics with accuracy; masterful Politically Savvy navigation of complex organisational dynamics; outstanding Communicator who tailors message and medium to every audience; demonstrates exceptional Role Flexibility.
LTM457063,Megha Atwal,Senior Account Director,Change Agility,5.0,5,Expert,4.81,95.0,>= 90th Percentile,Expert Change Agility; prototype Experimenter mindset - proactively tests new approaches and learns rapidly from pilots; highly Comfortable with Ambiguity; compelling Visionary who articulates and energises others around a future state; exceptional Stalwart - sustains effectiveness through prolonged transformation; skilled Innovation Manager who helps others navigate change.
LTM457063,Megha Atwal,Senior Account Director,Results Agility,4.19,4,Advanced,4.81,95.0,>= 90th Percentile,Advanced Results Agility; strong Drive with high self-accountability; solid executive Presence that builds confidence; demonstrates good Resourcefulness; effectively Inspires Others to high performance; maintains Composure well in most high-pressure situations.
LTM457063,Megha Atwal,Senior Account Director,Self-Awareness,5.0,5,Expert,4.81,95.0,>= 90th Percentile,"Expert Self-Awareness; exceptionally Feedback-Oriented - proactively solicits critical feedback from all levels and acts on it rapidly; deep Reflective practice - consistently pauses to extract lessons before reacting; precise Self-Knowledge - highly accurate understanding of own strengths, derailers, and impact; maintains a disciplined Personal Development plan; outstanding Emotional Regulation in high-stakes moments."
LTM669067,Karan Raj,Senior Account Director,Mental Agility,5.0,5,Expert,4.99,100.0,>= 90th Percentile,Expert-level Mental Agility; demonstrates exceptional Inquisitiveness - asks penetrating 'why' and 'what if' questions that reframe problems; functions as a true Broad Scanner with interests spanning multiple unrelated disciplines; masterful Complexity handling; acts as a Connector drawing powerful analogies across domains; effective Improver/Critic who challenges assumptions constructively.
LTM669067,Karan Raj,Senior Account Director,People Agility,5.0,5,Expert,4.99,100.0,>= 90th Percentile,Expert People Agility; genuinely Open-Minded - actively seeks perspectives radically unlike their own; exceptional People Smart capability - reads unspoken group dynamics with accuracy; masterful Politically Savvy navigation of complex organisational dynamics; outstanding Communicator who tailors message and medium to every audience; demonstrates exceptional Role Flexibility.
LTM669067,Karan Raj,Senior Account Director,Change Agility,5.0,5,Expert,4.99,100.0,>= 90th Percentile,Expert Change Agility; prototype Experimenter mindset - proactively tests new approaches and learns rapidly from pilots; highly Comfortable with Ambiguity; compelling Visionary who articulates and energises others around a future state; exceptional Stalwart - sustains effectiveness through prolonged transformation; skilled Innovation Manager who helps others navigate change.
LTM669067,Karan Raj,Senior Account Director,Results Agility,5.0,5,Expert,4.99,100.0,>= 90th Percentile,Expert Results Agility; demonstrates exceptional Drive - sets highest standards and holds self and others rigorously accountable; commands immediate respect - strong executive Presence; outstanding Resourcefulness in finding paths forward with limited resources; consistently Inspires Others to exceed expectations in first-time situations; maintains exceptional Composure under the most intense pressure.
LTM669067,Karan Raj,Senior Account Director,Self-Awareness,4.93,5,Expert,4.99,100.0,>= 90th Percentile,"Expert Self-Awareness; exceptionally Feedback-Oriented - proactively solicits critical feedback from all levels and acts on it rapidly; deep Reflective practice - consistently pauses to extract lessons before reacting; precise Self-Knowledge - highly accurate understanding of own strengths, derailers, and impact; maintains a disciplined Personal Development plan; outstanding Emotional Regulation in high-stakes moments."
LTM468664,Hritik Kaur,Senior Director - Practice Sales,Mental Agility,4.86,5,Expert,4.67,92.0,>= 90th Percentile,Expert-level Mental Agility; demonstrates exceptional Inquisitiveness - asks penetrating 'why' and 'what if' questions that reframe problems; functions as a true Broad Scanner with interests spanning multiple unrelated disciplines; masterful Complexity handling; acts as a Connector drawing powerful analogies across domains; effective Improver/Critic who challenges assumptions constructively.
LTM468664,Hritik Kaur,Senior Director - Practice Sales,People Agility,4.98,5,Expert,4.67,92.0,>= 90th Percentile,Expert People Agility; genuinely Open-Minded - actively seeks perspectives radically unlike their own; exceptional People Smart capability - reads unspoken group dynamics with accuracy; masterful Politically Savvy navigation of complex organisational dynamics; outstanding Communicator who tailors message and medium to every audience; demonstrates exceptional Role Flexibility.
LTM468664,Hritik Kaur,Senior Director - Practice Sales,Change Agility,4.39,4,Advanced,4.67,92.0,>= 90th Percentile,Advanced Change Agility; demonstrates strong Experimenter orientation; comfortable with ambiguity in most situations; articulates a clear and motivating vision of change; sustains performance during significant transitions; helps team members adapt to change effectively.
LTM468664,Hritik Kaur,Senior Director - Practice Sales,Results Agility,5.0,5,Expert,4.67,92.0,>= 90th Percentile,Expert Results Agility; demonstrates exceptional Drive - sets highest standards and holds self and others rigorously accountable; commands immediate respect - strong executive Presence; outstanding Resourcefulness in finding paths forward with limited resources; consistently Inspires Others to exceed expectations in first-time situations; maintains exceptional Composure under the most intense pressure.
LTM468664,Hritik Kaur,Senior Director - Practice Sales,Self-Awareness,4.14,4,Advanced,4.67,92.0,>= 90th Percentile,Advanced Self-Awareness; actively seeks and acts on feedback; demonstrates strong Reflective behaviour; generally accurate Self-Knowledge with minor blind spots; follows a consistent Personal Development plan; manages emotional responses well in most high-pressure situations.
LTM085283,Amaira Narang,Principal Director - Business Development,Mental Agility,5.0,5,Expert,5.0,100.0,>= 90th Percentile,Expert-level Mental Agility; demonstrates exceptional Inquisitiveness - asks penetrating 'why' and 'what if' questions that reframe problems; functions as a true Broad Scanner with interests spanning multiple unrelated disciplines; masterful Complexity handling; acts as a Connector drawing powerful analogies across domains; effective Improver/Critic who challenges assumptions constructively.
LTM085283,Amaira Narang,Principal Director - Business Development,People Agility,5.0,5,Expert,5.0,100.0,>= 90th Percentile,Expert People Agility; genuinely Open-Minded - actively seeks perspectives radically unlike their own; exceptional People Smart capability - reads unspoken group dynamics with accuracy; masterful Politically Savvy navigation of complex organisational dynamics; outstanding Communicator who tailors message and medium to every audience; demonstrates exceptional Role Flexibility.
LTM085283,Amaira Narang,Principal Director - Business Development,Change Agility,4.99,5,Expert,5.0,100.0,>= 90th Percentile,Expert Change Agility; prototype Experimenter mindset - proactively tests new approaches and learns rapidly from pilots; highly Comfortable with Ambiguity; compelling Visionary who articulates and energises others around a future state; exceptional Stalwart - sustains effectiveness through prolonged transformation; skilled Innovation Manager who helps others navigate change.
LTM085283,Amaira Narang,Principal Director - Business Development,Results Agility,5.0,5,Expert,5.0,100.0,>= 90th Percentile,Expert Results Agility; demonstrates exceptional Drive - sets highest standards and holds self and others rigorously accountable; commands immediate respect - strong executive Presence; outstanding Resourcefulness in finding paths forward with limited resources; consistently Inspires Others to exceed expectations in first-time situations; maintains exceptional Composure under the most intense pressure.
LTM085283,Amaira Narang,Principal Director - Business Development,Self-Awareness,5.0,5,Expert,5.0,100.0,>= 90th Percentile,"Expert Self-Awareness; exceptionally Feedback-Oriented - proactively solicits critical feedback from all levels and acts on it rapidly; deep Reflective practice - consistently pauses to extract lessons before reacting; precise Self-Knowledge - highly accurate understanding of own strengths, derailers, and impact; maintains a disciplined Personal Development plan; outstanding Emotional Regulation in high-stakes moments."
LTM749321,Yatin D'Alia,Associate Principal - Programme and Project Management,Mental Agility,5.0,5,Expert,4.71,93.0,>= 90th Percentile,Expert-level Mental Agility; demonstrates exceptional Inquisitiveness - asks penetrating 'why' and 'what if' questions that reframe problems; functions as a true Broad Scanner with interests spanning multiple unrelated disciplines; masterful Complexity handling; acts as a Connector drawing powerful analogies across domains; effective Improver/Critic who challenges assumptions constructively.
LTM749321,Yatin D'Alia,Associate Principal - Programme and Project Management,People Agility,3.98,4,Advanced,4.71,93.0,>= 90th Percentile,Advanced People Agility; strong Open-Minded orientation; good People Smart - accurately reads most interpersonal dynamics; navigates organisational politics ethically and effectively; tailors communication well; shows good Role Flexibility across different team contexts.
LTM749321,Yatin D'Alia,Associate Principal - Programme and Project Management,Change Agility,5.0,5,Expert,4.71,93.0,>= 90th Percentile,Expert Change Agility; prototype Experimenter mindset - proactively tests new approaches and learns rapidly from pilots; highly Comfortable with Ambiguity; compelling Visionary who articulates and energises others around a future state; exceptional Stalwart - sustains effectiveness through prolonged transformation; skilled Innovation Manager who helps others navigate change.
LTM749321,Yatin D'Alia,Associate Principal - Programme and Project Management,Results Agility,4.55,5,Expert,4.71,93.0,>= 90th Percentile,Expert Results Agility; demonstrates exceptional Drive - sets highest standards and holds self and others rigorously accountable; commands immediate respect - strong executive Presence; outstanding Resourcefulness in finding paths forward with limited resources; consistently Inspires Others to exceed expectations in first-time situations; maintains exceptional Composure under the most intense pressure.
LTM749321,Yatin D'Alia,Associate Principal - Programme and Project Management,Self-Awareness,5.0,5,Expert,4.71,93.0,>= 90th Percentile,"Expert Self-Awareness; exceptionally Feedback-Oriented - proactively solicits critical feedback from all levels and acts on it rapidly; deep Reflective practice - consistently pauses to extract lessons before reacting; precise Self-Knowledge - highly accurate understanding of own strengths, derailers, and impact; maintains a disciplined Personal Development plan; outstanding Emotional Regulation in high-stakes moments."
LTM754448,Jacob Yogi,Senior Director - Treasury,Mental Agility,5.0,5,Expert,4.75,94.0,>= 90th Percentile,Expert-level Mental Agility; demonstrates exceptional Inquisitiveness - asks penetrating 'why' and 'what if' questions that reframe problems; functions as a true Broad Scanner with interests spanning multiple unrelated disciplines; masterful Complexity handling; acts as a Connector drawing powerful analogies across domains; effective Improver/Critic who challenges assumptions constructively.
LTM754448,Jacob Yogi,Senior Director - Treasury,People Agility,5.0,5,Expert,4.75,94.0,>= 90th Percentile,Expert People Agility; genuinely Open-Minded - actively seeks perspectives radically unlike their own; exceptional People Smart capability - reads unspoken group dynamics with accuracy; masterful Politically Savvy navigation of complex organisational dynamics; outstanding Communicator who tailors message and medium to every audience; demonstrates exceptional Role Flexibility.
LTM754448,Jacob Yogi,Senior Director - Treasury,Change Agility,5.0,5,Expert,4.75,94.0,>= 90th Percentile,Expert Change Agility; prototype Experimenter mindset - proactively tests new approaches and learns rapidly from pilots; highly Comfortable with Ambiguity; compelling Visionary who articulates and energises others around a future state; exceptional Stalwart - sustains effectiveness through prolonged transformation; skilled Innovation Manager who helps others navigate change.
LTM754448,Jacob Yogi,Senior Director - Treasury,Results Agility,4.83,5,Expert,4.75,94.0,>= 90th Percentile,Expert Results Agility; demonstrates exceptional Drive - sets highest standards and holds self and others rigorously accountable; commands immediate respect - strong executive Presence; outstanding Resourcefulness in finding paths forward with limited resources; consistently Inspires Others to exceed expectations in first-time situations; maintains exceptional Composure under the most intense pressure.
LTM754448,Jacob Yogi,Senior Director - Treasury,Self-Awareness,3.92,4,Advanced,4.75,94.0,>= 90th Percentile,Advanced Self-Awareness; actively seeks and acts on feedback; demonstrates strong Reflective behaviour; generally accurate Self-Knowledge with minor blind spots; follows a consistent Personal Development plan; manages emotional responses well in most high-pressure situations.
LTM885053,Ubika Dubey,Senior Specialist - Corporate Strategy,Mental Agility,5.0,5,Expert,4.98,100.0,>= 90th Percentile,Expert-level Mental Agility; demonstrates exceptional Inquisitiveness - asks penetrating 'why' and 'what if' questions that reframe problems; functions as a true Broad Scanner with interests spanning multiple unrelated disciplines; masterful Complexity handling; acts as a Connector drawing powerful analogies across domains; effective Improver/Critic who challenges assumptions constructively.
LTM885053,Ubika Dubey,Senior Specialist - Corporate Strategy,People Agility,5.0,5,Expert,4.98,100.0,>= 90th Percentile,Expert People Agility; genuinely Open-Minded - actively seeks perspectives radically unlike their own; exceptional People Smart capability - reads unspoken group dynamics with accuracy; masterful Politically Savvy navigation of complex organisational dynamics; outstanding Communicator who tailors message and medium to every audience; demonstrates exceptional Role Flexibility.
LTM885053,Ubika Dubey,Senior Specialist - Corporate Strategy,Change Agility,5.0,5,Expert,4.98,100.0,>= 90th Percentile,Expert Change Agility; prototype Experimenter mindset - proactively tests new approaches and learns rapidly from pilots; highly Comfortable with Ambiguity; compelling Visionary who articulates and energises others around a future state; exceptional Stalwart - sustains effectiveness through prolonged transformation; skilled Innovation Manager who helps others navigate change.
LTM885053,Ubika Dubey,Senior Specialist - Corporate Strategy,Results Agility,5.0,5,Expert,4.98,100.0,>= 90th Percentile,Expert Results Agility; demonstrates exceptional Drive - sets highest standards and holds self and others rigorously accountable; commands immediate respect - strong executive Presence; outstanding Resourcefulness in finding paths forward with limited resources; consistently Inspires Others to exceed expectations in first-time situations; maintains exceptional Composure under the most intense pressure.
LTM885053,Ubika Dubey,Senior Specialist - Corporate Strategy,Self-Awareness,4.92,5,Expert,4.98,100.0,>= 90th Percentile,"Expert Self-Awareness; exceptionally Feedback-Oriented - proactively solicits critical feedback from all levels and acts on it rapidly; deep Reflective practice - consistently pauses to extract lessons before reacting; precise Self-Knowledge - highly accurate understanding of own strengths, derailers, and impact; maintains a disciplined Personal Development plan; outstanding Emotional Regulation in high-stakes moments."
LTM034163,Chandran Suri,Senior Specialist - Corporate Strategy,Mental Agility,5.0,5,Expert,5.0,100.0,>= 90th Percentile,Expert-level Mental Agility; demonstrates exceptional Inquisitiveness - asks penetrating 'why' and 'what if' questions that reframe problems; functions as a true Broad Scanner with interests spanning multiple unrelated disciplines; masterful Complexity handling; acts as a Connector drawing powerful analogies across domains; effective Improver/Critic who challenges assumptions constructively.
LTM034163,Chandran Suri,Senior Specialist - Corporate Strategy,People Agility,5.0,5,Expert,5.0,100.0,>= 90th Percentile,Expert People Agility; genuinely Open-Minded - actively seeks perspectives radically unlike their own; exceptional People Smart capability - reads unspoken group dynamics with accuracy; masterful Politically Savvy navigation of complex organisational dynamics; outstanding Communicator who tailors message and medium to every audience; demonstrates exceptional Role Flexibility.
LTM034163,Chandran Suri,Senior Specialist - Corporate Strategy,Change Agility,5.0,5,Expert,5.0,100.0,>= 90th Percentile,Expert Change Agility; prototype Experimenter mindset - proactively tests new approaches and learns rapidly from pilots; highly Comfortable with Ambiguity; compelling Visionary who articulates and energises others around a future state; exceptional Stalwart - sustains effectiveness through prolonged transformation; skilled Innovation Manager who helps others navigate change.
LTM034163,Chandran Suri,Senior Specialist - Corporate Strategy,Results Agility,5.0,5,Expert,5.0,100.0,>= 90th Percentile,Expert Results Agility; demonstrates exceptional Drive - sets highest standards and holds self and others rigorously accountable; commands immediate respect - strong executive Presence; outstanding Resourcefulness in finding paths forward with limited resources; consistently Inspires Others to exceed expectations in first-time situations; maintains exceptional Composure under the most intense pressure.
LTM034163,Chandran Suri,Senior Specialist - Corporate Strategy,Self-Awareness,5.0,5,Expert,5.0,100.0,>= 90th Percentile,"Expert Self-Awareness; exceptionally Feedback-Oriented - proactively solicits critical feedback from all levels and acts on it rapidly; deep Reflective practice - consistently pauses to extract lessons before reacting; precise Self-Knowledge - highly accurate understanding of own strengths, derailers, and impact; maintains a disciplined Personal Development plan; outstanding Emotional Regulation in high-stakes moments."
LTM592350,Meera Bali,Senior Specialist - Corporate Strategy,Mental Agility,4.8,5,Expert,4.88,97.0,>= 90th Percentile,Expert-level Mental Agility; demonstrates exceptional Inquisitiveness - asks penetrating 'why' and 'what if' questions that reframe problems; functions as a true Broad Scanner with interests spanning multiple unrelated disciplines; masterful Complexity handling; acts as a Connector drawing powerful analogies across domains; effective Improver/Critic who challenges assumptions constructively.
LTM592350,Meera Bali,Senior Specialist - Corporate Strategy,People Agility,4.85,5,Expert,4.88,97.0,>= 90th Percentile,Expert People Agility; genuinely Open-Minded - actively seeks perspectives radically unlike their own; exceptional People Smart capability - reads unspoken group dynamics with accuracy; masterful Politically Savvy navigation of complex organisational dynamics; outstanding Communicator who tailors message and medium to every audience; demonstrates exceptional Role Flexibility.
LTM592350,Meera Bali,Senior Specialist - Corporate Strategy,Change Agility,4.77,5,Expert,4.88,97.0,>= 90th Percentile,Expert Change Agility; prototype Experimenter mindset - proactively tests new approaches and learns rapidly from pilots; highly Comfortable with Ambiguity; compelling Visionary who articulates and energises others around a future state; exceptional Stalwart - sustains effectiveness through prolonged transformation; skilled Innovation Manager who helps others navigate change.
LTM592350,Meera Bali,Senior Specialist - Corporate Strategy,Results Agility,5.0,5,Expert,4.88,97.0,>= 90th Percentile,Expert Results Agility; demonstrates exceptional Drive - sets highest standards and holds self and others rigorously accountable; commands immediate respect - strong executive Presence; outstanding Resourcefulness in finding paths forward with limited resources; consistently Inspires Others to exceed expectations in first-time situations; maintains exceptional Composure under the most intense pressure.
LTM592350,Meera Bali,Senior Specialist - Corporate Strategy,Self-Awareness,5.0,5,Expert,4.88,97.0,>= 90th Percentile,"Expert Self-Awareness; exceptionally Feedback-Oriented - proactively solicits critical feedback from all levels and acts on it rapidly; deep Reflective practice - consistently pauses to extract lessons before reacting; precise Self-Knowledge - highly accurate understanding of own strengths, derailers, and impact; maintains a disciplined Personal Development plan; outstanding Emotional Regulation in high-stakes moments."
LTM550753,Jacob Patil,Specialist - Corporate Strategy,Mental Agility,5.0,5,Expert,4.96,99.0,>= 90th Percentile,Expert-level Mental Agility; demonstrates exceptional Inquisitiveness - asks penetrating 'why' and 'what if' questions that reframe problems; functions as a true Broad Scanner with interests spanning multiple unrelated disciplines; masterful Complexity handling; acts as a Connector drawing powerful analogies across domains; effective Improver/Critic who challenges assumptions constructively.
LTM550753,Jacob Patil,Specialist - Corporate Strategy,People Agility,4.79,5,Expert,4.96,99.0,>= 90th Percentile,Expert People Agility; genuinely Open-Minded - actively seeks perspectives radically unlike their own; exceptional People Smart capability - reads unspoken group dynamics with accuracy; masterful Politically Savvy navigation of complex organisational dynamics; outstanding Communicator who tailors message and medium to every audience; demonstrates exceptional Role Flexibility.
LTM550753,Jacob Patil,Specialist - Corporate Strategy,Change Agility,5.0,5,Expert,4.96,99.0,>= 90th Percentile,Expert Change Agility; prototype Experimenter mindset - proactively tests new approaches and learns rapidly from pilots; highly Comfortable with Ambiguity; compelling Visionary who articulates and energises others around a future state; exceptional Stalwart - sustains effectiveness through prolonged transformation; skilled Innovation Manager who helps others navigate change.
LTM550753,Jacob Patil,Specialist - Corporate Strategy,Results Agility,5.0,5,Expert,4.96,99.0,>= 90th Percentile,Expert Results Agility; demonstrates exceptional Drive - sets highest standards and holds self and others rigorously accountable; commands immediate respect - strong executive Presence; outstanding Resourcefulness in finding paths forward with limited resources; consistently Inspires Others to exceed expectations in first-time situations; maintains exceptional Composure under the most intense pressure.
LTM550753,Jacob Patil,Specialist - Corporate Strategy,Self-Awareness,5.0,5,Expert,4.96,99.0,>= 90th Percentile,"Expert Self-Awareness; exceptionally Feedback-Oriented - proactively solicits critical feedback from all levels and acts on it rapidly; deep Reflective practice - consistently pauses to extract lessons before reacting; precise Self-Knowledge - highly accurate understanding of own strengths, derailers, and impact; maintains a disciplined Personal Development plan; outstanding Emotional Regulation in high-stakes moments."
LTM329391,Raksha Parmer,Associate Principal - Secretarial,Mental Agility,4.34,4,Advanced,4.7,93.0,>= 90th Percentile,Advanced Mental Agility; strong Inquisitiveness and Broad Scanning behaviour; handles complexity well; makes useful connections across disciplines; challenges existing approaches constructively; solid critical and creative problem-solving capability.
LTM329391,Raksha Parmer,Associate Principal - Secretarial,People Agility,5.0,5,Expert,4.7,93.0,>= 90th Percentile,Expert People Agility; genuinely Open-Minded - actively seeks perspectives radically unlike their own; exceptional People Smart capability - reads unspoken group dynamics with accuracy; masterful Politically Savvy navigation of complex organisational dynamics; outstanding Communicator who tailors message and medium to every audience; demonstrates exceptional Role Flexibility.
LTM329391,Raksha Parmer,Associate Principal - Secretarial,Change Agility,5.0,5,Expert,4.7,93.0,>= 90th Percentile,Expert Change Agility; prototype Experimenter mindset - proactively tests new approaches and learns rapidly from pilots; highly Comfortable with Ambiguity; compelling Visionary who articulates and energises others around a future state; exceptional Stalwart - sustains effectiveness through prolonged transformation; skilled Innovation Manager who helps others navigate change.
LTM329391,Raksha Parmer,Associate Principal - Secretarial,Results Agility,5.0,5,Expert,4.7,93.0,>= 90th Percentile,Expert Results Agility; demonstrates exceptional Drive - sets highest standards and holds self and others rigorously accountable; commands immediate respect - strong executive Presence; outstanding Resourcefulness in finding paths forward with limited resources; consistently Inspires Others to exceed expectations in first-time situations; maintains exceptional Composure under the most intense pressure.
LTM329391,Raksha Parmer,Associate Principal - Secretarial,Self-Awareness,4.14,4,Advanced,4.7,93.0,>= 90th Percentile,Advanced Self-Awareness; actively seeks and acts on feedback; demonstrates strong Reflective behaviour; generally accurate Self-Knowledge with minor blind spots; follows a consistent Personal Development plan; manages emotional responses well in most high-pressure situations.
LTM841936,Sneha Majumdar,Senior Specialist - Corporate Strategy,Mental Agility,5.0,5,Expert,4.64,91.0,>= 90th Percentile,Expert-level Mental Agility; demonstrates exceptional Inquisitiveness - asks penetrating 'why' and 'what if' questions that reframe problems; functions as a true Broad Scanner with interests spanning multiple unrelated disciplines; masterful Complexity handling; acts as a Connector drawing powerful analogies across domains; effective Improver/Critic who challenges assumptions constructively.
LTM841936,Sneha Majumdar,Senior Specialist - Corporate Strategy,People Agility,4.81,5,Expert,4.64,91.0,>= 90th Percentile,Expert People Agility; genuinely Open-Minded - actively seeks perspectives radically unlike their own; exceptional People Smart capability - reads unspoken group dynamics with accuracy; masterful Politically Savvy navigation of complex organisational dynamics; outstanding Communicator who tailors message and medium to every audience; demonstrates exceptional Role Flexibility.
LTM841936,Sneha Majumdar,Senior Specialist - Corporate Strategy,Change Agility,3.82,4,Advanced,4.64,91.0,>= 90th Percentile,Advanced Change Agility; demonstrates strong Experimenter orientation; comfortable with ambiguity in most situations; articulates a clear and motivating vision of change; sustains performance during significant transitions; helps team members adapt to change effectively.
LTM841936,Sneha Majumdar,Senior Specialist - Corporate Strategy,Results Agility,5.0,5,Expert,4.64,91.0,>= 90th Percentile,Expert Results Agility; demonstrates exceptional Drive - sets highest standards and holds self and others rigorously accountable; commands immediate respect - strong executive Presence; outstanding Resourcefulness in finding paths forward with limited resources; consistently Inspires Others to exceed expectations in first-time situations; maintains exceptional Composure under the most intense pressure.
LTM841936,Sneha Majumdar,Senior Specialist - Corporate Strategy,Self-Awareness,4.57,5,Expert,4.64,91.0,>= 90th Percentile,"Expert Self-Awareness; exceptionally Feedback-Oriented - proactively solicits critical feedback from all levels and acts on it rapidly; deep Reflective practice - consistently pauses to extract lessons before reacting; precise Self-Knowledge - highly accurate understanding of own strengths, derailers, and impact; maintains a disciplined Personal Development plan; outstanding Emotional Regulation in high-stakes moments."
LTM724329,Darsh Sha,Associate Principal - Secretarial,Mental Agility,5.0,5,Expert,4.97,99.0,>= 90th Percentile,Expert-level Mental Agility; demonstrates exceptional Inquisitiveness - asks penetrating 'why' and 'what if' questions that reframe problems; functions as a true Broad Scanner with interests spanning multiple unrelated disciplines; masterful Complexity handling; acts as a Connector drawing powerful analogies across domains; effective Improver/Critic who challenges assumptions constructively.
LTM724329,Darsh Sha,Associate Principal - Secretarial,People Agility,5.0,5,Expert,4.97,99.0,>= 90th Percentile,Expert People Agility; genuinely Open-Minded - actively seeks perspectives radically unlike their own; exceptional People Smart capability - reads unspoken group dynamics with accuracy; masterful Politically Savvy navigation of complex organisational dynamics; outstanding Communicator who tailors message and medium to every audience; demonstrates exceptional Role Flexibility.
LTM724329,Darsh Sha,Associate Principal - Secretarial,Change Agility,5.0,5,Expert,4.97,99.0,>= 90th Percentile,Expert Change Agility; prototype Experimenter mindset - proactively tests new approaches and learns rapidly from pilots; highly Comfortable with Ambiguity; compelling Visionary who articulates and energises others around a future state; exceptional Stalwart - sustains effectiveness through prolonged transformation; skilled Innovation Manager who helps others navigate change.
LTM724329,Darsh Sha,Associate Principal - Secretarial,Results Agility,5.0,5,Expert,4.97,99.0,>= 90th Percentile,Expert Results Agility; demonstrates exceptional Drive - sets highest standards and holds self and others rigorously accountable; commands immediate respect - strong executive Presence; outstanding Resourcefulness in finding paths forward with limited resources; consistently Inspires Others to exceed expectations in first-time situations; maintains exceptional Composure under the most intense pressure.
LTM724329,Darsh Sha,Associate Principal - Secretarial,Self-Awareness,4.83,5,Expert,4.97,99.0,>= 90th Percentile,"Expert Self-Awareness; exceptionally Feedback-Oriented - proactively solicits critical feedback from all levels and acts on it rapidly; deep Reflective practice - consistently pauses to extract lessons before reacting; precise Self-Knowledge - highly accurate understanding of own strengths, derailers, and impact; maintains a disciplined Personal Development plan; outstanding Emotional Regulation in high-stakes moments."
LTM198872,Hitesh Bail,Executive - Corporate Strategy,Mental Agility,4.79,5,Expert,4.83,96.0,>= 90th Percentile,Expert-level Mental Agility; demonstrates exceptional Inquisitiveness - asks penetrating 'why' and 'what if' questions that reframe problems; functions as a true Broad Scanner with interests spanning multiple unrelated disciplines; masterful Complexity handling; acts as a Connector drawing powerful analogies across domains; effective Improver/Critic who challenges assumptions constructively.
LTM198872,Hitesh Bail,Executive - Corporate Strategy,People Agility,5.0,5,Expert,4.83,96.0,>= 90th Percentile,Expert People Agility; genuinely Open-Minded - actively seeks perspectives radically unlike their own; exceptional People Smart capability - reads unspoken group dynamics with accuracy; masterful Politically Savvy navigation of complex organisational dynamics; outstanding Communicator who tailors message and medium to every audience; demonstrates exceptional Role Flexibility.
LTM198872,Hitesh Bail,Executive - Corporate Strategy,Change Agility,5.0,5,Expert,4.83,96.0,>= 90th Percentile,Expert Change Agility; prototype Experimenter mindset - proactively tests new approaches and learns rapidly from pilots; highly Comfortable with Ambiguity; compelling Visionary who articulates and energises others around a future state; exceptional Stalwart - sustains effectiveness through prolonged transformation; skilled Innovation Manager who helps others navigate change.
LTM198872,Hitesh Bail,Executive - Corporate Strategy,Results Agility,5.0,5,Expert,4.83,96.0,>= 90th Percentile,Expert Results Agility; demonstrates exceptional Drive - sets highest standards and holds self and others rigorously accountable; commands immediate respect - strong executive Presence; outstanding Resourcefulness in finding paths forward with limited resources; consistently Inspires Others to exceed expectations in first-time situations; maintains exceptional Composure under the most intense pressure.
LTM198872,Hitesh Bail,Executive - Corporate Strategy,Self-Awareness,4.37,4,Advanced,4.83,96.0,>= 90th Percentile,Advanced Self-Awareness; actively seeks and acts on feedback; demonstrates strong Reflective behaviour; generally accurate Self-Knowledge with minor blind spots; follows a consistent Personal Development plan; manages emotional responses well in most high-pressure situations.
LTM822440,Gauri Kohli,Executive - Corporate Strategy,Mental Agility,3.99,4,Advanced,4.25,81.0,75th-89th Percentile,Advanced Mental Agility; strong Inquisitiveness and Broad Scanning behaviour; handles complexity well; makes useful connections across disciplines; challenges existing approaches constructively; solid critical and creative problem-solving capability.
LTM822440,Gauri Kohli,Executive - Corporate Strategy,People Agility,3.89,4,Advanced,4.25,81.0,75th-89th Percentile,Advanced People Agility; strong Open-Minded orientation; good People Smart - accurately reads most interpersonal dynamics; navigates organisational politics ethically and effectively; tailors communication well; shows good Role Flexibility across different team contexts.
LTM822440,Gauri Kohli,Executive - Corporate Strategy,Change Agility,3.7,4,Advanced,4.25,81.0,75th-89th Percentile,Advanced Change Agility; demonstrates strong Experimenter orientation; comfortable with ambiguity in most situations; articulates a clear and motivating vision of change; sustains performance during significant transitions; helps team members adapt to change effectively.
LTM822440,Gauri Kohli,Executive - Corporate Strategy,Results Agility,5.0,5,Expert,4.25,81.0,75th-89th Percentile,Expert Results Agility; demonstrates exceptional Drive - sets highest standards and holds self and others rigorously accountable; commands immediate respect - strong executive Presence; outstanding Resourcefulness in finding paths forward with limited resources; consistently Inspires Others to exceed expectations in first-time situations; maintains exceptional Composure under the most intense pressure.
LTM822440,Gauri Kohli,Executive - Corporate Strategy,Self-Awareness,4.69,5,Expert,4.25,81.0,75th-89th Percentile,"Expert Self-Awareness; exceptionally Feedback-Oriented - proactively solicits critical feedback from all levels and acts on it rapidly; deep Reflective practice - consistently pauses to extract lessons before reacting; precise Self-Knowledge - highly accurate understanding of own strengths, derailers, and impact; maintains a disciplined Personal Development plan; outstanding Emotional Regulation in high-stakes moments."
LTM485632,Harshil Biswas,Executive Vice President,Mental Agility,4.76,5,Expert,4.74,94.0,>= 90th Percentile,Expert-level Mental Agility; demonstrates exceptional Inquisitiveness - asks penetrating 'why' and 'what if' questions that reframe problems; functions as a true Broad Scanner with interests spanning multiple unrelated disciplines; masterful Complexity handling; acts as a Connector drawing powerful analogies across domains; effective Improver/Critic who challenges assumptions constructively.
LTM485632,Harshil Biswas,Executive Vice President,People Agility,4.37,4,Advanced,4.74,94.0,>= 90th Percentile,Advanced People Agility; strong Open-Minded orientation; good People Smart - accurately reads most interpersonal dynamics; navigates organisational politics ethically and effectively; tailors communication well; shows good Role Flexibility across different team contexts.
LTM485632,Harshil Biswas,Executive Vice President,Change Agility,4.6,5,Expert,4.74,94.0,>= 90th Percentile,Expert Change Agility; prototype Experimenter mindset - proactively tests new approaches and learns rapidly from pilots; highly Comfortable with Ambiguity; compelling Visionary who articulates and energises others around a future state; exceptional Stalwart - sustains effectiveness through prolonged transformation; skilled Innovation Manager who helps others navigate change.
LTM485632,Harshil Biswas,Executive Vice President,Results Agility,5.0,5,Expert,4.74,94.0,>= 90th Percentile,Expert Results Agility; demonstrates exceptional Drive - sets highest standards and holds self and others rigorously accountable; commands immediate respect - strong executive Presence; outstanding Resourcefulness in finding paths forward with limited resources; consistently Inspires Others to exceed expectations in first-time situations; maintains exceptional Composure under the most intense pressure.
LTM485632,Harshil Biswas,Executive Vice President,Self-Awareness,4.98,5,Expert,4.74,94.0,>= 90th Percentile,"Expert Self-Awareness; exceptionally Feedback-Oriented - proactively solicits critical feedback from all levels and acts on it rapidly; deep Reflective practice - consistently pauses to extract lessons before reacting; precise Self-Knowledge - highly accurate understanding of own strengths, derailers, and impact; maintains a disciplined Personal Development plan; outstanding Emotional Regulation in high-stakes moments."
LTM380194,Hritik Kaul,Senior Vice President,Mental Agility,4.74,5,Expert,4.81,95.0,>= 90th Percentile,Expert-level Mental Agility; demonstrates exceptional Inquisitiveness - asks penetrating 'why' and 'what if' questions that reframe problems; functions as a true Broad Scanner with interests spanning multiple unrelated disciplines; masterful Complexity handling; acts as a Connector drawing powerful analogies across domains; effective Improver/Critic who challenges assumptions constructively.
LTM380194,Hritik Kaul,Senior Vice President,People Agility,4.97,5,Expert,4.81,95.0,>= 90th Percentile,Expert People Agility; genuinely Open-Minded - actively seeks perspectives radically unlike their own; exceptional People Smart capability - reads unspoken group dynamics with accuracy; masterful Politically Savvy navigation of complex organisational dynamics; outstanding Communicator who tailors message and medium to every audience; demonstrates exceptional Role Flexibility.
LTM380194,Hritik Kaul,Senior Vice President,Change Agility,4.62,5,Expert,4.81,95.0,>= 90th Percentile,Expert Change Agility; prototype Experimenter mindset - proactively tests new approaches and learns rapidly from pilots; highly Comfortable with Ambiguity; compelling Visionary who articulates and energises others around a future state; exceptional Stalwart - sustains effectiveness through prolonged transformation; skilled Innovation Manager who helps others navigate change.
LTM380194,Hritik Kaul,Senior Vice President,Results Agility,5.0,5,Expert,4.81,95.0,>= 90th Percentile,Expert Results Agility; demonstrates exceptional Drive - sets highest standards and holds self and others rigorously accountable; commands immediate respect - strong executive Presence; outstanding Resourcefulness in finding paths forward with limited resources; consistently Inspires Others to exceed expectations in first-time situations; maintains exceptional Composure under the most intense pressure.
LTM380194,Hritik Kaul,Senior Vice President,Self-Awareness,4.73,5,Expert,4.81,95.0,>= 90th Percentile,"Expert Self-Awareness; exceptionally Feedback-Oriented - proactively solicits critical feedback from all levels and acts on it rapidly; deep Reflective practice - consistently pauses to extract lessons before reacting; precise Self-Knowledge - highly accurate understanding of own strengths, derailers, and impact; maintains a disciplined Personal Development plan; outstanding Emotional Regulation in high-stakes moments."
LTM446166,Falak Agate,Senior Director - Corporate Strategy,Mental Agility,4.68,5,Expert,4.93,98.0,>= 90th Percentile,Expert-level Mental Agility; demonstrates exceptional Inquisitiveness - asks penetrating 'why' and 'what if' questions that reframe problems; functions as a true Broad Scanner with interests spanning multiple unrelated disciplines; masterful Complexity handling; acts as a Connector drawing powerful analogies across domains; effective Improver/Critic who challenges assumptions constructively.
LTM446166,Falak Agate,Senior Director - Corporate Strategy,People Agility,4.99,5,Expert,4.93,98.0,>= 90th Percentile,Expert People Agility; genuinely Open-Minded - actively seeks perspectives radically unlike their own; exceptional People Smart capability - reads unspoken group dynamics with accuracy; masterful Politically Savvy navigation of complex organisational dynamics; outstanding Communicator who tailors message and medium to every audience; demonstrates exceptional Role Flexibility.
LTM446166,Falak Agate,Senior Director - Corporate Strategy,Change Agility,5.0,5,Expert,4.93,98.0,>= 90th Percentile,Expert Change Agility; prototype Experimenter mindset - proactively tests new approaches and learns rapidly from pilots; highly Comfortable with Ambiguity; compelling Visionary who articulates and energises others around a future state; exceptional Stalwart - sustains effectiveness through prolonged transformation; skilled Innovation Manager who helps others navigate change.
LTM446166,Falak Agate,Senior Director - Corporate Strategy,Results Agility,5.0,5,Expert,4.93,98.0,>= 90th Percentile,Expert Results Agility; demonstrates exceptional Drive - sets highest standards and holds self and others rigorously accountable; commands immediate respect - strong executive Presence; outstanding Resourcefulness in finding paths forward with limited resources; consistently Inspires Others to exceed expectations in first-time situations; maintains exceptional Composure under the most intense pressure.
LTM446166,Falak Agate,Senior Director - Corporate Strategy,Self-Awareness,5.0,5,Expert,4.93,98.0,>= 90th Percentile,"Expert Self-Awareness; exceptionally Feedback-Oriented - proactively solicits critical feedback from all levels and acts on it rapidly; deep Reflective practice - consistently pauses to extract lessons before reacting; precise Self-Knowledge - highly accurate understanding of own strengths, derailers, and impact; maintains a disciplined Personal Development plan; outstanding Emotional Regulation in high-stakes moments."
LTM155635,Elijah De,Senior Specialist - Corporate Strategy,Mental Agility,5.0,5,Expert,5.0,100.0,>= 90th Percentile,Expert-level Mental Agility; demonstrates exceptional Inquisitiveness - asks penetrating 'why' and 'what if' questions that reframe problems; functions as a true Broad Scanner with interests spanning multiple unrelated disciplines; masterful Complexity handling; acts as a Connector drawing powerful analogies across domains; effective Improver/Critic who challenges assumptions constructively.
LTM155635,Elijah De,Senior Specialist - Corporate Strategy,People Agility,5.0,5,Expert,5.0,100.0,>= 90th Percentile,Expert People Agility; genuinely Open-Minded - actively seeks perspectives radically unlike their own; exceptional People Smart capability - reads unspoken group dynamics with accuracy; masterful Politically Savvy navigation of complex organisational dynamics; outstanding Communicator who tailors message and medium to every audience; demonstrates exceptional Role Flexibility.
LTM155635,Elijah De,Senior Specialist - Corporate Strategy,Change Agility,5.0,5,Expert,5.0,100.0,>= 90th Percentile,Expert Change Agility; prototype Experimenter mindset - proactively tests new approaches and learns rapidly from pilots; highly Comfortable with Ambiguity; compelling Visionary who articulates and energises others around a future state; exceptional Stalwart - sustains effectiveness through prolonged transformation; skilled Innovation Manager who helps others navigate change.
LTM155635,Elijah De,Senior Specialist - Corporate Strategy,Results Agility,5.0,5,Expert,5.0,100.0,>= 90th Percentile,Expert Results Agility; demonstrates exceptional Drive - sets highest standards and holds self and others rigorously accountable; commands immediate respect - strong executive Presence; outstanding Resourcefulness in finding paths forward with limited resources; consistently Inspires Others to exceed expectations in first-time situations; maintains exceptional Composure under the most intense pressure.
LTM155635,Elijah De,Senior Specialist - Corporate Strategy,Self-Awareness,5.0,5,Expert,5.0,100.0,>= 90th Percentile,"Expert Self-Awareness; exceptionally Feedback-Oriented - proactively solicits critical feedback from all levels and acts on it rapidly; deep Reflective practice - consistently pauses to extract lessons before reacting; precise Self-Knowledge - highly accurate understanding of own strengths, derailers, and impact; maintains a disciplined Personal Development plan; outstanding Emotional Regulation in high-stakes moments."
LTM014646,Harita Choudhary,Senior Director - Practice Sales,Mental Agility,5.0,5,Expert,4.96,99.0,>= 90th Percentile,Expert-level Mental Agility; demonstrates exceptional Inquisitiveness - asks penetrating 'why' and 'what if' questions that reframe problems; functions as a true Broad Scanner with interests spanning multiple unrelated disciplines; masterful Complexity handling; acts as a Connector drawing powerful analogies across domains; effective Improver/Critic who challenges assumptions constructively.
LTM014646,Harita Choudhary,Senior Director - Practice Sales,People Agility,5.0,5,Expert,4.96,99.0,>= 90th Percentile,Expert People Agility; genuinely Open-Minded - actively seeks perspectives radically unlike their own; exceptional People Smart capability - reads unspoken group dynamics with accuracy; masterful Politically Savvy navigation of complex organisational dynamics; outstanding Communicator who tailors message and medium to every audience; demonstrates exceptional Role Flexibility.
LTM014646,Harita Choudhary,Senior Director - Practice Sales,Change Agility,5.0,5,Expert,4.96,99.0,>= 90th Percentile,Expert Change Agility; prototype Experimenter mindset - proactively tests new approaches and learns rapidly from pilots; highly Comfortable with Ambiguity; compelling Visionary who articulates and energises others around a future state; exceptional Stalwart - sustains effectiveness through prolonged transformation; skilled Innovation Manager who helps others navigate change.
LTM014646,Harita Choudhary,Senior Director - Practice Sales,Results Agility,4.79,5,Expert,4.96,99.0,>= 90th Percentile,Expert Results Agility; demonstrates exceptional Drive - sets highest standards and holds self and others rigorously accountable; commands immediate respect - strong executive Presence; outstanding Resourcefulness in finding paths forward with limited resources; consistently Inspires Others to exceed expectations in first-time situations; maintains exceptional Composure under the most intense pressure.
LTM014646,Harita Choudhary,Senior Director - Practice Sales,Self-Awareness,5.0,5,Expert,4.96,99.0,>= 90th Percentile,"Expert Self-Awareness; exceptionally Feedback-Oriented - proactively solicits critical feedback from all levels and acts on it rapidly; deep Reflective practice - consistently pauses to extract lessons before reacting; precise Self-Knowledge - highly accurate understanding of own strengths, derailers, and impact; maintains a disciplined Personal Development plan; outstanding Emotional Regulation in high-stakes moments."
LTM108906,Jagat Naik,Executive - Corporate Strategy,Mental Agility,5.0,5,Expert,4.95,99.0,>= 90th Percentile,Expert-level Mental Agility; demonstrates exceptional Inquisitiveness - asks penetrating 'why' and 'what if' questions that reframe problems; functions as a true Broad Scanner with interests spanning multiple unrelated disciplines; masterful Complexity handling; acts as a Connector drawing powerful analogies across domains; effective Improver/Critic who challenges assumptions constructively.
LTM108906,Jagat Naik,Executive - Corporate Strategy,People Agility,4.75,5,Expert,4.95,99.0,>= 90th Percentile,Expert People Agility; genuinely Open-Minded - actively seeks perspectives radically unlike their own; exceptional People Smart capability - reads unspoken group dynamics with accuracy; masterful Politically Savvy navigation of complex organisational dynamics; outstanding Communicator who tailors message and medium to every audience; demonstrates exceptional Role Flexibility.
LTM108906,Jagat Naik,Executive - Corporate Strategy,Change Agility,5.0,5,Expert,4.95,99.0,>= 90th Percentile,Expert Change Agility; prototype Experimenter mindset - proactively tests new approaches and learns rapidly from pilots; highly Comfortable with Ambiguity; compelling Visionary who articulates and energises others around a future state; exceptional Stalwart - sustains effectiveness through prolonged transformation; skilled Innovation Manager who helps others navigate change.
LTM108906,Jagat Naik,Executive - Corporate Strategy,Results Agility,5.0,5,Expert,4.95,99.0,>= 90th Percentile,Expert Results Agility; demonstrates exceptional Drive - sets highest standards and holds self and others rigorously accountable; commands immediate respect - strong executive Presence; outstanding Resourcefulness in finding paths forward with limited resources; consistently Inspires Others to exceed expectations in first-time situations; maintains exceptional Composure under the most intense pressure.
LTM108906,Jagat Naik,Executive - Corporate Strategy,Self-Awareness,5.0,5,Expert,4.95,99.0,>= 90th Percentile,"Expert Self-Awareness; exceptionally Feedback-Oriented - proactively solicits critical feedback from all levels and acts on it rapidly; deep Reflective practice - consistently pauses to extract lessons before reacting; precise Self-Knowledge - highly accurate understanding of own strengths, derailers, and impact; maintains a disciplined Personal Development plan; outstanding Emotional Regulation in high-stakes moments."
LTM215547,Edhitha Sama,Senior Director - HRBP,Mental Agility,4.39,4,Advanced,4.72,93.0,>= 90th Percentile,Advanced Mental Agility; strong Inquisitiveness and Broad Scanning behaviour; handles complexity well; makes useful connections across disciplines; challenges existing approaches constructively; solid critical and creative problem-solving capability.
LTM215547,Edhitha Sama,Senior Director - HRBP,People Agility,5.0,5,Expert,4.72,93.0,>= 90th Percentile,Expert People Agility; genuinely Open-Minded - actively seeks perspectives radically unlike their own; exceptional People Smart capability - reads unspoken group dynamics with accuracy; masterful Politically Savvy navigation of complex organisational dynamics; outstanding Communicator who tailors message and medium to every audience; demonstrates exceptional Role Flexibility.
LTM215547,Edhitha Sama,Senior Director - HRBP,Change Agility,5.0,5,Expert,4.72,93.0,>= 90th Percentile,Expert Change Agility; prototype Experimenter mindset - proactively tests new approaches and learns rapidly from pilots; highly Comfortable with Ambiguity; compelling Visionary who articulates and energises others around a future state; exceptional Stalwart - sustains effectiveness through prolonged transformation; skilled Innovation Manager who helps others navigate change.
LTM215547,Edhitha Sama,Senior Director - HRBP,Results Agility,4.19,4,Advanced,4.72,93.0,>= 90th Percentile,Advanced Results Agility; strong Drive with high self-accountability; solid executive Presence that builds confidence; demonstrates good Resourcefulness; effectively Inspires Others to high performance; maintains Composure well in most high-pressure situations.
LTM215547,Edhitha Sama,Senior Director - HRBP,Self-Awareness,5.0,5,Expert,4.72,93.0,>= 90th Percentile,"Expert Self-Awareness; exceptionally Feedback-Oriented - proactively solicits critical feedback from all levels and acts on it rapidly; deep Reflective practice - consistently pauses to extract lessons before reacting; precise Self-Knowledge - highly accurate understanding of own strengths, derailers, and impact; maintains a disciplined Personal Development plan; outstanding Emotional Regulation in high-stakes moments."
LTM762842,Bhavika Soni,Senior Executive - Secretarial,Mental Agility,5.0,5,Expert,4.72,93.0,>= 90th Percentile,Expert-level Mental Agility; demonstrates exceptional Inquisitiveness - asks penetrating 'why' and 'what if' questions that reframe problems; functions as a true Broad Scanner with interests spanning multiple unrelated disciplines; masterful Complexity handling; acts as a Connector drawing powerful analogies across domains; effective Improver/Critic who challenges assumptions constructively.
LTM762842,Bhavika Soni,Senior Executive - Secretarial,People Agility,4.25,4,Advanced,4.72,93.0,>= 90th Percentile,Advanced People Agility; strong Open-Minded orientation; good People Smart - accurately reads most interpersonal dynamics; navigates organisational politics ethically and effectively; tailors communication well; shows good Role Flexibility across different team contexts.
LTM762842,Bhavika Soni,Senior Executive - Secretarial,Change Agility,5.0,5,Expert,4.72,93.0,>= 90th Percentile,Expert Change Agility; prototype Experimenter mindset - proactively tests new approaches and learns rapidly from pilots; highly Comfortable with Ambiguity; compelling Visionary who articulates and energises others around a future state; exceptional Stalwart - sustains effectiveness through prolonged transformation; skilled Innovation Manager who helps others navigate change.
LTM762842,Bhavika Soni,Senior Executive - Secretarial,Results Agility,5.0,5,Expert,4.72,93.0,>= 90th Percentile,Expert Results Agility; demonstrates exceptional Drive - sets highest standards and holds self and others rigorously accountable; commands immediate respect - strong executive Presence; outstanding Resourcefulness in finding paths forward with limited resources; consistently Inspires Others to exceed expectations in first-time situations; maintains exceptional Composure under the most intense pressure.
LTM762842,Bhavika Soni,Senior Executive - Secretarial,Self-Awareness,4.34,4,Advanced,4.72,93.0,>= 90th Percentile,Advanced Self-Awareness; actively seeks and acts on feedback; demonstrates strong Reflective behaviour; generally accurate Self-Knowledge with minor blind spots; follows a consistent Personal Development plan; manages emotional responses well in most high-pressure situations.
LTM833126,Pratyush Varghese,Associate Vice President - Finance,Mental Agility,4.22,4,Advanced,4.84,96.0,>= 90th Percentile,Advanced Mental Agility; strong Inquisitiveness and Broad Scanning behaviour; handles complexity well; makes useful connections across disciplines; challenges existing approaches constructively; solid critical and creative problem-solving capability.
LTM833126,Pratyush Varghese,Associate Vice President - Finance,People Agility,5.0,5,Expert,4.84,96.0,>= 90th Percentile,Expert People Agility; genuinely Open-Minded - actively seeks perspectives radically unlike their own; exceptional People Smart capability - reads unspoken group dynamics with accuracy; masterful Politically Savvy navigation of complex organisational dynamics; outstanding Communicator who tailors message and medium to every audience; demonstrates exceptional Role Flexibility.
LTM833126,Pratyush Varghese,Associate Vice President - Finance,Change Agility,5.0,5,Expert,4.84,96.0,>= 90th Percentile,Expert Change Agility; prototype Experimenter mindset - proactively tests new approaches and learns rapidly from pilots; highly Comfortable with Ambiguity; compelling Visionary who articulates and energises others around a future state; exceptional Stalwart - sustains effectiveness through prolonged transformation; skilled Innovation Manager who helps others navigate change.
LTM833126,Pratyush Varghese,Associate Vice President - Finance,Results Agility,5.0,5,Expert,4.84,96.0,>= 90th Percentile,Expert Results Agility; demonstrates exceptional Drive - sets highest standards and holds self and others rigorously accountable; commands immediate respect - strong executive Presence; outstanding Resourcefulness in finding paths forward with limited resources; consistently Inspires Others to exceed expectations in first-time situations; maintains exceptional Composure under the most intense pressure.
LTM833126,Pratyush Varghese,Associate Vice President - Finance,Self-Awareness,5.0,5,Expert,4.84,96.0,>= 90th Percentile,"Expert Self-Awareness; exceptionally Feedback-Oriented - proactively solicits critical feedback from all levels and acts on it rapidly; deep Reflective practice - consistently pauses to extract lessons before reacting; precise Self-Knowledge - highly accurate understanding of own strengths, derailers, and impact; maintains a disciplined Personal Development plan; outstanding Emotional Regulation in high-stakes moments."
LTM386279,Varsha Thakur,Principal Director - Organisational Development,Mental Agility,3.6,4,Advanced,4.57,89.0,>= 90th Percentile,Advanced Mental Agility; strong Inquisitiveness and Broad Scanning behaviour; handles complexity well; makes useful connections across disciplines; challenges existing approaches constructively; solid critical and creative problem-solving capability.
LTM386279,Varsha Thakur,Principal Director - Organisational Development,People Agility,5.0,5,Expert,4.57,89.0,>= 90th Percentile,Expert People Agility; genuinely Open-Minded - actively seeks perspectives radically unlike their own; exceptional People Smart capability - reads unspoken group dynamics with accuracy; masterful Politically Savvy navigation of complex organisational dynamics; outstanding Communicator who tailors message and medium to every audience; demonstrates exceptional Role Flexibility.
LTM386279,Varsha Thakur,Principal Director - Organisational Development,Change Agility,4.59,5,Expert,4.57,89.0,>= 90th Percentile,Expert Change Agility; prototype Experimenter mindset - proactively tests new approaches and learns rapidly from pilots; highly Comfortable with Ambiguity; compelling Visionary who articulates and energises others around a future state; exceptional Stalwart - sustains effectiveness through prolonged transformation; skilled Innovation Manager who helps others navigate change.
LTM386279,Varsha Thakur,Principal Director - Organisational Development,Results Agility,4.79,5,Expert,4.57,89.0,>= 90th Percentile,Expert Results Agility; demonstrates exceptional Drive - sets highest standards and holds self and others rigorously accountable; commands immediate respect - strong executive Presence; outstanding Resourcefulness in finding paths forward with limited resources; consistently Inspires Others to exceed expectations in first-time situations; maintains exceptional Composure under the most intense pressure.
LTM386279,Varsha Thakur,Principal Director - Organisational Development,Self-Awareness,4.89,5,Expert,4.57,89.0,>= 90th Percentile,"Expert Self-Awareness; exceptionally Feedback-Oriented - proactively solicits critical feedback from all levels and acts on it rapidly; deep Reflective practice - consistently pauses to extract lessons before reacting; precise Self-Knowledge - highly accurate understanding of own strengths, derailers, and impact; maintains a disciplined Personal Development plan; outstanding Emotional Regulation in high-stakes moments."
LTM327457,Anya Verma,CBO-AI Solutions and Services,Mental Agility,5.0,5,Expert,5.0,100.0,>= 90th Percentile,Expert-level Mental Agility; demonstrates exceptional Inquisitiveness - asks penetrating 'why' and 'what if' questions that reframe problems; functions as a true Broad Scanner with interests spanning multiple unrelated disciplines; masterful Complexity handling; acts as a Connector drawing powerful analogies across domains; effective Improver/Critic who challenges assumptions constructively.
LTM327457,Anya Verma,CBO-AI Solutions and Services,People Agility,5.0,5,Expert,5.0,100.0,>= 90th Percentile,Expert People Agility; genuinely Open-Minded - actively seeks perspectives radically unlike their own; exceptional People Smart capability - reads unspoken group dynamics with accuracy; masterful Politically Savvy navigation of complex organisational dynamics; outstanding Communicator who tailors message and medium to every audience; demonstrates exceptional Role Flexibility.
LTM327457,Anya Verma,CBO-AI Solutions and Services,Change Agility,5.0,5,Expert,5.0,100.0,>= 90th Percentile,Expert Change Agility; prototype Experimenter mindset - proactively tests new approaches and learns rapidly from pilots; highly Comfortable with Ambiguity; compelling Visionary who articulates and energises others around a future state; exceptional Stalwart - sustains effectiveness through prolonged transformation; skilled Innovation Manager who helps others navigate change.
LTM327457,Anya Verma,CBO-AI Solutions and Services,Results Agility,5.0,5,Expert,5.0,100.0,>= 90th Percentile,Expert Results Agility; demonstrates exceptional Drive - sets highest standards and holds self and others rigorously accountable; commands immediate respect - strong executive Presence; outstanding Resourcefulness in finding paths forward with limited resources; consistently Inspires Others to exceed expectations in first-time situations; maintains exceptional Composure under the most intense pressure.
LTM327457,Anya Verma,CBO-AI Solutions and Services,Self-Awareness,5.0,5,Expert,5.0,100.0,>= 90th Percentile,"Expert Self-Awareness; exceptionally Feedback-Oriented - proactively solicits critical feedback from all levels and acts on it rapidly; deep Reflective practice - consistently pauses to extract lessons before reacting; precise Self-Knowledge - highly accurate understanding of own strengths, derailers, and impact; maintains a disciplined Personal Development plan; outstanding Emotional Regulation in high-stakes moments."
LTM339034,Wakeeta Ratti,Senior Vice President,Mental Agility,4.99,5,Expert,4.96,99.0,>= 90th Percentile,Expert-level Mental Agility; demonstrates exceptional Inquisitiveness - asks penetrating 'why' and 'what if' questions that reframe problems; functions as a true Broad Scanner with interests spanning multiple unrelated disciplines; masterful Complexity handling; acts as a Connector drawing powerful analogies across domains; effective Improver/Critic who challenges assumptions constructively.
LTM339034,Wakeeta Ratti,Senior Vice President,People Agility,5.0,5,Expert,4.96,99.0,>= 90th Percentile,Expert People Agility; genuinely Open-Minded - actively seeks perspectives radically unlike their own; exceptional People Smart capability - reads unspoken group dynamics with accuracy; masterful Politically Savvy navigation of complex organisational dynamics; outstanding Communicator who tailors message and medium to every audience; demonstrates exceptional Role Flexibility.
LTM339034,Wakeeta Ratti,Senior Vice President,Change Agility,4.81,5,Expert,4.96,99.0,>= 90th Percentile,Expert Change Agility; prototype Experimenter mindset - proactively tests new approaches and learns rapidly from pilots; highly Comfortable with Ambiguity; compelling Visionary who articulates and energises others around a future state; exceptional Stalwart - sustains effectiveness through prolonged transformation; skilled Innovation Manager who helps others navigate change.
LTM339034,Wakeeta Ratti,Senior Vice President,Results Agility,5.0,5,Expert,4.96,99.0,>= 90th Percentile,Expert Results Agility; demonstrates exceptional Drive - sets highest standards and holds self and others rigorously accountable; commands immediate respect - strong executive Presence; outstanding Resourcefulness in finding paths forward with limited resources; consistently Inspires Others to exceed expectations in first-time situations; maintains exceptional Composure under the most intense pressure.
LTM339034,Wakeeta Ratti,Senior Vice President,Self-Awareness,5.0,5,Expert,4.96,99.0,>= 90th Percentile,"Expert Self-Awareness; exceptionally Feedback-Oriented - proactively solicits critical feedback from all levels and acts on it rapidly; deep Reflective practice - consistently pauses to extract lessons before reacting; precise Self-Knowledge - highly accurate understanding of own strengths, derailers, and impact; maintains a disciplined Personal Development plan; outstanding Emotional Regulation in high-stakes moments."
LTM967249,Laksh Nair,Senior Specialist - Cybersecurity,Mental Agility,3.48,3,Developing,4.61,90.0,>= 90th Percentile,Developing-to-Effective Mental Agility; demonstrates adequate Inquisitiveness within own domain; shows some Broad Scanner tendencies; handles moderate complexity; makes connections within familiar domains; engages in Improver/Critic behaviour when prompted.
LTM967249,Laksh Nair,Senior Specialist - Cybersecurity,People Agility,4.88,5,Expert,4.61,90.0,>= 90th Percentile,Expert People Agility; genuinely Open-Minded - actively seeks perspectives radically unlike their own; exceptional People Smart capability - reads unspoken group dynamics with accuracy; masterful Politically Savvy navigation of complex organisational dynamics; outstanding Communicator who tailors message and medium to every audience; demonstrates exceptional Role Flexibility.
LTM967249,Laksh Nair,Senior Specialist - Cybersecurity,Change Agility,5.0,5,Expert,4.61,90.0,>= 90th Percentile,Expert Change Agility; prototype Experimenter mindset - proactively tests new approaches and learns rapidly from pilots; highly Comfortable with Ambiguity; compelling Visionary who articulates and energises others around a future state; exceptional Stalwart - sustains effectiveness through prolonged transformation; skilled Innovation Manager who helps others navigate change.
LTM967249,Laksh Nair,Senior Specialist - Cybersecurity,Results Agility,4.78,5,Expert,4.61,90.0,>= 90th Percentile,Expert Results Agility; demonstrates exceptional Drive - sets highest standards and holds self and others rigorously accountable; commands immediate respect - strong executive Presence; outstanding Resourcefulness in finding paths forward with limited resources; consistently Inspires Others to exceed expectations in first-time situations; maintains exceptional Composure under the most intense pressure.
LTM967249,Laksh Nair,Senior Specialist - Cybersecurity,Self-Awareness,4.89,5,Expert,4.61,90.0,>= 90th Percentile,"Expert Self-Awareness; exceptionally Feedback-Oriented - proactively solicits critical feedback from all levels and acts on it rapidly; deep Reflective practice - consistently pauses to extract lessons before reacting; precise Self-Knowledge - highly accurate understanding of own strengths, derailers, and impact; maintains a disciplined Personal Development plan; outstanding Emotional Regulation in high-stakes moments."
LTM310271,Manan Setty,Senior Director - Practice Sales,Mental Agility,5.0,5,Expert,4.9,98.0,>= 90th Percentile,Expert-level Mental Agility; demonstrates exceptional Inquisitiveness - asks penetrating 'why' and 'what if' questions that reframe problems; functions as a true Broad Scanner with interests spanning multiple unrelated disciplines; masterful Complexity handling; acts as a Connector drawing powerful analogies across domains; effective Improver/Critic who challenges assumptions constructively.
LTM310271,Manan Setty,Senior Director - Practice Sales,People Agility,5.0,5,Expert,4.9,98.0,>= 90th Percentile,Expert People Agility; genuinely Open-Minded - actively seeks perspectives radically unlike their own; exceptional People Smart capability - reads unspoken group dynamics with accuracy; masterful Politically Savvy navigation of complex organisational dynamics; outstanding Communicator who tailors message and medium to every audience; demonstrates exceptional Role Flexibility.
LTM310271,Manan Setty,Senior Director - Practice Sales,Change Agility,4.87,5,Expert,4.9,98.0,>= 90th Percentile,Expert Change Agility; prototype Experimenter mindset - proactively tests new approaches and learns rapidly from pilots; highly Comfortable with Ambiguity; compelling Visionary who articulates and energises others around a future state; exceptional Stalwart - sustains effectiveness through prolonged transformation; skilled Innovation Manager who helps others navigate change.
LTM310271,Manan Setty,Senior Director - Practice Sales,Results Agility,5.0,5,Expert,4.9,98.0,>= 90th Percentile,Expert Results Agility; demonstrates exceptional Drive - sets highest standards and holds self and others rigorously accountable; commands immediate respect - strong executive Presence; outstanding Resourcefulness in finding paths forward with limited resources; consistently Inspires Others to exceed expectations in first-time situations; maintains exceptional Composure under the most intense pressure.
LTM310271,Manan Setty,Senior Director - Practice Sales,Self-Awareness,4.65,5,Expert,4.9,98.0,>= 90th Percentile,"Expert Self-Awareness; exceptionally Feedback-Oriented - proactively solicits critical feedback from all levels and acts on it rapidly; deep Reflective practice - consistently pauses to extract lessons before reacting; precise Self-Knowledge - highly accurate understanding of own strengths, derailers, and impact; maintains a disciplined Personal Development plan; outstanding Emotional Regulation in high-stakes moments."
LTM049316,Upasna Seth,Senior Specialist - Corporate Strategy,Mental Agility,5.0,5,Expert,4.97,99.0,>= 90th Percentile,Expert-level Mental Agility; demonstrates exceptional Inquisitiveness - asks penetrating 'why' and 'what if' questions that reframe problems; functions as a true Broad Scanner with interests spanning multiple unrelated disciplines; masterful Complexity handling; acts as a Connector drawing powerful analogies across domains; effective Improver/Critic who challenges assumptions constructively.
LTM049316,Upasna Seth,Senior Specialist - Corporate Strategy,People Agility,4.84,5,Expert,4.97,99.0,>= 90th Percentile,Expert People Agility; genuinely Open-Minded - actively seeks perspectives radically unlike their own; exceptional People Smart capability - reads unspoken group dynamics with accuracy; masterful Politically Savvy navigation of complex organisational dynamics; outstanding Communicator who tailors message and medium to every audience; demonstrates exceptional Role Flexibility.
LTM049316,Upasna Seth,Senior Specialist - Corporate Strategy,Change Agility,5.0,5,Expert,4.97,99.0,>= 90th Percentile,Expert Change Agility; prototype Experimenter mindset - proactively tests new approaches and learns rapidly from pilots; highly Comfortable with Ambiguity; compelling Visionary who articulates and energises others around a future state; exceptional Stalwart - sustains effectiveness through prolonged transformation; skilled Innovation Manager who helps others navigate change.
LTM049316,Upasna Seth,Senior Specialist - Corporate Strategy,Results Agility,5.0,5,Expert,4.97,99.0,>= 90th Percentile,Expert Results Agility; demonstrates exceptional Drive - sets highest standards and holds self and others rigorously accountable; commands immediate respect - strong executive Presence; outstanding Resourcefulness in finding paths forward with limited resources; consistently Inspires Others to exceed expectations in first-time situations; maintains exceptional Composure under the most intense pressure.
LTM049316,Upasna Seth,Senior Specialist - Corporate Strategy,Self-Awareness,5.0,5,Expert,4.97,99.0,>= 90th Percentile,"Expert Self-Awareness; exceptionally Feedback-Oriented - proactively solicits critical feedback from all levels and acts on it rapidly; deep Reflective practice - consistently pauses to extract lessons before reacting; precise Self-Knowledge - highly accurate understanding of own strengths, derailers, and impact; maintains a disciplined Personal Development plan; outstanding Emotional Regulation in high-stakes moments."
LTM433408,Odika Nori,Principal Director - Cybersecurity,Mental Agility,4.91,5,Expert,4.86,97.0,>= 90th Percentile,Expert-level Mental Agility; demonstrates exceptional Inquisitiveness - asks penetrating 'why' and 'what if' questions that reframe problems; functions as a true Broad Scanner with interests spanning multiple unrelated disciplines; masterful Complexity handling; acts as a Connector drawing powerful analogies across domains; effective Improver/Critic who challenges assumptions constructively.
LTM433408,Odika Nori,Principal Director - Cybersecurity,People Agility,5.0,5,Expert,4.86,97.0,>= 90th Percentile,Expert People Agility; genuinely Open-Minded - actively seeks perspectives radically unlike their own; exceptional People Smart capability - reads unspoken group dynamics with accuracy; masterful Politically Savvy navigation of complex organisational dynamics; outstanding Communicator who tailors message and medium to every audience; demonstrates exceptional Role Flexibility.
LTM433408,Odika Nori,Principal Director - Cybersecurity,Change Agility,4.39,4,Advanced,4.86,97.0,>= 90th Percentile,Advanced Change Agility; demonstrates strong Experimenter orientation; comfortable with ambiguity in most situations; articulates a clear and motivating vision of change; sustains performance during significant transitions; helps team members adapt to change effectively.
LTM433408,Odika Nori,Principal Director - Cybersecurity,Results Agility,5.0,5,Expert,4.86,97.0,>= 90th Percentile,Expert Results Agility; demonstrates exceptional Drive - sets highest standards and holds self and others rigorously accountable; commands immediate respect - strong executive Presence; outstanding Resourcefulness in finding paths forward with limited resources; consistently Inspires Others to exceed expectations in first-time situations; maintains exceptional Composure under the most intense pressure.
LTM433408,Odika Nori,Principal Director - Cybersecurity,Self-Awareness,5.0,5,Expert,4.86,97.0,>= 90th Percentile,"Expert Self-Awareness; exceptionally Feedback-Oriented - proactively solicits critical feedback from all levels and acts on it rapidly; deep Reflective practice - consistently pauses to extract lessons before reacting; precise Self-Knowledge - highly accurate understanding of own strengths, derailers, and impact; maintains a disciplined Personal Development plan; outstanding Emotional Regulation in high-stakes moments."
LTM971176,Ryan Sagar,Specialist - Corporate Strategy,Mental Agility,5.0,5,Expert,4.9,98.0,>= 90th Percentile,Expert-level Mental Agility; demonstrates exceptional Inquisitiveness - asks penetrating 'why' and 'what if' questions that reframe problems; functions as a true Broad Scanner with interests spanning multiple unrelated disciplines; masterful Complexity handling; acts as a Connector drawing powerful analogies across domains; effective Improver/Critic who challenges assumptions constructively.
LTM971176,Ryan Sagar,Specialist - Corporate Strategy,People Agility,4.59,5,Expert,4.9,98.0,>= 90th Percentile,Expert People Agility; genuinely Open-Minded - actively seeks perspectives radically unlike their own; exceptional People Smart capability - reads unspoken group dynamics with accuracy; masterful Politically Savvy navigation of complex organisational dynamics; outstanding Communicator who tailors message and medium to every audience; demonstrates exceptional Role Flexibility.
LTM971176,Ryan Sagar,Specialist - Corporate Strategy,Change Agility,4.93,5,Expert,4.9,98.0,>= 90th Percentile,Expert Change Agility; prototype Experimenter mindset - proactively tests new approaches and learns rapidly from pilots; highly Comfortable with Ambiguity; compelling Visionary who articulates and energises others around a future state; exceptional Stalwart - sustains effectiveness through prolonged transformation; skilled Innovation Manager who helps others navigate change.
LTM971176,Ryan Sagar,Specialist - Corporate Strategy,Results Agility,5.0,5,Expert,4.9,98.0,>= 90th Percentile,Expert Results Agility; demonstrates exceptional Drive - sets highest standards and holds self and others rigorously accountable; commands immediate respect - strong executive Presence; outstanding Resourcefulness in finding paths forward with limited resources; consistently Inspires Others to exceed expectations in first-time situations; maintains exceptional Composure under the most intense pressure.
LTM971176,Ryan Sagar,Specialist - Corporate Strategy,Self-Awareness,5.0,5,Expert,4.9,98.0,>= 90th Percentile,"Expert Self-Awareness; exceptionally Feedback-Oriented - proactively solicits critical feedback from all levels and acts on it rapidly; deep Reflective practice - consistently pauses to extract lessons before reacting; precise Self-Knowledge - highly accurate understanding of own strengths, derailers, and impact; maintains a disciplined Personal Development plan; outstanding Emotional Regulation in high-stakes moments."
LTM760321,Naksh Sane,Senior Director - Treasury,Mental Agility,4.96,5,Expert,4.88,97.0,>= 90th Percentile,Expert-level Mental Agility; demonstrates exceptional Inquisitiveness - asks penetrating 'why' and 'what if' questions that reframe problems; functions as a true Broad Scanner with interests spanning multiple unrelated disciplines; masterful Complexity handling; acts as a Connector drawing powerful analogies across domains; effective Improver/Critic who challenges assumptions constructively.
LTM760321,Naksh Sane,Senior Director - Treasury,People Agility,4.44,4,Advanced,4.88,97.0,>= 90th Percentile,Advanced People Agility; strong Open-Minded orientation; good People Smart - accurately reads most interpersonal dynamics; navigates organisational politics ethically and effectively; tailors communication well; shows good Role Flexibility across different team contexts.
LTM760321,Naksh Sane,Senior Director - Treasury,Change Agility,5.0,5,Expert,4.88,97.0,>= 90th Percentile,Expert Change Agility; prototype Experimenter mindset - proactively tests new approaches and learns rapidly from pilots; highly Comfortable with Ambiguity; compelling Visionary who articulates and energises others around a future state; exceptional Stalwart - sustains effectiveness through prolonged transformation; skilled Innovation Manager who helps others navigate change.
LTM760321,Naksh Sane,Senior Director - Treasury,Results Agility,5.0,5,Expert,4.88,97.0,>= 90th Percentile,Expert Results Agility; demonstrates exceptional Drive - sets highest standards and holds self and others rigorously accountable; commands immediate respect - strong executive Presence; outstanding Resourcefulness in finding paths forward with limited resources; consistently Inspires Others to exceed expectations in first-time situations; maintains exceptional Composure under the most intense pressure.
LTM760321,Naksh Sane,Senior Director - Treasury,Self-Awareness,5.0,5,Expert,4.88,97.0,>= 90th Percentile,"Expert Self-Awareness; exceptionally Feedback-Oriented - proactively solicits critical feedback from all levels and acts on it rapidly; deep Reflective practice - consistently pauses to extract lessons before reacting; precise Self-Knowledge - highly accurate understanding of own strengths, derailers, and impact; maintains a disciplined Personal Development plan; outstanding Emotional Regulation in high-stakes moments."
LTM911572,Vritti Bhavsar,Senior Specialist - Corporate Strategy,Mental Agility,4.82,5,Expert,4.92,98.0,>= 90th Percentile,Expert-level Mental Agility; demonstrates exceptional Inquisitiveness - asks penetrating 'why' and 'what if' questions that reframe problems; functions as a true Broad Scanner with interests spanning multiple unrelated disciplines; masterful Complexity handling; acts as a Connector drawing powerful analogies across domains; effective Improver/Critic who challenges assumptions constructively.
LTM911572,Vritti Bhavsar,Senior Specialist - Corporate Strategy,People Agility,4.78,5,Expert,4.92,98.0,>= 90th Percentile,Expert People Agility; genuinely Open-Minded - actively seeks perspectives radically unlike their own; exceptional People Smart capability - reads unspoken group dynamics with accuracy; masterful Politically Savvy navigation of complex organisational dynamics; outstanding Communicator who tailors message and medium to every audience; demonstrates exceptional Role Flexibility.
LTM911572,Vritti Bhavsar,Senior Specialist - Corporate Strategy,Change Agility,5.0,5,Expert,4.92,98.0,>= 90th Percentile,Expert Change Agility; prototype Experimenter mindset - proactively tests new approaches and learns rapidly from pilots; highly Comfortable with Ambiguity; compelling Visionary who articulates and energises others around a future state; exceptional Stalwart - sustains effectiveness through prolonged transformation; skilled Innovation Manager who helps others navigate change.
LTM911572,Vritti Bhavsar,Senior Specialist - Corporate Strategy,Results Agility,5.0,5,Expert,4.92,98.0,>= 90th Percentile,Expert Results Agility; demonstrates exceptional Drive - sets highest standards and holds self and others rigorously accountable; commands immediate respect - strong executive Presence; outstanding Resourcefulness in finding paths forward with limited resources; consistently Inspires Others to exceed expectations in first-time situations; maintains exceptional Composure under the most intense pressure.
LTM911572,Vritti Bhavsar,Senior Specialist - Corporate Strategy,Self-Awareness,5.0,5,Expert,4.92,98.0,>= 90th Percentile,"Expert Self-Awareness; exceptionally Feedback-Oriented - proactively solicits critical feedback from all levels and acts on it rapidly; deep Reflective practice - consistently pauses to extract lessons before reacting; precise Self-Knowledge - highly accurate understanding of own strengths, derailers, and impact; maintains a disciplined Personal Development plan; outstanding Emotional Regulation in high-stakes moments."
LTM933446,Brijesh Chander,Advisor,Mental Agility,5.0,5,Expert,5.0,100.0,>= 90th Percentile,Expert-level Mental Agility; demonstrates exceptional Inquisitiveness - asks penetrating 'why' and 'what if' questions that reframe problems; functions as a true Broad Scanner with interests spanning multiple unrelated disciplines; masterful Complexity handling; acts as a Connector drawing powerful analogies across domains; effective Improver/Critic who challenges assumptions constructively.
LTM933446,Brijesh Chander,Advisor,People Agility,5.0,5,Expert,5.0,100.0,>= 90th Percentile,Expert People Agility; genuinely Open-Minded - actively seeks perspectives radically unlike their own; exceptional People Smart capability - reads unspoken group dynamics with accuracy; masterful Politically Savvy navigation of complex organisational dynamics; outstanding Communicator who tailors message and medium to every audience; demonstrates exceptional Role Flexibility.
LTM933446,Brijesh Chander,Advisor,Change Agility,5.0,5,Expert,5.0,100.0,>= 90th Percentile,Expert Change Agility; prototype Experimenter mindset - proactively tests new approaches and learns rapidly from pilots; highly Comfortable with Ambiguity; compelling Visionary who articulates and energises others around a future state; exceptional Stalwart - sustains effectiveness through prolonged transformation; skilled Innovation Manager who helps others navigate change.
LTM933446,Brijesh Chander,Advisor,Results Agility,5.0,5,Expert,5.0,100.0,>= 90th Percentile,Expert Results Agility; demonstrates exceptional Drive - sets highest standards and holds self and others rigorously accountable; commands immediate respect - strong executive Presence; outstanding Resourcefulness in finding paths forward with limited resources; consistently Inspires Others to exceed expectations in first-time situations; maintains exceptional Composure under the most intense pressure.
LTM933446,Brijesh Chander,Advisor,Self-Awareness,5.0,5,Expert,5.0,100.0,>= 90th Percentile,"Expert Self-Awareness; exceptionally Feedback-Oriented - proactively solicits critical feedback from all levels and acts on it rapidly; deep Reflective practice - consistently pauses to extract lessons before reacting; precise Self-Knowledge - highly accurate understanding of own strengths, derailers, and impact; maintains a disciplined Personal Development plan; outstanding Emotional Regulation in high-stakes moments."
LTM360141,Chasmum Pradhan,Senior Account Director,Mental Agility,4.99,5,Expert,5.0,100.0,>= 90th Percentile,Expert-level Mental Agility; demonstrates exceptional Inquisitiveness - asks penetrating 'why' and 'what if' questions that reframe problems; functions as a true Broad Scanner with interests spanning multiple unrelated disciplines; masterful Complexity handling; acts as a Connector drawing powerful analogies across domains; effective Improver/Critic who challenges assumptions constructively.
LTM360141,Chasmum Pradhan,Senior Account Director,People Agility,5.0,5,Expert,5.0,100.0,>= 90th Percentile,Expert People Agility; genuinely Open-Minded - actively seeks perspectives radically unlike their own; exceptional People Smart capability - reads unspoken group dynamics with accuracy; masterful Politically Savvy navigation of complex organisational dynamics; outstanding Communicator who tailors message and medium to every audience; demonstrates exceptional Role Flexibility.
LTM360141,Chasmum Pradhan,Senior Account Director,Change Agility,5.0,5,Expert,5.0,100.0,>= 90th Percentile,Expert Change Agility; prototype Experimenter mindset - proactively tests new approaches and learns rapidly from pilots; highly Comfortable with Ambiguity; compelling Visionary who articulates and energises others around a future state; exceptional Stalwart - sustains effectiveness through prolonged transformation; skilled Innovation Manager who helps others navigate change.
LTM360141,Chasmum Pradhan,Senior Account Director,Results Agility,4.99,5,Expert,5.0,100.0,>= 90th Percentile,Expert Results Agility; demonstrates exceptional Drive - sets highest standards and holds self and others rigorously accountable; commands immediate respect - strong executive Presence; outstanding Resourcefulness in finding paths forward with limited resources; consistently Inspires Others to exceed expectations in first-time situations; maintains exceptional Composure under the most intense pressure.
LTM360141,Chasmum Pradhan,Senior Account Director,Self-Awareness,5.0,5,Expert,5.0,100.0,>= 90th Percentile,"Expert Self-Awareness; exceptionally Feedback-Oriented - proactively solicits critical feedback from all levels and acts on it rapidly; deep Reflective practice - consistently pauses to extract lessons before reacting; precise Self-Knowledge - highly accurate understanding of own strengths, derailers, and impact; maintains a disciplined Personal Development plan; outstanding Emotional Regulation in high-stakes moments."
LTM514297,Ayushman Narayan,Associate Vice President,Mental Agility,5.0,5,Expert,4.91,98.0,>= 90th Percentile,Expert-level Mental Agility; demonstrates exceptional Inquisitiveness - asks penetrating 'why' and 'what if' questions that reframe problems; functions as a true Broad Scanner with interests spanning multiple unrelated disciplines; masterful Complexity handling; acts as a Connector drawing powerful analogies across domains; effective Improver/Critic who challenges assumptions constructively.
LTM514297,Ayushman Narayan,Associate Vice President,People Agility,4.54,5,Expert,4.91,98.0,>= 90th Percentile,Expert People Agility; genuinely Open-Minded - actively seeks perspectives radically unlike their own; exceptional People Smart capability - reads unspoken group dynamics with accuracy; masterful Politically Savvy navigation of complex organisational dynamics; outstanding Communicator who tailors message and medium to every audience; demonstrates exceptional Role Flexibility.
LTM514297,Ayushman Narayan,Associate Vice President,Change Agility,5.0,5,Expert,4.91,98.0,>= 90th Percentile,Expert Change Agility; prototype Experimenter mindset - proactively tests new approaches and learns rapidly from pilots; highly Comfortable with Ambiguity; compelling Visionary who articulates and energises others around a future state; exceptional Stalwart - sustains effectiveness through prolonged transformation; skilled Innovation Manager who helps others navigate change.
LTM514297,Ayushman Narayan,Associate Vice President,Results Agility,5.0,5,Expert,4.91,98.0,>= 90th Percentile,Expert Results Agility; demonstrates exceptional Drive - sets highest standards and holds self and others rigorously accountable; commands immediate respect - strong executive Presence; outstanding Resourcefulness in finding paths forward with limited resources; consistently Inspires Others to exceed expectations in first-time situations; maintains exceptional Composure under the most intense pressure.
LTM514297,Ayushman Narayan,Associate Vice President,Self-Awareness,5.0,5,Expert,4.91,98.0,>= 90th Percentile,"Expert Self-Awareness; exceptionally Feedback-Oriented - proactively solicits critical feedback from all levels and acts on it rapidly; deep Reflective practice - consistently pauses to extract lessons before reacting; precise Self-Knowledge - highly accurate understanding of own strengths, derailers, and impact; maintains a disciplined Personal Development plan; outstanding Emotional Regulation in high-stakes moments."
LTM246269,Tripti Pandya,Senior Director - Practice Sales,Mental Agility,5.0,5,Expert,5.0,100.0,>= 90th Percentile,Expert-level Mental Agility; demonstrates exceptional Inquisitiveness - asks penetrating 'why' and 'what if' questions that reframe problems; functions as a true Broad Scanner with interests spanning multiple unrelated disciplines; masterful Complexity handling; acts as a Connector drawing powerful analogies across domains; effective Improver/Critic who challenges assumptions constructively.
LTM246269,Tripti Pandya,Senior Director - Practice Sales,People Agility,5.0,5,Expert,5.0,100.0,>= 90th Percentile,Expert People Agility; genuinely Open-Minded - actively seeks perspectives radically unlike their own; exceptional People Smart capability - reads unspoken group dynamics with accuracy; masterful Politically Savvy navigation of complex organisational dynamics; outstanding Communicator who tailors message and medium to every audience; demonstrates exceptional Role Flexibility.
LTM246269,Tripti Pandya,Senior Director - Practice Sales,Change Agility,5.0,5,Expert,5.0,100.0,>= 90th Percentile,Expert Change Agility; prototype Experimenter mindset - proactively tests new approaches and learns rapidly from pilots; highly Comfortable with Ambiguity; compelling Visionary who articulates and energises others around a future state; exceptional Stalwart - sustains effectiveness through prolonged transformation; skilled Innovation Manager who helps others navigate change.
LTM246269,Tripti Pandya,Senior Director - Practice Sales,Results Agility,5.0,5,Expert,5.0,100.0,>= 90th Percentile,Expert Results Agility; demonstrates exceptional Drive - sets highest standards and holds self and others rigorously accountable; commands immediate respect - strong executive Presence; outstanding Resourcefulness in finding paths forward with limited resources; consistently Inspires Others to exceed expectations in first-time situations; maintains exceptional Composure under the most intense pressure.
LTM246269,Tripti Pandya,Senior Director - Practice Sales,Self-Awareness,5.0,5,Expert,5.0,100.0,>= 90th Percentile,"Expert Self-Awareness; exceptionally Feedback-Oriented - proactively solicits critical feedback from all levels and acts on it rapidly; deep Reflective practice - consistently pauses to extract lessons before reacting; precise Self-Knowledge - highly accurate understanding of own strengths, derailers, and impact; maintains a disciplined Personal Development plan; outstanding Emotional Regulation in high-stakes moments."
LTM857798,Atharv Mani,Senior Account Director,Mental Agility,4.88,5,Expert,4.91,98.0,>= 90th Percentile,Expert-level Mental Agility; demonstrates exceptional Inquisitiveness - asks penetrating 'why' and 'what if' questions that reframe problems; functions as a true Broad Scanner with interests spanning multiple unrelated disciplines; masterful Complexity handling; acts as a Connector drawing powerful analogies across domains; effective Improver/Critic who challenges assumptions constructively.
LTM857798,Atharv Mani,Senior Account Director,People Agility,5.0,5,Expert,4.91,98.0,>= 90th Percentile,Expert People Agility; genuinely Open-Minded - actively seeks perspectives radically unlike their own; exceptional People Smart capability - reads unspoken group dynamics with accuracy; masterful Politically Savvy navigation of complex organisational dynamics; outstanding Communicator who tailors message and medium to every audience; demonstrates exceptional Role Flexibility.
LTM857798,Atharv Mani,Senior Account Director,Change Agility,4.73,5,Expert,4.91,98.0,>= 90th Percentile,Expert Change Agility; prototype Experimenter mindset - proactively tests new approaches and learns rapidly from pilots; highly Comfortable with Ambiguity; compelling Visionary who articulates and energises others around a future state; exceptional Stalwart - sustains effectiveness through prolonged transformation; skilled Innovation Manager who helps others navigate change.
LTM857798,Atharv Mani,Senior Account Director,Results Agility,5.0,5,Expert,4.91,98.0,>= 90th Percentile,Expert Results Agility; demonstrates exceptional Drive - sets highest standards and holds self and others rigorously accountable; commands immediate respect - strong executive Presence; outstanding Resourcefulness in finding paths forward with limited resources; consistently Inspires Others to exceed expectations in first-time situations; maintains exceptional Composure under the most intense pressure.
LTM857798,Atharv Mani,Senior Account Director,Self-Awareness,4.92,5,Expert,4.91,98.0,>= 90th Percentile,"Expert Self-Awareness; exceptionally Feedback-Oriented - proactively solicits critical feedback from all levels and acts on it rapidly; deep Reflective practice - consistently pauses to extract lessons before reacting; precise Self-Knowledge - highly accurate understanding of own strengths, derailers, and impact; maintains a disciplined Personal Development plan; outstanding Emotional Regulation in high-stakes moments."
LTM656713,Qushi Chawla,Vice President - Finance,Mental Agility,5.0,5,Expert,4.58,90.0,>= 90th Percentile,Expert-level Mental Agility; demonstrates exceptional Inquisitiveness - asks penetrating 'why' and 'what if' questions that reframe problems; functions as a true Broad Scanner with interests spanning multiple unrelated disciplines; masterful Complexity handling; acts as a Connector drawing powerful analogies across domains; effective Improver/Critic who challenges assumptions constructively.
LTM656713,Qushi Chawla,Vice President - Finance,People Agility,3.82,4,Advanced,4.58,90.0,>= 90th Percentile,Advanced People Agility; strong Open-Minded orientation; good People Smart - accurately reads most interpersonal dynamics; navigates organisational politics ethically and effectively; tailors communication well; shows good Role Flexibility across different team contexts.
LTM656713,Qushi Chawla,Vice President - Finance,Change Agility,4.7,5,Expert,4.58,90.0,>= 90th Percentile,Expert Change Agility; prototype Experimenter mindset - proactively tests new approaches and learns rapidly from pilots; highly Comfortable with Ambiguity; compelling Visionary who articulates and energises others around a future state; exceptional Stalwart - sustains effectiveness through prolonged transformation; skilled Innovation Manager who helps others navigate change.
LTM656713,Qushi Chawla,Vice President - Finance,Results Agility,4.4,4,Advanced,4.58,90.0,>= 90th Percentile,Advanced Results Agility; strong Drive with high self-accountability; solid executive Presence that builds confidence; demonstrates good Resourcefulness; effectively Inspires Others to high performance; maintains Composure well in most high-pressure situations.
LTM656713,Qushi Chawla,Vice President - Finance,Self-Awareness,5.0,5,Expert,4.58,90.0,>= 90th Percentile,"Expert Self-Awareness; exceptionally Feedback-Oriented - proactively solicits critical feedback from all levels and acts on it rapidly; deep Reflective practice - consistently pauses to extract lessons before reacting; precise Self-Knowledge - highly accurate understanding of own strengths, derailers, and impact; maintains a disciplined Personal Development plan; outstanding Emotional Regulation in high-stakes moments."
LTM323546,Faras Subramaniam,Senior Specialist - Cybersecurity,Mental Agility,4.16,4,Advanced,4.55,89.0,>= 90th Percentile,Advanced Mental Agility; strong Inquisitiveness and Broad Scanning behaviour; handles complexity well; makes useful connections across disciplines; challenges existing approaches constructively; solid critical and creative problem-solving capability.
LTM323546,Faras Subramaniam,Senior Specialist - Cybersecurity,People Agility,4.56,5,Expert,4.55,89.0,>= 90th Percentile,Expert People Agility; genuinely Open-Minded - actively seeks perspectives radically unlike their own; exceptional People Smart capability - reads unspoken group dynamics with accuracy; masterful Politically Savvy navigation of complex organisational dynamics; outstanding Communicator who tailors message and medium to every audience; demonstrates exceptional Role Flexibility.
LTM323546,Faras Subramaniam,Senior Specialist - Cybersecurity,Change Agility,5.0,5,Expert,4.55,89.0,>= 90th Percentile,Expert Change Agility; prototype Experimenter mindset - proactively tests new approaches and learns rapidly from pilots; highly Comfortable with Ambiguity; compelling Visionary who articulates and energises others around a future state; exceptional Stalwart - sustains effectiveness through prolonged transformation; skilled Innovation Manager who helps others navigate change.
LTM323546,Faras Subramaniam,Senior Specialist - Cybersecurity,Results Agility,4.49,4,Advanced,4.55,89.0,>= 90th Percentile,Advanced Results Agility; strong Drive with high self-accountability; solid executive Presence that builds confidence; demonstrates good Resourcefulness; effectively Inspires Others to high performance; maintains Composure well in most high-pressure situations.
LTM323546,Faras Subramaniam,Senior Specialist - Cybersecurity,Self-Awareness,4.55,5,Expert,4.55,89.0,>= 90th Percentile,"Expert Self-Awareness; exceptionally Feedback-Oriented - proactively solicits critical feedback from all levels and acts on it rapidly; deep Reflective practice - consistently pauses to extract lessons before reacting; precise Self-Knowledge - highly accurate understanding of own strengths, derailers, and impact; maintains a disciplined Personal Development plan; outstanding Emotional Regulation in high-stakes moments."
LTM389896,Chatura Palla,Senior Specialist - Corporate Strategy,Mental Agility,3.98,4,Advanced,4.53,88.0,>= 90th Percentile,Advanced Mental Agility; strong Inquisitiveness and Broad Scanning behaviour; handles complexity well; makes useful connections across disciplines; challenges existing approaches constructively; solid critical and creative problem-solving capability.
LTM389896,Chatura Palla,Senior Specialist - Corporate Strategy,People Agility,4.64,5,Expert,4.53,88.0,>= 90th Percentile,Expert People Agility; genuinely Open-Minded - actively seeks perspectives radically unlike their own; exceptional People Smart capability - reads unspoken group dynamics with accuracy; masterful Politically Savvy navigation of complex organisational dynamics; outstanding Communicator who tailors message and medium to every audience; demonstrates exceptional Role Flexibility.
LTM389896,Chatura Palla,Senior Specialist - Corporate Strategy,Change Agility,4.55,5,Expert,4.53,88.0,>= 90th Percentile,Expert Change Agility; prototype Experimenter mindset - proactively tests new approaches and learns rapidly from pilots; highly Comfortable with Ambiguity; compelling Visionary who articulates and energises others around a future state; exceptional Stalwart - sustains effectiveness through prolonged transformation; skilled Innovation Manager who helps others navigate change.
LTM389896,Chatura Palla,Senior Specialist - Corporate Strategy,Results Agility,5.0,5,Expert,4.53,88.0,>= 90th Percentile,Expert Results Agility; demonstrates exceptional Drive - sets highest standards and holds self and others rigorously accountable; commands immediate respect - strong executive Presence; outstanding Resourcefulness in finding paths forward with limited resources; consistently Inspires Others to exceed expectations in first-time situations; maintains exceptional Composure under the most intense pressure.
LTM389896,Chatura Palla,Senior Specialist - Corporate Strategy,Self-Awareness,4.5,4,Advanced,4.53,88.0,>= 90th Percentile,Advanced Self-Awareness; actively seeks and acts on feedback; demonstrates strong Reflective behaviour; generally accurate Self-Knowledge with minor blind spots; follows a consistent Personal Development plan; manages emotional responses well in most high-pressure situations.
LTM590397,Mohammed Nori,Senior Specialist - Corporate Strategy,Mental Agility,5.0,5,Expert,4.81,95.0,>= 90th Percentile,Expert-level Mental Agility; demonstrates exceptional Inquisitiveness - asks penetrating 'why' and 'what if' questions that reframe problems; functions as a true Broad Scanner with interests spanning multiple unrelated disciplines; masterful Complexity handling; acts as a Connector drawing powerful analogies across domains; effective Improver/Critic who challenges assumptions constructively.
LTM590397,Mohammed Nori,Senior Specialist - Corporate Strategy,People Agility,4.03,4,Advanced,4.81,95.0,>= 90th Percentile,Advanced People Agility; strong Open-Minded orientation; good People Smart - accurately reads most interpersonal dynamics; navigates organisational politics ethically and effectively; tailors communication well; shows good Role Flexibility across different team contexts.
LTM590397,Mohammed Nori,Senior Specialist - Corporate Strategy,Change Agility,5.0,5,Expert,4.81,95.0,>= 90th Percentile,Expert Change Agility; prototype Experimenter mindset - proactively tests new approaches and learns rapidly from pilots; highly Comfortable with Ambiguity; compelling Visionary who articulates and energises others around a future state; exceptional Stalwart - sustains effectiveness through prolonged transformation; skilled Innovation Manager who helps others navigate change.
LTM590397,Mohammed Nori,Senior Specialist - Corporate Strategy,Results Agility,5.0,5,Expert,4.81,95.0,>= 90th Percentile,Expert Results Agility; demonstrates exceptional Drive - sets highest standards and holds self and others rigorously accountable; commands immediate respect - strong executive Presence; outstanding Resourcefulness in finding paths forward with limited resources; consistently Inspires Others to exceed expectations in first-time situations; maintains exceptional Composure under the most intense pressure.
LTM590397,Mohammed Nori,Senior Specialist - Corporate Strategy,Self-Awareness,5.0,5,Expert,4.81,95.0,>= 90th Percentile,"Expert Self-Awareness; exceptionally Feedback-Oriented - proactively solicits critical feedback from all levels and acts on it rapidly; deep Reflective practice - consistently pauses to extract lessons before reacting; precise Self-Knowledge - highly accurate understanding of own strengths, derailers, and impact; maintains a disciplined Personal Development plan; outstanding Emotional Regulation in high-stakes moments."
LTM895005,Aarini Golla,Specialist - Corporate Strategy,Mental Agility,5.0,5,Expert,4.79,95.0,>= 90th Percentile,Expert-level Mental Agility; demonstrates exceptional Inquisitiveness - asks penetrating 'why' and 'what if' questions that reframe problems; functions as a true Broad Scanner with interests spanning multiple unrelated disciplines; masterful Complexity handling; acts as a Connector drawing powerful analogies across domains; effective Improver/Critic who challenges assumptions constructively.
LTM895005,Aarini Golla,Specialist - Corporate Strategy,People Agility,5.0,5,Expert,4.79,95.0,>= 90th Percentile,Expert People Agility; genuinely Open-Minded - actively seeks perspectives radically unlike their own; exceptional People Smart capability - reads unspoken group dynamics with accuracy; masterful Politically Savvy navigation of complex organisational dynamics; outstanding Communicator who tailors message and medium to every audience; demonstrates exceptional Role Flexibility.
LTM895005,Aarini Golla,Specialist - Corporate Strategy,Change Agility,4.49,4,Advanced,4.79,95.0,>= 90th Percentile,Advanced Change Agility; demonstrates strong Experimenter orientation; comfortable with ambiguity in most situations; articulates a clear and motivating vision of change; sustains performance during significant transitions; helps team members adapt to change effectively.
LTM895005,Aarini Golla,Specialist - Corporate Strategy,Results Agility,4.86,5,Expert,4.79,95.0,>= 90th Percentile,Expert Results Agility; demonstrates exceptional Drive - sets highest standards and holds self and others rigorously accountable; commands immediate respect - strong executive Presence; outstanding Resourcefulness in finding paths forward with limited resources; consistently Inspires Others to exceed expectations in first-time situations; maintains exceptional Composure under the most intense pressure.
LTM895005,Aarini Golla,Specialist - Corporate Strategy,Self-Awareness,4.61,5,Expert,4.79,95.0,>= 90th Percentile,"Expert Self-Awareness; exceptionally Feedback-Oriented - proactively solicits critical feedback from all levels and acts on it rapidly; deep Reflective practice - consistently pauses to extract lessons before reacting; precise Self-Knowledge - highly accurate understanding of own strengths, derailers, and impact; maintains a disciplined Personal Development plan; outstanding Emotional Regulation in high-stakes moments."
LTM127880,Nandini Boase,Principal Director - HR Transformation,Mental Agility,5.0,5,Expert,4.67,92.0,>= 90th Percentile,Expert-level Mental Agility; demonstrates exceptional Inquisitiveness - asks penetrating 'why' and 'what if' questions that reframe problems; functions as a true Broad Scanner with interests spanning multiple unrelated disciplines; masterful Complexity handling; acts as a Connector drawing powerful analogies across domains; effective Improver/Critic who challenges assumptions constructively.
LTM127880,Nandini Boase,Principal Director - HR Transformation,People Agility,4.99,5,Expert,4.67,92.0,>= 90th Percentile,Expert People Agility; genuinely Open-Minded - actively seeks perspectives radically unlike their own; exceptional People Smart capability - reads unspoken group dynamics with accuracy; masterful Politically Savvy navigation of complex organisational dynamics; outstanding Communicator who tailors message and medium to every audience; demonstrates exceptional Role Flexibility.
LTM127880,Nandini Boase,Principal Director - HR Transformation,Change Agility,4.49,4,Advanced,4.67,92.0,>= 90th Percentile,Advanced Change Agility; demonstrates strong Experimenter orientation; comfortable with ambiguity in most situations; articulates a clear and motivating vision of change; sustains performance during significant transitions; helps team members adapt to change effectively.
LTM127880,Nandini Boase,Principal Director - HR Transformation,Results Agility,5.0,5,Expert,4.67,92.0,>= 90th Percentile,Expert Results Agility; demonstrates exceptional Drive - sets highest standards and holds self and others rigorously accountable; commands immediate respect - strong executive Presence; outstanding Resourcefulness in finding paths forward with limited resources; consistently Inspires Others to exceed expectations in first-time situations; maintains exceptional Composure under the most intense pressure.
LTM127880,Nandini Boase,Principal Director - HR Transformation,Self-Awareness,3.86,4,Advanced,4.67,92.0,>= 90th Percentile,Advanced Self-Awareness; actively seeks and acts on feedback; demonstrates strong Reflective behaviour; generally accurate Self-Knowledge with minor blind spots; follows a consistent Personal Development plan; manages emotional responses well in most high-pressure situations.
LTM317588,Krisha Saini,Senior Executive - Corporate Strategy,Mental Agility,4.43,4,Advanced,4.89,97.0,>= 90th Percentile,Advanced Mental Agility; strong Inquisitiveness and Broad Scanning behaviour; handles complexity well; makes useful connections across disciplines; challenges existing approaches constructively; solid critical and creative problem-solving capability.
LTM317588,Krisha Saini,Senior Executive - Corporate Strategy,People Agility,5.0,5,Expert,4.89,97.0,>= 90th Percentile,Expert People Agility; genuinely Open-Minded - actively seeks perspectives radically unlike their own; exceptional People Smart capability - reads unspoken group dynamics with accuracy; masterful Politically Savvy navigation of complex organisational dynamics; outstanding Communicator who tailors message and medium to every audience; demonstrates exceptional Role Flexibility.
LTM317588,Krisha Saini,Senior Executive - Corporate Strategy,Change Agility,5.0,5,Expert,4.89,97.0,>= 90th Percentile,Expert Change Agility; prototype Experimenter mindset - proactively tests new approaches and learns rapidly from pilots; highly Comfortable with Ambiguity; compelling Visionary who articulates and energises others around a future state; exceptional Stalwart - sustains effectiveness through prolonged transformation; skilled Innovation Manager who helps others navigate change.
LTM317588,Krisha Saini,Senior Executive - Corporate Strategy,Results Agility,5.0,5,Expert,4.89,97.0,>= 90th Percentile,Expert Results Agility; demonstrates exceptional Drive - sets highest standards and holds self and others rigorously accountable; commands immediate respect - strong executive Presence; outstanding Resourcefulness in finding paths forward with limited resources; consistently Inspires Others to exceed expectations in first-time situations; maintains exceptional Composure under the most intense pressure.
LTM317588,Krisha Saini,Senior Executive - Corporate Strategy,Self-Awareness,5.0,5,Expert,4.89,97.0,>= 90th Percentile,"Expert Self-Awareness; exceptionally Feedback-Oriented - proactively solicits critical feedback from all levels and acts on it rapidly; deep Reflective practice - consistently pauses to extract lessons before reacting; precise Self-Knowledge - highly accurate understanding of own strengths, derailers, and impact; maintains a disciplined Personal Development plan; outstanding Emotional Regulation in high-stakes moments."
LTM839610,Onkar Dugar,Senior Director - Corporate Strategy,Mental Agility,5.0,5,Expert,4.94,99.0,>= 90th Percentile,Expert-level Mental Agility; demonstrates exceptional Inquisitiveness - asks penetrating 'why' and 'what if' questions that reframe problems; functions as a true Broad Scanner with interests spanning multiple unrelated disciplines; masterful Complexity handling; acts as a Connector drawing powerful analogies across domains; effective Improver/Critic who challenges assumptions constructively.
LTM839610,Onkar Dugar,Senior Director - Corporate Strategy,People Agility,5.0,5,Expert,4.94,99.0,>= 90th Percentile,Expert People Agility; genuinely Open-Minded - actively seeks perspectives radically unlike their own; exceptional People Smart capability - reads unspoken group dynamics with accuracy; masterful Politically Savvy navigation of complex organisational dynamics; outstanding Communicator who tailors message and medium to every audience; demonstrates exceptional Role Flexibility.
LTM839610,Onkar Dugar,Senior Director - Corporate Strategy,Change Agility,4.69,5,Expert,4.94,99.0,>= 90th Percentile,Expert Change Agility; prototype Experimenter mindset - proactively tests new approaches and learns rapidly from pilots; highly Comfortable with Ambiguity; compelling Visionary who articulates and energises others around a future state; exceptional Stalwart - sustains effectiveness through prolonged transformation; skilled Innovation Manager who helps others navigate change.
LTM839610,Onkar Dugar,Senior Director - Corporate Strategy,Results Agility,5.0,5,Expert,4.94,99.0,>= 90th Percentile,Expert Results Agility; demonstrates exceptional Drive - sets highest standards and holds self and others rigorously accountable; commands immediate respect - strong executive Presence; outstanding Resourcefulness in finding paths forward with limited resources; consistently Inspires Others to exceed expectations in first-time situations; maintains exceptional Composure under the most intense pressure.
LTM839610,Onkar Dugar,Senior Director - Corporate Strategy,Self-Awareness,5.0,5,Expert,4.94,99.0,>= 90th Percentile,"Expert Self-Awareness; exceptionally Feedback-Oriented - proactively solicits critical feedback from all levels and acts on it rapidly; deep Reflective practice - consistently pauses to extract lessons before reacting; precise Self-Knowledge - highly accurate understanding of own strengths, derailers, and impact; maintains a disciplined Personal Development plan; outstanding Emotional Regulation in high-stakes moments."
LTM549039,Timothy Samra,Senior Specialist - Cybersecurity,Mental Agility,5.0,5,Expert,4.74,94.0,>= 90th Percentile,Expert-level Mental Agility; demonstrates exceptional Inquisitiveness - asks penetrating 'why' and 'what if' questions that reframe problems; functions as a true Broad Scanner with interests spanning multiple unrelated disciplines; masterful Complexity handling; acts as a Connector drawing powerful analogies across domains; effective Improver/Critic who challenges assumptions constructively.
LTM549039,Timothy Samra,Senior Specialist - Cybersecurity,People Agility,4.66,5,Expert,4.74,94.0,>= 90th Percentile,Expert People Agility; genuinely Open-Minded - actively seeks perspectives radically unlike their own; exceptional People Smart capability - reads unspoken group dynamics with accuracy; masterful Politically Savvy navigation of complex organisational dynamics; outstanding Communicator who tailors message and medium to every audience; demonstrates exceptional Role Flexibility.
LTM549039,Timothy Samra,Senior Specialist - Cybersecurity,Change Agility,4.66,5,Expert,4.74,94.0,>= 90th Percentile,Expert Change Agility; prototype Experimenter mindset - proactively tests new approaches and learns rapidly from pilots; highly Comfortable with Ambiguity; compelling Visionary who articulates and energises others around a future state; exceptional Stalwart - sustains effectiveness through prolonged transformation; skilled Innovation Manager who helps others navigate change.
LTM549039,Timothy Samra,Senior Specialist - Cybersecurity,Results Agility,5.0,5,Expert,4.74,94.0,>= 90th Percentile,Expert Results Agility; demonstrates exceptional Drive - sets highest standards and holds self and others rigorously accountable; commands immediate respect - strong executive Presence; outstanding Resourcefulness in finding paths forward with limited resources; consistently Inspires Others to exceed expectations in first-time situations; maintains exceptional Composure under the most intense pressure.
LTM549039,Timothy Samra,Senior Specialist - Cybersecurity,Self-Awareness,4.38,4,Advanced,4.74,94.0,>= 90th Percentile,Advanced Self-Awareness; actively seeks and acts on feedback; demonstrates strong Reflective behaviour; generally accurate Self-Knowledge with minor blind spots; follows a consistent Personal Development plan; manages emotional responses well in most high-pressure situations.
LTM896231,Vaishnavi Sachdeva,Senior Executive - Secretarial,Mental Agility,5.0,5,Expert,4.81,95.0,>= 90th Percentile,Expert-level Mental Agility; demonstrates exceptional Inquisitiveness - asks penetrating 'why' and 'what if' questions that reframe problems; functions as a true Broad Scanner with interests spanning multiple unrelated disciplines; masterful Complexity handling; acts as a Connector drawing powerful analogies across domains; effective Improver/Critic who challenges assumptions constructively.
LTM896231,Vaishnavi Sachdeva,Senior Executive - Secretarial,People Agility,4.21,4,Advanced,4.81,95.0,>= 90th Percentile,Advanced People Agility; strong Open-Minded orientation; good People Smart - accurately reads most interpersonal dynamics; navigates organisational politics ethically and effectively; tailors communication well; shows good Role Flexibility across different team contexts.
LTM896231,Vaishnavi Sachdeva,Senior Executive - Secretarial,Change Agility,4.82,5,Expert,4.81,95.0,>= 90th Percentile,Expert Change Agility; prototype Experimenter mindset - proactively tests new approaches and learns rapidly from pilots; highly Comfortable with Ambiguity; compelling Visionary who articulates and energises others around a future state; exceptional Stalwart - sustains effectiveness through prolonged transformation; skilled Innovation Manager who helps others navigate change.
LTM896231,Vaishnavi Sachdeva,Senior Executive - Secretarial,Results Agility,5.0,5,Expert,4.81,95.0,>= 90th Percentile,Expert Results Agility; demonstrates exceptional Drive - sets highest standards and holds self and others rigorously accountable; commands immediate respect - strong executive Presence; outstanding Resourcefulness in finding paths forward with limited resources; consistently Inspires Others to exceed expectations in first-time situations; maintains exceptional Composure under the most intense pressure.
LTM896231,Vaishnavi Sachdeva,Senior Executive - Secretarial,Self-Awareness,5.0,5,Expert,4.81,95.0,>= 90th Percentile,"Expert Self-Awareness; exceptionally Feedback-Oriented - proactively solicits critical feedback from all levels and acts on it rapidly; deep Reflective practice - consistently pauses to extract lessons before reacting; precise Self-Knowledge - highly accurate understanding of own strengths, derailers, and impact; maintains a disciplined Personal Development plan; outstanding Emotional Regulation in high-stakes moments."
LTM667565,Hritik Vala,Principal Director - HR Transformation,Mental Agility,5.0,5,Expert,4.92,98.0,>= 90th Percentile,Expert-level Mental Agility; demonstrates exceptional Inquisitiveness - asks penetrating 'why' and 'what if' questions that reframe problems; functions as a true Broad Scanner with interests spanning multiple unrelated disciplines; masterful Complexity handling; acts as a Connector drawing powerful analogies across domains; effective Improver/Critic who challenges assumptions constructively.
LTM667565,Hritik Vala,Principal Director - HR Transformation,People Agility,5.0,5,Expert,4.92,98.0,>= 90th Percentile,Expert People Agility; genuinely Open-Minded - actively seeks perspectives radically unlike their own; exceptional People Smart capability - reads unspoken group dynamics with accuracy; masterful Politically Savvy navigation of complex organisational dynamics; outstanding Communicator who tailors message and medium to every audience; demonstrates exceptional Role Flexibility.
LTM667565,Hritik Vala,Principal Director - HR Transformation,Change Agility,4.73,5,Expert,4.92,98.0,>= 90th Percentile,Expert Change Agility; prototype Experimenter mindset - proactively tests new approaches and learns rapidly from pilots; highly Comfortable with Ambiguity; compelling Visionary who articulates and energises others around a future state; exceptional Stalwart - sustains effectiveness through prolonged transformation; skilled Innovation Manager who helps others navigate change.
LTM667565,Hritik Vala,Principal Director - HR Transformation,Results Agility,5.0,5,Expert,4.92,98.0,>= 90th Percentile,Expert Results Agility; demonstrates exceptional Drive - sets highest standards and holds self and others rigorously accountable; commands immediate respect - strong executive Presence; outstanding Resourcefulness in finding paths forward with limited resources; consistently Inspires Others to exceed expectations in first-time situations; maintains exceptional Composure under the most intense pressure.
LTM667565,Hritik Vala,Principal Director - HR Transformation,Self-Awareness,4.87,5,Expert,4.92,98.0,>= 90th Percentile,"Expert Self-Awareness; exceptionally Feedback-Oriented - proactively solicits critical feedback from all levels and acts on it rapidly; deep Reflective practice - consistently pauses to extract lessons before reacting; precise Self-Knowledge - highly accurate understanding of own strengths, derailers, and impact; maintains a disciplined Personal Development plan; outstanding Emotional Regulation in high-stakes moments."
LTM337955,Meghana Sur,CEO,Mental Agility,5.0,5,Expert,4.78,95.0,>= 90th Percentile,Expert-level Mental Agility; demonstrates exceptional Inquisitiveness - asks penetrating 'why' and 'what if' questions that reframe problems; functions as a true Broad Scanner with interests spanning multiple unrelated disciplines; masterful Complexity handling; acts as a Connector drawing powerful analogies across domains; effective Improver/Critic who challenges assumptions constructively.
LTM337955,Meghana Sur,CEO,People Agility,5.0,5,Expert,4.78,95.0,>= 90th Percentile,Expert People Agility; genuinely Open-Minded - actively seeks perspectives radically unlike their own; exceptional People Smart capability - reads unspoken group dynamics with accuracy; masterful Politically Savvy navigation of complex organisational dynamics; outstanding Communicator who tailors message and medium to every audience; demonstrates exceptional Role Flexibility.
LTM337955,Meghana Sur,CEO,Change Agility,5.0,5,Expert,4.78,95.0,>= 90th Percentile,Expert Change Agility; prototype Experimenter mindset - proactively tests new approaches and learns rapidly from pilots; highly Comfortable with Ambiguity; compelling Visionary who articulates and energises others around a future state; exceptional Stalwart - sustains effectiveness through prolonged transformation; skilled Innovation Manager who helps others navigate change.
LTM337955,Meghana Sur,CEO,Results Agility,5.0,5,Expert,4.78,95.0,>= 90th Percentile,Expert Results Agility; demonstrates exceptional Drive - sets highest standards and holds self and others rigorously accountable; commands immediate respect - strong executive Presence; outstanding Resourcefulness in finding paths forward with limited resources; consistently Inspires Others to exceed expectations in first-time situations; maintains exceptional Composure under the most intense pressure.
LTM337955,Meghana Sur,CEO,Self-Awareness,3.89,4,Advanced,4.78,95.0,>= 90th Percentile,Advanced Self-Awareness; actively seeks and acts on feedback; demonstrates strong Reflective behaviour; generally accurate Self-Knowledge with minor blind spots; follows a consistent Personal Development plan; manages emotional responses well in most high-pressure situations.
LTM197524,Arin Kannan,Senior Director - HRBP,Mental Agility,5.0,5,Expert,4.81,95.0,>= 90th Percentile,Expert-level Mental Agility; demonstrates exceptional Inquisitiveness - asks penetrating 'why' and 'what if' questions that reframe problems; functions as a true Broad Scanner with interests spanning multiple unrelated disciplines; masterful Complexity handling; acts as a Connector drawing powerful analogies across domains; effective Improver/Critic who challenges assumptions constructively.
LTM197524,Arin Kannan,Senior Director - HRBP,People Agility,4.54,5,Expert,4.81,95.0,>= 90th Percentile,Expert People Agility; genuinely Open-Minded - actively seeks perspectives radically unlike their own; exceptional People Smart capability - reads unspoken group dynamics with accuracy; masterful Politically Savvy navigation of complex organisational dynamics; outstanding Communicator who tailors message and medium to every audience; demonstrates exceptional Role Flexibility.
LTM197524,Arin Kannan,Senior Director - HRBP,Change Agility,5.0,5,Expert,4.81,95.0,>= 90th Percentile,Expert Change Agility; prototype Experimenter mindset - proactively tests new approaches and learns rapidly from pilots; highly Comfortable with Ambiguity; compelling Visionary who articulates and energises others around a future state; exceptional Stalwart - sustains effectiveness through prolonged transformation; skilled Innovation Manager who helps others navigate change.
LTM197524,Arin Kannan,Senior Director - HRBP,Results Agility,4.49,4,Advanced,4.81,95.0,>= 90th Percentile,Advanced Results Agility; strong Drive with high self-accountability; solid executive Presence that builds confidence; demonstrates good Resourcefulness; effectively Inspires Others to high performance; maintains Composure well in most high-pressure situations.
LTM197524,Arin Kannan,Senior Director - HRBP,Self-Awareness,5.0,5,Expert,4.81,95.0,>= 90th Percentile,"Expert Self-Awareness; exceptionally Feedback-Oriented - proactively solicits critical feedback from all levels and acts on it rapidly; deep Reflective practice - consistently pauses to extract lessons before reacting; precise Self-Knowledge - highly accurate understanding of own strengths, derailers, and impact; maintains a disciplined Personal Development plan; outstanding Emotional Regulation in high-stakes moments."
LTM489457,Baghyawati Amble,Advisor,Mental Agility,5.0,5,Expert,4.95,99.0,>= 90th Percentile,Expert-level Mental Agility; demonstrates exceptional Inquisitiveness - asks penetrating 'why' and 'what if' questions that reframe problems; functions as a true Broad Scanner with interests spanning multiple unrelated disciplines; masterful Complexity handling; acts as a Connector drawing powerful analogies across domains; effective Improver/Critic who challenges assumptions constructively.
LTM489457,Baghyawati Amble,Advisor,People Agility,4.94,5,Expert,4.95,99.0,>= 90th Percentile,Expert People Agility; genuinely Open-Minded - actively seeks perspectives radically unlike their own; exceptional People Smart capability - reads unspoken group dynamics with accuracy; masterful Politically Savvy navigation of complex organisational dynamics; outstanding Communicator who tailors message and medium to every audience; demonstrates exceptional Role Flexibility.
LTM489457,Baghyawati Amble,Advisor,Change Agility,4.79,5,Expert,4.95,99.0,>= 90th Percentile,Expert Change Agility; prototype Experimenter mindset - proactively tests new approaches and learns rapidly from pilots; highly Comfortable with Ambiguity; compelling Visionary who articulates and energises others around a future state; exceptional Stalwart - sustains effectiveness through prolonged transformation; skilled Innovation Manager who helps others navigate change.
LTM489457,Baghyawati Amble,Advisor,Results Agility,5.0,5,Expert,4.95,99.0,>= 90th Percentile,Expert Results Agility; demonstrates exceptional Drive - sets highest standards and holds self and others rigorously accountable; commands immediate respect - strong executive Presence; outstanding Resourcefulness in finding paths forward with limited resources; consistently Inspires Others to exceed expectations in first-time situations; maintains exceptional Composure under the most intense pressure.
LTM489457,Baghyawati Amble,Advisor,Self-Awareness,5.0,5,Expert,4.95,99.0,>= 90th Percentile,"Expert Self-Awareness; exceptionally Feedback-Oriented - proactively solicits critical feedback from all levels and acts on it rapidly; deep Reflective practice - consistently pauses to extract lessons before reacting; precise Self-Knowledge - highly accurate understanding of own strengths, derailers, and impact; maintains a disciplined Personal Development plan; outstanding Emotional Regulation in high-stakes moments."
LTM131405,Darpan Amble,Managing Principal - Cybersecurity,Mental Agility,5.0,5,Expert,4.95,99.0,>= 90th Percentile,Expert-level Mental Agility; demonstrates exceptional Inquisitiveness - asks penetrating 'why' and 'what if' questions that reframe problems; functions as a true Broad Scanner with interests spanning multiple unrelated disciplines; masterful Complexity handling; acts as a Connector drawing powerful analogies across domains; effective Improver/Critic who challenges assumptions constructively.
LTM131405,Darpan Amble,Managing Principal - Cybersecurity,People Agility,5.0,5,Expert,4.95,99.0,>= 90th Percentile,Expert People Agility; genuinely Open-Minded - actively seeks perspectives radically unlike their own; exceptional People Smart capability - reads unspoken group dynamics with accuracy; masterful Politically Savvy navigation of complex organisational dynamics; outstanding Communicator who tailors message and medium to every audience; demonstrates exceptional Role Flexibility.
LTM131405,Darpan Amble,Managing Principal - Cybersecurity,Change Agility,5.0,5,Expert,4.95,99.0,>= 90th Percentile,Expert Change Agility; prototype Experimenter mindset - proactively tests new approaches and learns rapidly from pilots; highly Comfortable with Ambiguity; compelling Visionary who articulates and energises others around a future state; exceptional Stalwart - sustains effectiveness through prolonged transformation; skilled Innovation Manager who helps others navigate change.
LTM131405,Darpan Amble,Managing Principal - Cybersecurity,Results Agility,5.0,5,Expert,4.95,99.0,>= 90th Percentile,Expert Results Agility; demonstrates exceptional Drive - sets highest standards and holds self and others rigorously accountable; commands immediate respect - strong executive Presence; outstanding Resourcefulness in finding paths forward with limited resources; consistently Inspires Others to exceed expectations in first-time situations; maintains exceptional Composure under the most intense pressure.
LTM131405,Darpan Amble,Managing Principal - Cybersecurity,Self-Awareness,4.77,5,Expert,4.95,99.0,>= 90th Percentile,"Expert Self-Awareness; exceptionally Feedback-Oriented - proactively solicits critical feedback from all levels and acts on it rapidly; deep Reflective practice - consistently pauses to extract lessons before reacting; precise Self-Knowledge - highly accurate understanding of own strengths, derailers, and impact; maintains a disciplined Personal Development plan; outstanding Emotional Regulation in high-stakes moments."
LTM134381,Tanveer Gill,Vice President - Advisory,Mental Agility,5.0,5,Expert,4.94,99.0,>= 90th Percentile,Expert-level Mental Agility; demonstrates exceptional Inquisitiveness - asks penetrating 'why' and 'what if' questions that reframe problems; functions as a true Broad Scanner with interests spanning multiple unrelated disciplines; masterful Complexity handling; acts as a Connector drawing powerful analogies across domains; effective Improver/Critic who challenges assumptions constructively.
LTM134381,Tanveer Gill,Vice President - Advisory,People Agility,5.0,5,Expert,4.94,99.0,>= 90th Percentile,Expert People Agility; genuinely Open-Minded - actively seeks perspectives radically unlike their own; exceptional People Smart capability - reads unspoken group dynamics with accuracy; masterful Politically Savvy navigation of complex organisational dynamics; outstanding Communicator who tailors message and medium to every audience; demonstrates exceptional Role Flexibility.
LTM134381,Tanveer Gill,Vice President - Advisory,Change Agility,5.0,5,Expert,4.94,99.0,>= 90th Percentile,Expert Change Agility; prototype Experimenter mindset - proactively tests new approaches and learns rapidly from pilots; highly Comfortable with Ambiguity; compelling Visionary who articulates and energises others around a future state; exceptional Stalwart - sustains effectiveness through prolonged transformation; skilled Innovation Manager who helps others navigate change.
LTM134381,Tanveer Gill,Vice President - Advisory,Results Agility,5.0,5,Expert,4.94,99.0,>= 90th Percentile,Expert Results Agility; demonstrates exceptional Drive - sets highest standards and holds self and others rigorously accountable; commands immediate respect - strong executive Presence; outstanding Resourcefulness in finding paths forward with limited resources; consistently Inspires Others to exceed expectations in first-time situations; maintains exceptional Composure under the most intense pressure.
LTM134381,Tanveer Gill,Vice President - Advisory,Self-Awareness,4.69,5,Expert,4.94,99.0,>= 90th Percentile,"Expert Self-Awareness; exceptionally Feedback-Oriented - proactively solicits critical feedback from all levels and acts on it rapidly; deep Reflective practice - consistently pauses to extract lessons before reacting; precise Self-Knowledge - highly accurate understanding of own strengths, derailers, and impact; maintains a disciplined Personal Development plan; outstanding Emotional Regulation in high-stakes moments."
LTM785983,Ranveer Walia,Executive Vice President,Mental Agility,5.0,5,Expert,4.85,96.0,>= 90th Percentile,Expert-level Mental Agility; demonstrates exceptional Inquisitiveness - asks penetrating 'why' and 'what if' questions that reframe problems; functions as a true Broad Scanner with interests spanning multiple unrelated disciplines; masterful Complexity handling; acts as a Connector drawing powerful analogies across domains; effective Improver/Critic who challenges assumptions constructively.
LTM785983,Ranveer Walia,Executive Vice President,People Agility,4.43,4,Advanced,4.85,96.0,>= 90th Percentile,Advanced People Agility; strong Open-Minded orientation; good People Smart - accurately reads most interpersonal dynamics; navigates organisational politics ethically and effectively; tailors communication well; shows good Role Flexibility across different team contexts.
LTM785983,Ranveer Walia,Executive Vice President,Change Agility,5.0,5,Expert,4.85,96.0,>= 90th Percentile,Expert Change Agility; prototype Experimenter mindset - proactively tests new approaches and learns rapidly from pilots; highly Comfortable with Ambiguity; compelling Visionary who articulates and energises others around a future state; exceptional Stalwart - sustains effectiveness through prolonged transformation; skilled Innovation Manager who helps others navigate change.
LTM785983,Ranveer Walia,Executive Vice President,Results Agility,4.8,5,Expert,4.85,96.0,>= 90th Percentile,Expert Results Agility; demonstrates exceptional Drive - sets highest standards and holds self and others rigorously accountable; commands immediate respect - strong executive Presence; outstanding Resourcefulness in finding paths forward with limited resources; consistently Inspires Others to exceed expectations in first-time situations; maintains exceptional Composure under the most intense pressure.
LTM785983,Ranveer Walia,Executive Vice President,Self-Awareness,5.0,5,Expert,4.85,96.0,>= 90th Percentile,"Expert Self-Awareness; exceptionally Feedback-Oriented - proactively solicits critical feedback from all levels and acts on it rapidly; deep Reflective practice - consistently pauses to extract lessons before reacting; precise Self-Knowledge - highly accurate understanding of own strengths, derailers, and impact; maintains a disciplined Personal Development plan; outstanding Emotional Regulation in high-stakes moments."
LTM472152,Xiti Pandya,Vice President - Finance,Mental Agility,5.0,5,Expert,4.83,96.0,>= 90th Percentile,Expert-level Mental Agility; demonstrates exceptional Inquisitiveness - asks penetrating 'why' and 'what if' questions that reframe problems; functions as a true Broad Scanner with interests spanning multiple unrelated disciplines; masterful Complexity handling; acts as a Connector drawing powerful analogies across domains; effective Improver/Critic who challenges assumptions constructively.
LTM472152,Xiti Pandya,Vice President - Finance,People Agility,4.18,4,Advanced,4.83,96.0,>= 90th Percentile,Advanced People Agility; strong Open-Minded orientation; good People Smart - accurately reads most interpersonal dynamics; navigates organisational politics ethically and effectively; tailors communication well; shows good Role Flexibility across different team contexts.
LTM472152,Xiti Pandya,Vice President - Finance,Change Agility,5.0,5,Expert,4.83,96.0,>= 90th Percentile,Expert Change Agility; prototype Experimenter mindset - proactively tests new approaches and learns rapidly from pilots; highly Comfortable with Ambiguity; compelling Visionary who articulates and energises others around a future state; exceptional Stalwart - sustains effectiveness through prolonged transformation; skilled Innovation Manager who helps others navigate change.
LTM472152,Xiti Pandya,Vice President - Finance,Results Agility,4.95,5,Expert,4.83,96.0,>= 90th Percentile,Expert Results Agility; demonstrates exceptional Drive - sets highest standards and holds self and others rigorously accountable; commands immediate respect - strong executive Presence; outstanding Resourcefulness in finding paths forward with limited resources; consistently Inspires Others to exceed expectations in first-time situations; maintains exceptional Composure under the most intense pressure.
LTM472152,Xiti Pandya,Vice President - Finance,Self-Awareness,5.0,5,Expert,4.83,96.0,>= 90th Percentile,"Expert Self-Awareness; exceptionally Feedback-Oriented - proactively solicits critical feedback from all levels and acts on it rapidly; deep Reflective practice - consistently pauses to extract lessons before reacting; precise Self-Knowledge - highly accurate understanding of own strengths, derailers, and impact; maintains a disciplined Personal Development plan; outstanding Emotional Regulation in high-stakes moments."
LTM109946,Sneha Basak,Senior Account Director,Mental Agility,5.0,5,Expert,4.91,98.0,>= 90th Percentile,Expert-level Mental Agility; demonstrates exceptional Inquisitiveness - asks penetrating 'why' and 'what if' questions that reframe problems; functions as a true Broad Scanner with interests spanning multiple unrelated disciplines; masterful Complexity handling; acts as a Connector drawing powerful analogies across domains; effective Improver/Critic who challenges assumptions constructively.
LTM109946,Sneha Basak,Senior Account Director,People Agility,4.7,5,Expert,4.91,98.0,>= 90th Percentile,Expert People Agility; genuinely Open-Minded - actively seeks perspectives radically unlike their own; exceptional People Smart capability - reads unspoken group dynamics with accuracy; masterful Politically Savvy navigation of complex organisational dynamics; outstanding Communicator who tailors message and medium to every audience; demonstrates exceptional Role Flexibility.
LTM109946,Sneha Basak,Senior Account Director,Change Agility,5.0,5,Expert,4.91,98.0,>= 90th Percentile,Expert Change Agility; prototype Experimenter mindset - proactively tests new approaches and learns rapidly from pilots; highly Comfortable with Ambiguity; compelling Visionary who articulates and energises others around a future state; exceptional Stalwart - sustains effectiveness through prolonged transformation; skilled Innovation Manager who helps others navigate change.
LTM109946,Sneha Basak,Senior Account Director,Results Agility,5.0,5,Expert,4.91,98.0,>= 90th Percentile,Expert Results Agility; demonstrates exceptional Drive - sets highest standards and holds self and others rigorously accountable; commands immediate respect - strong executive Presence; outstanding Resourcefulness in finding paths forward with limited resources; consistently Inspires Others to exceed expectations in first-time situations; maintains exceptional Composure under the most intense pressure.
LTM109946,Sneha Basak,Senior Account Director,Self-Awareness,4.85,5,Expert,4.91,98.0,>= 90th Percentile,"Expert Self-Awareness; exceptionally Feedback-Oriented - proactively solicits critical feedback from all levels and acts on it rapidly; deep Reflective practice - consistently pauses to extract lessons before reacting; precise Self-Knowledge - highly accurate understanding of own strengths, derailers, and impact; maintains a disciplined Personal Development plan; outstanding Emotional Regulation in high-stakes moments."
LTM430007,Adya Sharaf,Executive - Corporate Strategy,Mental Agility,5.0,5,Expert,4.91,98.0,>= 90th Percentile,Expert-level Mental Agility; demonstrates exceptional Inquisitiveness - asks penetrating 'why' and 'what if' questions that reframe problems; functions as a true Broad Scanner with interests spanning multiple unrelated disciplines; masterful Complexity handling; acts as a Connector drawing powerful analogies across domains; effective Improver/Critic who challenges assumptions constructively.
LTM430007,Adya Sharaf,Executive - Corporate Strategy,People Agility,5.0,5,Expert,4.91,98.0,>= 90th Percentile,Expert People Agility; genuinely Open-Minded - actively seeks perspectives radically unlike their own; exceptional People Smart capability - reads unspoken group dynamics with accuracy; masterful Politically Savvy navigation of complex organisational dynamics; outstanding Communicator who tailors message and medium to every audience; demonstrates exceptional Role Flexibility.
LTM430007,Adya Sharaf,Executive - Corporate Strategy,Change Agility,4.57,5,Expert,4.91,98.0,>= 90th Percentile,Expert Change Agility; prototype Experimenter mindset - proactively tests new approaches and learns rapidly from pilots; highly Comfortable with Ambiguity; compelling Visionary who articulates and energises others around a future state; exceptional Stalwart - sustains effectiveness through prolonged transformation; skilled Innovation Manager who helps others navigate change.
LTM430007,Adya Sharaf,Executive - Corporate Strategy,Results Agility,5.0,5,Expert,4.91,98.0,>= 90th Percentile,Expert Results Agility; demonstrates exceptional Drive - sets highest standards and holds self and others rigorously accountable; commands immediate respect - strong executive Presence; outstanding Resourcefulness in finding paths forward with limited resources; consistently Inspires Others to exceed expectations in first-time situations; maintains exceptional Composure under the most intense pressure.
LTM430007,Adya Sharaf,Executive - Corporate Strategy,Self-Awareness,5.0,5,Expert,4.91,98.0,>= 90th Percentile,"Expert Self-Awareness; exceptionally Feedback-Oriented - proactively solicits critical feedback from all levels and acts on it rapidly; deep Reflective practice - consistently pauses to extract lessons before reacting; precise Self-Knowledge - highly accurate understanding of own strengths, derailers, and impact; maintains a disciplined Personal Development plan; outstanding Emotional Regulation in high-stakes moments."
LTM875622,Naksh Sanghvi,Executive - Corporate Strategy,Mental Agility,5.0,5,Expert,4.68,92.0,>= 90th Percentile,Expert-level Mental Agility; demonstrates exceptional Inquisitiveness - asks penetrating 'why' and 'what if' questions that reframe problems; functions as a true Broad Scanner with interests spanning multiple unrelated disciplines; masterful Complexity handling; acts as a Connector drawing powerful analogies across domains; effective Improver/Critic who challenges assumptions constructively.
LTM875622,Naksh Sanghvi,Executive - Corporate Strategy,People Agility,4.38,4,Advanced,4.68,92.0,>= 90th Percentile,Advanced People Agility; strong Open-Minded orientation; good People Smart - accurately reads most interpersonal dynamics; navigates organisational politics ethically and effectively; tailors communication well; shows good Role Flexibility across different team contexts.
LTM875622,Naksh Sanghvi,Executive - Corporate Strategy,Change Agility,4.53,5,Expert,4.68,92.0,>= 90th Percentile,Expert Change Agility; prototype Experimenter mindset - proactively tests new approaches and learns rapidly from pilots; highly Comfortable with Ambiguity; compelling Visionary who articulates and energises others around a future state; exceptional Stalwart - sustains effectiveness through prolonged transformation; skilled Innovation Manager who helps others navigate change.
LTM875622,Naksh Sanghvi,Executive - Corporate Strategy,Results Agility,5.0,5,Expert,4.68,92.0,>= 90th Percentile,Expert Results Agility; demonstrates exceptional Drive - sets highest standards and holds self and others rigorously accountable; commands immediate respect - strong executive Presence; outstanding Resourcefulness in finding paths forward with limited resources; consistently Inspires Others to exceed expectations in first-time situations; maintains exceptional Composure under the most intense pressure.
LTM875622,Naksh Sanghvi,Executive - Corporate Strategy,Self-Awareness,4.49,4,Advanced,4.68,92.0,>= 90th Percentile,Advanced Self-Awareness; actively seeks and acts on feedback; demonstrates strong Reflective behaviour; generally accurate Self-Knowledge with minor blind spots; follows a consistent Personal Development plan; manages emotional responses well in most high-pressure situations.
LTM792701,Sathvik Mann,Specialist - Corporate Strategy,Mental Agility,4.55,5,Expert,4.61,90.0,>= 90th Percentile,Expert-level Mental Agility; demonstrates exceptional Inquisitiveness - asks penetrating 'why' and 'what if' questions that reframe problems; functions as a true Broad Scanner with interests spanning multiple unrelated disciplines; masterful Complexity handling; acts as a Connector drawing powerful analogies across domains; effective Improver/Critic who challenges assumptions constructively.
LTM792701,Sathvik Mann,Specialist - Corporate Strategy,People Agility,5.0,5,Expert,4.61,90.0,>= 90th Percentile,Expert People Agility; genuinely Open-Minded - actively seeks perspectives radically unlike their own; exceptional People Smart capability - reads unspoken group dynamics with accuracy; masterful Politically Savvy navigation of complex organisational dynamics; outstanding Communicator who tailors message and medium to every audience; demonstrates exceptional Role Flexibility.
LTM792701,Sathvik Mann,Specialist - Corporate Strategy,Change Agility,5.0,5,Expert,4.61,90.0,>= 90th Percentile,Expert Change Agility; prototype Experimenter mindset - proactively tests new approaches and learns rapidly from pilots; highly Comfortable with Ambiguity; compelling Visionary who articulates and energises others around a future state; exceptional Stalwart - sustains effectiveness through prolonged transformation; skilled Innovation Manager who helps others navigate change.
LTM792701,Sathvik Mann,Specialist - Corporate Strategy,Results Agility,3.65,4,Advanced,4.61,90.0,>= 90th Percentile,Advanced Results Agility; strong Drive with high self-accountability; solid executive Presence that builds confidence; demonstrates good Resourcefulness; effectively Inspires Others to high performance; maintains Composure well in most high-pressure situations.
LTM792701,Sathvik Mann,Specialist - Corporate Strategy,Self-Awareness,4.87,5,Expert,4.61,90.0,>= 90th Percentile,"Expert Self-Awareness; exceptionally Feedback-Oriented - proactively solicits critical feedback from all levels and acts on it rapidly; deep Reflective practice - consistently pauses to extract lessons before reacting; precise Self-Knowledge - highly accurate understanding of own strengths, derailers, and impact; maintains a disciplined Personal Development plan; outstanding Emotional Regulation in high-stakes moments."
LTM610576,Tanmayi Bail,Specialist - Corporate Strategy,Mental Agility,4.75,5,Expert,4.87,97.0,>= 90th Percentile,Expert-level Mental Agility; demonstrates exceptional Inquisitiveness - asks penetrating 'why' and 'what if' questions that reframe problems; functions as a true Broad Scanner with interests spanning multiple unrelated disciplines; masterful Complexity handling; acts as a Connector drawing powerful analogies across domains; effective Improver/Critic who challenges assumptions constructively.
LTM610576,Tanmayi Bail,Specialist - Corporate Strategy,People Agility,5.0,5,Expert,4.87,97.0,>= 90th Percentile,Expert People Agility; genuinely Open-Minded - actively seeks perspectives radically unlike their own; exceptional People Smart capability - reads unspoken group dynamics with accuracy; masterful Politically Savvy navigation of complex organisational dynamics; outstanding Communicator who tailors message and medium to every audience; demonstrates exceptional Role Flexibility.
LTM610576,Tanmayi Bail,Specialist - Corporate Strategy,Change Agility,5.0,5,Expert,4.87,97.0,>= 90th Percentile,Expert Change Agility; prototype Experimenter mindset - proactively tests new approaches and learns rapidly from pilots; highly Comfortable with Ambiguity; compelling Visionary who articulates and energises others around a future state; exceptional Stalwart - sustains effectiveness through prolonged transformation; skilled Innovation Manager who helps others navigate change.
LTM610576,Tanmayi Bail,Specialist - Corporate Strategy,Results Agility,5.0,5,Expert,4.87,97.0,>= 90th Percentile,Expert Results Agility; demonstrates exceptional Drive - sets highest standards and holds self and others rigorously accountable; commands immediate respect - strong executive Presence; outstanding Resourcefulness in finding paths forward with limited resources; consistently Inspires Others to exceed expectations in first-time situations; maintains exceptional Composure under the most intense pressure.
LTM610576,Tanmayi Bail,Specialist - Corporate Strategy,Self-Awareness,4.62,5,Expert,4.87,97.0,>= 90th Percentile,"Expert Self-Awareness; exceptionally Feedback-Oriented - proactively solicits critical feedback from all levels and acts on it rapidly; deep Reflective practice - consistently pauses to extract lessons before reacting; precise Self-Knowledge - highly accurate understanding of own strengths, derailers, and impact; maintains a disciplined Personal Development plan; outstanding Emotional Regulation in high-stakes moments."
LTM955728,Frederick Sharma,Principal Director - HR Transformation,Mental Agility,4.99,5,Expert,5.0,100.0,>= 90th Percentile,Expert-level Mental Agility; demonstrates exceptional Inquisitiveness - asks penetrating 'why' and 'what if' questions that reframe problems; functions as a true Broad Scanner with interests spanning multiple unrelated disciplines; masterful Complexity handling; acts as a Connector drawing powerful analogies across domains; effective Improver/Critic who challenges assumptions constructively.
LTM955728,Frederick Sharma,Principal Director - HR Transformation,People Agility,5.0,5,Expert,5.0,100.0,>= 90th Percentile,Expert People Agility; genuinely Open-Minded - actively seeks perspectives radically unlike their own; exceptional People Smart capability - reads unspoken group dynamics with accuracy; masterful Politically Savvy navigation of complex organisational dynamics; outstanding Communicator who tailors message and medium to every audience; demonstrates exceptional Role Flexibility.
LTM955728,Frederick Sharma,Principal Director - HR Transformation,Change Agility,5.0,5,Expert,5.0,100.0,>= 90th Percentile,Expert Change Agility; prototype Experimenter mindset - proactively tests new approaches and learns rapidly from pilots; highly Comfortable with Ambiguity; compelling Visionary who articulates and energises others around a future state; exceptional Stalwart - sustains effectiveness through prolonged transformation; skilled Innovation Manager who helps others navigate change.
LTM955728,Frederick Sharma,Principal Director - HR Transformation,Results Agility,5.0,5,Expert,5.0,100.0,>= 90th Percentile,Expert Results Agility; demonstrates exceptional Drive - sets highest standards and holds self and others rigorously accountable; commands immediate respect - strong executive Presence; outstanding Resourcefulness in finding paths forward with limited resources; consistently Inspires Others to exceed expectations in first-time situations; maintains exceptional Composure under the most intense pressure.
LTM955728,Frederick Sharma,Principal Director - HR Transformation,Self-Awareness,5.0,5,Expert,5.0,100.0,>= 90th Percentile,"Expert Self-Awareness; exceptionally Feedback-Oriented - proactively solicits critical feedback from all levels and acts on it rapidly; deep Reflective practice - consistently pauses to extract lessons before reacting; precise Self-Knowledge - highly accurate understanding of own strengths, derailers, and impact; maintains a disciplined Personal Development plan; outstanding Emotional Regulation in high-stakes moments."
LTM850363,Chanchal Sarkar,Specialist - Corporate Strategy,Mental Agility,5.0,5,Expert,4.94,99.0,>= 90th Percentile,Expert-level Mental Agility; demonstrates exceptional Inquisitiveness - asks penetrating 'why' and 'what if' questions that reframe problems; functions as a true Broad Scanner with interests spanning multiple unrelated disciplines; masterful Complexity handling; acts as a Connector drawing powerful analogies across domains; effective Improver/Critic who challenges assumptions constructively.
LTM850363,Chanchal Sarkar,Specialist - Corporate Strategy,People Agility,5.0,5,Expert,4.94,99.0,>= 90th Percentile,Expert People Agility; genuinely Open-Minded - actively seeks perspectives radically unlike their own; exceptional People Smart capability - reads unspoken group dynamics with accuracy; masterful Politically Savvy navigation of complex organisational dynamics; outstanding Communicator who tailors message and medium to every audience; demonstrates exceptional Role Flexibility.
LTM850363,Chanchal Sarkar,Specialist - Corporate Strategy,Change Agility,4.81,5,Expert,4.94,99.0,>= 90th Percentile,Expert Change Agility; prototype Experimenter mindset - proactively tests new approaches and learns rapidly from pilots; highly Comfortable with Ambiguity; compelling Visionary who articulates and energises others around a future state; exceptional Stalwart - sustains effectiveness through prolonged transformation; skilled Innovation Manager who helps others navigate change.
LTM850363,Chanchal Sarkar,Specialist - Corporate Strategy,Results Agility,5.0,5,Expert,4.94,99.0,>= 90th Percentile,Expert Results Agility; demonstrates exceptional Drive - sets highest standards and holds self and others rigorously accountable; commands immediate respect - strong executive Presence; outstanding Resourcefulness in finding paths forward with limited resources; consistently Inspires Others to exceed expectations in first-time situations; maintains exceptional Composure under the most intense pressure.
LTM850363,Chanchal Sarkar,Specialist - Corporate Strategy,Self-Awareness,4.87,5,Expert,4.94,99.0,>= 90th Percentile,"Expert Self-Awareness; exceptionally Feedback-Oriented - proactively solicits critical feedback from all levels and acts on it rapidly; deep Reflective practice - consistently pauses to extract lessons before reacting; precise Self-Knowledge - highly accurate understanding of own strengths, derailers, and impact; maintains a disciplined Personal Development plan; outstanding Emotional Regulation in high-stakes moments."
LTM597717,Keya Sarin,Vice President - Finance,Mental Agility,4.76,5,Expert,4.84,96.0,>= 90th Percentile,Expert-level Mental Agility; demonstrates exceptional Inquisitiveness - asks penetrating 'why' and 'what if' questions that reframe problems; functions as a true Broad Scanner with interests spanning multiple unrelated disciplines; masterful Complexity handling; acts as a Connector drawing powerful analogies across domains; effective Improver/Critic who challenges assumptions constructively.
LTM597717,Keya Sarin,Vice President - Finance,People Agility,4.44,4,Advanced,4.84,96.0,>= 90th Percentile,Advanced People Agility; strong Open-Minded orientation; good People Smart - accurately reads most interpersonal dynamics; navigates organisational politics ethically and effectively; tailors communication well; shows good Role Flexibility across different team contexts.
LTM597717,Keya Sarin,Vice President - Finance,Change Agility,5.0,5,Expert,4.84,96.0,>= 90th Percentile,Expert Change Agility; prototype Experimenter mindset - proactively tests new approaches and learns rapidly from pilots; highly Comfortable with Ambiguity; compelling Visionary who articulates and energises others around a future state; exceptional Stalwart - sustains effectiveness through prolonged transformation; skilled Innovation Manager who helps others navigate change.
LTM597717,Keya Sarin,Vice President - Finance,Results Agility,5.0,5,Expert,4.84,96.0,>= 90th Percentile,Expert Results Agility; demonstrates exceptional Drive - sets highest standards and holds self and others rigorously accountable; commands immediate respect - strong executive Presence; outstanding Resourcefulness in finding paths forward with limited resources; consistently Inspires Others to exceed expectations in first-time situations; maintains exceptional Composure under the most intense pressure.
LTM597717,Keya Sarin,Vice President - Finance,Self-Awareness,5.0,5,Expert,4.84,96.0,>= 90th Percentile,"Expert Self-Awareness; exceptionally Feedback-Oriented - proactively solicits critical feedback from all levels and acts on it rapidly; deep Reflective practice - consistently pauses to extract lessons before reacting; precise Self-Knowledge - highly accurate understanding of own strengths, derailers, and impact; maintains a disciplined Personal Development plan; outstanding Emotional Regulation in high-stakes moments."
LTM011814,Zaitra Brar,Senior Executive - Secretarial,Mental Agility,3.7,4,Advanced,4.7,93.0,>= 90th Percentile,Advanced Mental Agility; strong Inquisitiveness and Broad Scanning behaviour; handles complexity well; makes useful connections across disciplines; challenges existing approaches constructively; solid critical and creative problem-solving capability.
LTM011814,Zaitra Brar,Senior Executive - Secretarial,People Agility,5.0,5,Expert,4.7,93.0,>= 90th Percentile,Expert People Agility; genuinely Open-Minded - actively seeks perspectives radically unlike their own; exceptional People Smart capability - reads unspoken group dynamics with accuracy; masterful Politically Savvy navigation of complex organisational dynamics; outstanding Communicator who tailors message and medium to every audience; demonstrates exceptional Role Flexibility.
LTM011814,Zaitra Brar,Senior Executive - Secretarial,Change Agility,4.82,5,Expert,4.7,93.0,>= 90th Percentile,Expert Change Agility; prototype Experimenter mindset - proactively tests new approaches and learns rapidly from pilots; highly Comfortable with Ambiguity; compelling Visionary who articulates and energises others around a future state; exceptional Stalwart - sustains effectiveness through prolonged transformation; skilled Innovation Manager who helps others navigate change.
LTM011814,Zaitra Brar,Senior Executive - Secretarial,Results Agility,5.0,5,Expert,4.7,93.0,>= 90th Percentile,Expert Results Agility; demonstrates exceptional Drive - sets highest standards and holds self and others rigorously accountable; commands immediate respect - strong executive Presence; outstanding Resourcefulness in finding paths forward with limited resources; consistently Inspires Others to exceed expectations in first-time situations; maintains exceptional Composure under the most intense pressure.
LTM011814,Zaitra Brar,Senior Executive - Secretarial,Self-Awareness,5.0,5,Expert,4.7,93.0,>= 90th Percentile,"Expert Self-Awareness; exceptionally Feedback-Oriented - proactively solicits critical feedback from all levels and acts on it rapidly; deep Reflective practice - consistently pauses to extract lessons before reacting; precise Self-Knowledge - highly accurate understanding of own strengths, derailers, and impact; maintains a disciplined Personal Development plan; outstanding Emotional Regulation in high-stakes moments."
LTM578630,Nilima Nori,Vice President - Advisory,Mental Agility,4.74,5,Expert,4.48,87.0,75th-89th Percentile,Expert-level Mental Agility; demonstrates exceptional Inquisitiveness - asks penetrating 'why' and 'what if' questions that reframe problems; functions as a true Broad Scanner with interests spanning multiple unrelated disciplines; masterful Complexity handling; acts as a Connector drawing powerful analogies across domains; effective Improver/Critic who challenges assumptions constructively.
LTM578630,Nilima Nori,Vice President - Advisory,People Agility,4.12,4,Advanced,4.48,87.0,75th-89th Percentile,Advanced People Agility; strong Open-Minded orientation; good People Smart - accurately reads most interpersonal dynamics; navigates organisational politics ethically and effectively; tailors communication well; shows good Role Flexibility across different team contexts.
LTM578630,Nilima Nori,Vice President - Advisory,Change Agility,4.9,5,Expert,4.48,87.0,75th-89th Percentile,Expert Change Agility; prototype Experimenter mindset - proactively tests new approaches and learns rapidly from pilots; highly Comfortable with Ambiguity; compelling Visionary who articulates and energises others around a future state; exceptional Stalwart - sustains effectiveness through prolonged transformation; skilled Innovation Manager who helps others navigate change.
LTM578630,Nilima Nori,Vice President - Advisory,Results Agility,4.44,4,Advanced,4.48,87.0,75th-89th Percentile,Advanced Results Agility; strong Drive with high self-accountability; solid executive Presence that builds confidence; demonstrates good Resourcefulness; effectively Inspires Others to high performance; maintains Composure well in most high-pressure situations.
LTM578630,Nilima Nori,Vice President - Advisory,Self-Awareness,4.2,4,Advanced,4.48,87.0,75th-89th Percentile,Advanced Self-Awareness; actively seeks and acts on feedback; demonstrates strong Reflective behaviour; generally accurate Self-Knowledge with minor blind spots; follows a consistent Personal Development plan; manages emotional responses well in most high-pressure situations.
LTM883425,Osha Ganguly,CEO,Mental Agility,5.0,5,Expert,4.61,90.0,>= 90th Percentile,Expert-level Mental Agility; demonstrates exceptional Inquisitiveness - asks penetrating 'why' and 'what if' questions that reframe problems; functions as a true Broad Scanner with interests spanning multiple unrelated disciplines; masterful Complexity handling; acts as a Connector drawing powerful analogies across domains; effective Improver/Critic who challenges assumptions constructively.
LTM883425,Osha Ganguly,CEO,People Agility,4.57,5,Expert,4.61,90.0,>= 90th Percentile,Expert People Agility; genuinely Open-Minded - actively seeks perspectives radically unlike their own; exceptional People Smart capability - reads unspoken group dynamics with accuracy; masterful Politically Savvy navigation of complex organisational dynamics; outstanding Communicator who tailors message and medium to every audience; demonstrates exceptional Role Flexibility.
LTM883425,Osha Ganguly,CEO,Change Agility,3.93,4,Advanced,4.61,90.0,>= 90th Percentile,Advanced Change Agility; demonstrates strong Experimenter orientation; comfortable with ambiguity in most situations; articulates a clear and motivating vision of change; sustains performance during significant transitions; helps team members adapt to change effectively.
LTM883425,Osha Ganguly,CEO,Results Agility,4.57,5,Expert,4.61,90.0,>= 90th Percentile,Expert Results Agility; demonstrates exceptional Drive - sets highest standards and holds self and others rigorously accountable; commands immediate respect - strong executive Presence; outstanding Resourcefulness in finding paths forward with limited resources; consistently Inspires Others to exceed expectations in first-time situations; maintains exceptional Composure under the most intense pressure.
LTM883425,Osha Ganguly,CEO,Self-Awareness,5.0,5,Expert,4.61,90.0,>= 90th Percentile,"Expert Self-Awareness; exceptionally Feedback-Oriented - proactively solicits critical feedback from all levels and acts on it rapidly; deep Reflective practice - consistently pauses to extract lessons before reacting; precise Self-Knowledge - highly accurate understanding of own strengths, derailers, and impact; maintains a disciplined Personal Development plan; outstanding Emotional Regulation in high-stakes moments."
LTM667949,Yashodhara Comar,Principal Director - Business Development,Mental Agility,5.0,5,Expert,4.44,86.0,75th-89th Percentile,Expert-level Mental Agility; demonstrates exceptional Inquisitiveness - asks penetrating 'why' and 'what if' questions that reframe problems; functions as a true Broad Scanner with interests spanning multiple unrelated disciplines; masterful Complexity handling; acts as a Connector drawing powerful analogies across domains; effective Improver/Critic who challenges assumptions constructively.
LTM667949,Yashodhara Comar,Principal Director - Business Development,People Agility,4.56,5,Expert,4.44,86.0,75th-89th Percentile,Expert People Agility; genuinely Open-Minded - actively seeks perspectives radically unlike their own; exceptional People Smart capability - reads unspoken group dynamics with accuracy; masterful Politically Savvy navigation of complex organisational dynamics; outstanding Communicator who tailors message and medium to every audience; demonstrates exceptional Role Flexibility.
LTM667949,Yashodhara Comar,Principal Director - Business Development,Change Agility,4.1,4,Advanced,4.44,86.0,75th-89th Percentile,Advanced Change Agility; demonstrates strong Experimenter orientation; comfortable with ambiguity in most situations; articulates a clear and motivating vision of change; sustains performance during significant transitions; helps team members adapt to change effectively.
LTM667949,Yashodhara Comar,Principal Director - Business Development,Results Agility,3.89,4,Advanced,4.44,86.0,75th-89th Percentile,Advanced Results Agility; strong Drive with high self-accountability; solid executive Presence that builds confidence; demonstrates good Resourcefulness; effectively Inspires Others to high performance; maintains Composure well in most high-pressure situations.
LTM667949,Yashodhara Comar,Principal Director - Business Development,Self-Awareness,4.63,5,Expert,4.44,86.0,75th-89th Percentile,"Expert Self-Awareness; exceptionally Feedback-Oriented - proactively solicits critical feedback from all levels and acts on it rapidly; deep Reflective practice - consistently pauses to extract lessons before reacting; precise Self-Knowledge - highly accurate understanding of own strengths, derailers, and impact; maintains a disciplined Personal Development plan; outstanding Emotional Regulation in high-stakes moments."
